profile_label,quantity,depth_low_mm,depth_high_mm,depth_mm,expected_count_run,expected_count_per_proton,expected_count_per_Gy
C11,production_nuclei,0.0,2.0,1.0,15.874322962121129,1.5874322962121128e-05,1587.4322962121128
C11,production_nuclei,2.0,4.0,3.0,15.907797329095214,1.5907797329095213e-05,1590.7797329095213
C11,production_nuclei,4.0,6.0,5.0,15.943495525558873,1.5943495525558872e-05,1594.3495525558874
C11,production_nuclei,6.0,8.0,7.0,15.98118894820087,1.598118894820087e-05,1598.118894820087
C11,production_nuclei,8.0,10.0,9.0,16.020872648800186,1.6020872648800184e-05,1602.0872648800184
C11,production_nuclei,10.0,12.0,11.0,16.062661899333836,1.6062661899333835e-05,1606.2661899333837
C11,production_nuclei,12.0,14.0,13.0,16.10675105012007,1.610675105012007e-05,1610.675105012007
C11,production_nuclei,14.0,16.0,15.0,16.153464977852895,1.6153464977852895e-05,1615.3464977852896
C11,production_nuclei,16.0,18.0,17.0,16.2034045020037,1.62034045020037e-05,1620.34045020037
C11,production_nuclei,18.0,20.0,19.0,16.25764130210271,1.6257641302102707e-05,1625.7641302102709
C11,production_nuclei,20.0,22.0,21.0,16.317854562484882,1.6317854562484883e-05,1631.7854562484881
C11,production_nuclei,22.0,24.0,23.0,16.38625254829924,1.638625254829924e-05,1638.625254829924
C11,production_nuclei,24.0,26.0,25.0,16.46513778824066,1.6465137788240662e-05,1646.513778824066
C11,production_nuclei,26.0,28.0,27.0,16.556090967723282,1.6556090967723282e-05,1655.6090967723283
C11,production_nuclei,28.0,30.0,29.0,16.65896035918966,1.665896035918966e-05,1665.896035918966
C11,production_nuclei,30.0,32.0,31.0,16.771082310065324,1.6771082310065325e-05,1677.1082310065324
C11,production_nuclei,32.0,34.0,33.0,16.88729131812802,1.688729131812802e-05,1688.729131812802
C11,production_nuclei,34.0,36.0,35.0,17.001152429255526,1.7001152429255526e-05,1700.1152429255526
C11,production_nuclei,36.0,38.0,37.0,17.107378246335813,1.7107378246335814e-05,1710.7378246335813
C11,production_nuclei,38.0,40.0,39.0,17.204662400159876,1.7204662400159876e-05,1720.4662400159875
C11,production_nuclei,40.0,42.0,41.0,17.297510883073052,1.7297510883073053e-05,1729.751088307305
C11,production_nuclei,42.0,44.0,43.0,17.395617900694653,1.7395617900694653e-05,1739.5617900694651
C11,production_nuclei,44.0,46.0,45.0,17.510306648846417,1.7510306648846415e-05,1751.0306648846415
C11,production_nuclei,46.0,48.0,47.0,17.649309475106527,1.7649309475106528e-05,1764.9309475106527
C11,production_nuclei,48.0,50.0,49.0,17.812659872833443,1.7812659872833443e-05,1781.2659872833442
C11,production_nuclei,50.0,52.0,51.0,17.992372027092163,1.7992372027092163e-05,1799.2372027092163
C11,production_nuclei,52.0,54.0,53.0,18.1764018591298,1.81764018591298e-05,1817.64018591298
C11,production_nuclei,54.0,56.0,55.0,18.354397516215325,1.8354397516215326e-05,1835.4397516215324
C11,production_nuclei,56.0,58.0,57.0,18.521420856829035,1.8521420856829036e-05,1852.1420856829036
C11,production_nuclei,58.0,60.0,59.0,18.677587879011032,1.8677587879011033e-05,1867.7587879011032
C11,production_nuclei,60.0,62.0,61.0,18.825103890365405,1.8825103890365407e-05,1882.5103890365403
C11,production_nuclei,62.0,64.0,63.0,18.966390738636825,1.8966390738636824e-05,1896.6390738636824
C11,production_nuclei,64.0,66.0,65.0,19.105957772298492,1.910595777229849e-05,1910.595777229849
C11,production_nuclei,66.0,68.0,67.0,19.255002966268027,1.9255002966268027e-05,1925.5002966268025
C11,production_nuclei,68.0,70.0,69.0,19.43407997217387,1.943407997217387e-05,1943.4079972173868
C11,production_nuclei,70.0,72.0,71.0,19.66875465649354,1.966875465649354e-05,1966.875465649354
C11,production_nuclei,72.0,74.0,73.0,19.977680177988415,1.9977680177988414e-05,1997.7680177988414
C11,production_nuclei,74.0,76.0,75.0,20.35968093446526,2.035968093446526e-05,2035.968093446526
C11,production_nuclei,76.0,78.0,77.0,20.79023448854479,2.079023448854479e-05,2079.023448854479
C11,production_nuclei,78.0,80.0,79.0,21.23279170809641,2.123279170809641e-05,2123.279170809641
C11,production_nuclei,80.0,82.0,81.0,21.658254167059418,2.1658254167059417e-05,2165.8254167059417
C11,production_nuclei,82.0,84.0,83.0,22.05711885204054,2.205711885204054e-05,2205.711885204054
C11,production_nuclei,84.0,86.0,85.0,22.43336636215065,2.243336636215065e-05,2243.336636215065
C11,production_nuclei,86.0,88.0,87.0,22.782477710159295,2.2782477710159295e-05,2278.2477710159296
C11,production_nuclei,88.0,90.0,89.0,23.06294353754606,2.306294353754606e-05,2306.294353754606
C11,production_nuclei,90.0,92.0,91.0,23.169694823622976,2.3169694823622976e-05,2316.9694823622976
C11,production_nuclei,92.0,94.0,93.0,22.921820413575293,2.2921820413575295e-05,2292.182041357529
C11,production_nuclei,94.0,96.0,95.0,22.086111870166913,2.2086111870166913e-05,2208.6111870166915
C11,production_nuclei,96.0,98.0,97.0,20.458190892229492,2.0458190892229493e-05,2045.8190892229493
C11,production_nuclei,98.0,100.0,99.0,17.9826158982558,1.79826158982558e-05,1798.2615898255801
C11,production_nuclei,100.0,102.0,101.0,14.783690180562688,1.4783690180562689e-05,1478.3690180562687
C11,production_nuclei,102.0,104.0,103.0,10.99256189822809,1.099256189822809e-05,1099.256189822809
C11,production_nuclei,104.0,106.0,105.0,6.73739877090787,6.73739877090787e-06,673.739877090787
C11,production_nuclei,106.0,108.0,107.0,2.901867571172858,2.901867571172858e-06,290.1867571172858
C11,production_nuclei,108.0,110.0,109.0,0.7290995987218628,7.290995987218628e-07,72.90995987218628
C11,production_nuclei,110.0,112.0,111.0,0.02101053045968284,2.101053045968284e-08,2.101053045968284
C11,production_nuclei,112.0,114.0,113.0,0.0,0.0,0.0
C11,production_nuclei,114.0,116.0,115.0,0.0,0.0,0.0
C11,production_nuclei,116.0,118.0,117.0,0.0,0.0,0.0
C11,production_nuclei,118.0,120.0,119.0,0.0,0.0,0.0
C11,production_nuclei,120.0,122.0,121.0,0.0,0.0,0.0
O15,production_nuclei,0.0,2.0,1.0,28.156017817434726,2.8156017817434725e-05,2815.6017817434727
O15,production_nuclei,2.0,4.0,3.0,28.22938157288864,2.8229381572888643e-05,2822.938157288864
O15,production_nuclei,4.0,6.0,5.0,28.304310039238146,2.8304310039238147e-05,2830.4310039238144
O15,production_nuclei,6.0,8.0,7.0,28.38156818681653,2.838156818681653e-05,2838.156818681653
O15,production_nuclei,8.0,10.0,9.0,28.462779037744536,2.8462779037744537e-05,2846.2779037744535
O15,production_nuclei,10.0,12.0,11.0,28.550102214552695,2.8550102214552695e-05,2855.0102214552694
O15,production_nuclei,12.0,14.0,13.0,28.646032532673217,2.8646032532673217e-05,2864.6032532673216
O15,production_nuclei,14.0,16.0,15.0,28.753281590430667,2.8753281590430668e-05,2875.3281590430665
O15,production_nuclei,16.0,18.0,17.0,28.874668685511054,2.8874668685511054e-05,2887.466868551105
O15,production_nuclei,18.0,20.0,19.0,29.012984865565528,2.9012984865565528e-05,2901.2984865565527
O15,production_nuclei,20.0,22.0,21.0,29.17086073406528,2.917086073406528e-05,2917.0860734065277
O15,production_nuclei,22.0,24.0,23.0,29.35067433871729,2.935067433871729e-05,2935.067433871729
O15,production_nuclei,24.0,26.0,25.0,29.55443414713452,2.9554434147134518e-05,2955.4434147134516
O15,production_nuclei,26.0,28.0,27.0,29.783466648181065,2.9783466648181064e-05,2978.3466648181065
O15,production_nuclei,28.0,30.0,29.0,30.03780448077525,3.003780448077525e-05,3003.780448077525
O15,production_nuclei,30.0,32.0,31.0,30.315424353022774,3.0315424353022773e-05,3031.542435302277
O15,production_nuclei,32.0,34.0,33.0,30.611702290407067,3.0611702290407065e-05,3061.1702290407065
O15,production_nuclei,34.0,36.0,35.0,30.9194216258018,3.09194216258018e-05,3091.9421625801797
O15,production_nuclei,36.0,38.0,37.0,31.229421186072052,3.122942118607205e-05,3122.942118607205
O15,production_nuclei,38.0,40.0,39.0,31.531697598173658,3.153169759817366e-05,3153.1697598173655
O15,production_nuclei,40.0,42.0,41.0,31.816618486454537,3.181661848645454e-05,3181.6618486454536
O15,production_nuclei,42.0,44.0,43.0,32.075948317660995,3.2075948317661e-05,3207.5948317660996
O15,production_nuclei,44.0,46.0,45.0,32.303645325019744,3.2303645325019745e-05,3230.3645325019743
O15,production_nuclei,46.0,48.0,47.0,32.49661156595157,3.249661156595157e-05,3249.6611565951566
O15,production_nuclei,48.0,50.0,49.0,32.65541354240905,3.265541354240905e-05,3265.541354240905
O15,production_nuclei,50.0,52.0,51.0,32.78453896396441,3.278453896396441e-05,3278.4538963964405
O15,production_nuclei,52.0,54.0,53.0,32.891638303293476,3.2891638303293475e-05,3289.1638303293475
O15,production_nuclei,54.0,56.0,55.0,32.985709988421334,3.2985709988421336e-05,3298.570998842133
O15,production_nuclei,56.0,58.0,57.0,33.07475921167113,3.3074759211671126e-05,3307.475921167113
O15,production_nuclei,58.0,60.0,59.0,33.16349646528817,3.316349646528817e-05,3316.3496465288167
O15,production_nuclei,60.0,62.0,61.0,33.25156520598391,3.325156520598391e-05,3325.1565205983907
O15,production_nuclei,62.0,64.0,63.0,33.333275587178505,3.3333275587178506e-05,3333.3275587178505
O15,production_nuclei,64.0,66.0,65.0,33.40004217929129,3.340004217929129e-05,3340.004217929129
O15,production_nuclei,66.0,68.0,67.0,33.44520121188932,3.344520121188932e-05,3344.520121188932
O15,production_nuclei,68.0,70.0,69.0,33.468553330138725,3.3468553330138726e-05,3346.8553330138725
O15,production_nuclei,70.0,72.0,71.0,33.477685770432714,3.3477685770432714e-05,3347.7685770432713
O15,production_nuclei,72.0,74.0,73.0,33.48554866991384,3.348554866991384e-05,3348.5548669913837
O15,production_nuclei,74.0,76.0,75.0,33.50669159161272,3.350669159161272e-05,3350.669159161272
O15,production_nuclei,76.0,78.0,77.0,33.55562492323921,3.355562492323921e-05,3355.5624923239207
O15,production_nuclei,78.0,80.0,79.0,33.64874531490175,3.3648745314901756e-05,3364.8745314901753
O15,production_nuclei,80.0,82.0,81.0,33.80725860190472,3.380725860190472e-05,3380.725860190472
O15,production_nuclei,82.0,84.0,83.0,34.055888048380254,3.405588804838025e-05,3405.588804838025
O15,production_nuclei,84.0,86.0,85.0,34.41383593598807,3.441383593598807e-05,3441.383593598807
O15,production_nuclei,86.0,88.0,87.0,34.88077932120833,3.4880779321208327e-05,3488.077932120833
O15,production_nuclei,88.0,90.0,89.0,35.4252072175015,3.54252072175015e-05,3542.52072175015
O15,production_nuclei,90.0,92.0,91.0,35.97914489323691,3.59791448932369e-05,3597.9144893236908
O15,production_nuclei,92.0,94.0,93.0,36.44434101599755,3.644434101599755e-05,3644.434101599755
O15,production_nuclei,94.0,96.0,95.0,36.721990473768926,3.6721990473768924e-05,3672.1990473768924
O15,production_nuclei,96.0,98.0,97.0,36.75968027340672,3.675968027340672e-05,3675.968027340672
O15,production_nuclei,98.0,100.0,99.0,36.57067622751783,3.657067622751783e-05,3657.067622751783
O15,production_nuclei,100.0,102.0,101.0,36.11072134023753,3.611072134023753e-05,3611.0721340237533
O15,production_nuclei,102.0,104.0,103.0,34.743745556110355,3.4743745556110354e-05,3474.3745556110352
O15,production_nuclei,104.0,106.0,105.0,30.300798194804763,3.030079819480476e-05,3030.079819480476
O15,production_nuclei,106.0,108.0,107.0,20.279383819891763,2.0279383819891763e-05,2027.9383819891762
O15,production_nuclei,108.0,110.0,109.0,7.893937365282155,7.893937365282154e-06,789.3937365282155
O15,production_nuclei,110.0,112.0,111.0,0.6907339072425057,6.907339072425057e-07,69.07339072425057
O15,production_nuclei,112.0,114.0,113.0,0.0,0.0,0.0
O15,production_nuclei,114.0,116.0,115.0,0.0,0.0,0.0
O15,production_nuclei,116.0,118.0,117.0,0.0,0.0,0.0
O15,production_nuclei,118.0,120.0,119.0,0.0,0.0,0.0
O15,production_nuclei,120.0,122.0,121.0,0.0,0.0,0.0
N13,production_nuclei,0.0,2.0,1.0,3.50323049403548,3.5032304940354797e-06,350.323049403548
N13,production_nuclei,2.0,4.0,3.0,3.5086883633842607,3.5086883633842605e-06,350.86883633842604
N13,production_nuclei,4.0,6.0,5.0,3.5135170326586973,3.513517032658697e-06,351.35170326586973
N13,production_nuclei,6.0,8.0,7.0,3.5174807087554294,3.5174807087554294e-06,351.7480708755429
N13,production_nuclei,8.0,10.0,9.0,3.5203862776945236,3.5203862776945237e-06,352.0386277694524
N13,production_nuclei,10.0,12.0,11.0,3.522063160685861,3.5220631606858607e-06,352.2063160685861
N13,production_nuclei,12.0,14.0,13.0,3.5223518135406193,3.522351813540619e-06,352.2351813540619
N13,production_nuclei,14.0,16.0,15.0,3.521102884641349,3.521102884641349e-06,352.1102884641349
N13,production_nuclei,16.0,18.0,17.0,3.5182017144732436,3.5182017144732438e-06,351.82017144732436
N13,production_nuclei,18.0,20.0,19.0,3.513635691809444,3.513635691809444e-06,351.36356918094435
N13,production_nuclei,20.0,22.0,21.0,3.5075976999662735,3.5075976999662735e-06,350.7597699966273
N13,production_nuclei,22.0,24.0,23.0,3.5005779606954914,3.5005779606954916e-06,350.0577960695491
N13,production_nuclei,24.0,26.0,25.0,3.493373180674794,3.493373180674794e-06,349.3373180674794
N13,production_nuclei,26.0,28.0,27.0,3.4869636835093356,3.4869636835093356e-06,348.69636835093354
N13,production_nuclei,28.0,30.0,29.0,3.4822720405837435,3.4822720405837437e-06,348.22720405837435
N13,production_nuclei,30.0,32.0,31.0,3.4798864710674984,3.4798864710674984e-06,347.98864710674985
N13,production_nuclei,32.0,34.0,33.0,3.4798654101664255,3.4798654101664255e-06,347.98654101664255
N13,production_nuclei,34.0,36.0,35.0,3.481709140038599,3.481709140038599e-06,348.1709140038599
N13,production_nuclei,36.0,38.0,37.0,3.4845036236563085,3.4845036236563086e-06,348.45036236563084
N13,production_nuclei,38.0,40.0,39.0,3.4871638809681236,3.4871638809681236e-06,348.71638809681235
N13,production_nuclei,40.0,42.0,41.0,3.4886807177394856,3.4886807177394856e-06,348.86807177394854
N13,production_nuclei,42.0,44.0,43.0,3.4883077535970224,3.4883077535970225e-06,348.8307753597022
N13,production_nuclei,44.0,46.0,45.0,3.4856742942402534,3.4856742942402533e-06,348.56742942402536
N13,production_nuclei,46.0,48.0,47.0,3.480836913960098,3.480836913960098e-06,348.0836913960098
N13,production_nuclei,48.0,50.0,49.0,3.4742818893952916,3.4742818893952914e-06,347.42818893952915
N13,production_nuclei,50.0,52.0,51.0,3.466874549570131,3.4668745495701308e-06,346.6874549570131
N13,production_nuclei,52.0,54.0,53.0,3.459744239297617,3.459744239297617e-06,345.9744239297617
N13,production_nuclei,54.0,56.0,55.0,3.4541099415499272,3.4541099415499273e-06,345.4109941549927
N13,production_nuclei,56.0,58.0,57.0,3.451065641368303,3.451065641368303e-06,345.1065641368303
N13,production_nuclei,58.0,60.0,59.0,3.451339754121909,3.4513397541219087e-06,345.13397541219086
N13,production_nuclei,60.0,62.0,61.0,3.455076025146064,3.455076025146064e-06,345.5076025146064
N13,production_nuclei,62.0,64.0,63.0,3.4617623355224767,3.4617623355224765e-06,346.17623355224765
N13,production_nuclei,64.0,66.0,65.0,3.4704165751066656,3.4704165751066655e-06,347.04165751066654
N13,production_nuclei,66.0,68.0,67.0,3.4799531045369965,3.4799531045369963e-06,347.99531045369963
N13,production_nuclei,68.0,70.0,69.0,3.489484717716163,3.489484717716163e-06,348.9484717716163
N13,production_nuclei,70.0,72.0,71.0,3.498367986598379,3.498367986598379e-06,349.8367986598379
N13,production_nuclei,72.0,74.0,73.0,3.5059949210135186,3.5059949210135187e-06,350.59949210135187
N13,production_nuclei,74.0,76.0,75.0,3.5114128618927936,3.5114128618927934e-06,351.14128618927936
N13,production_nuclei,76.0,78.0,77.0,3.512790404209589,3.5127904042095894e-06,351.2790404209589
N13,production_nuclei,78.0,80.0,79.0,3.5068072857304964,3.5068072857304966e-06,350.68072857304963
N13,production_nuclei,80.0,82.0,81.0,3.4882283734443895,3.4882283734443897e-06,348.82283734443894
N13,production_nuclei,82.0,84.0,83.0,3.4499008778413613,3.4499008778413615e-06,344.9900877841361
N13,production_nuclei,84.0,86.0,85.0,3.383225592667232,3.383225592667232e-06,338.3225592667232
N13,production_nuclei,86.0,88.0,87.0,3.27904210693029,3.27904210693029e-06,327.904210693029
N13,production_nuclei,88.0,90.0,89.0,3.1292044744550385,3.1292044744550383e-06,312.92044744550384
N13,production_nuclei,90.0,92.0,91.0,2.929857937105133,2.929857937105133e-06,292.9857937105133
N13,production_nuclei,92.0,94.0,93.0,2.686106828686618,2.6861068286866182e-06,268.6106828686618
N13,production_nuclei,94.0,96.0,95.0,2.4139459493304667,2.4139459493304665e-06,241.39459493304668
N13,production_nuclei,96.0,98.0,97.0,2.1362483509402646,2.1362483509402644e-06,213.62483509402645
N13,production_nuclei,98.0,100.0,99.0,1.8771691338355936,1.8771691338355935e-06,187.71691338355936
N13,production_nuclei,100.0,102.0,101.0,1.6642728171001484,1.6642728171001484e-06,166.42728171001482
N13,production_nuclei,102.0,104.0,103.0,1.567024407436794,1.567024407436794e-06,156.7024407436794
N13,production_nuclei,104.0,106.0,105.0,1.8781039761735712,1.8781039761735711e-06,187.81039761735713
N13,production_nuclei,106.0,108.0,107.0,3.478343553116997,3.478343553116997e-06,347.83435531169965
N13,production_nuclei,108.0,110.0,109.0,7.6141764390621,7.6141764390621e-06,761.41764390621
N13,production_nuclei,110.0,112.0,111.0,13.214848932955622,1.3214848932955623e-05,1321.4848932955622
N13,production_nuclei,112.0,114.0,113.0,0.0,0.0,0.0
N13,production_nuclei,114.0,116.0,115.0,0.0,0.0,0.0
N13,production_nuclei,116.0,118.0,117.0,0.0,0.0,0.0
N13,production_nuclei,118.0,120.0,119.0,0.0,0.0,0.0
N13,production_nuclei,120.0,122.0,121.0,0.0,0.0,0.0
all_production,production_nuclei,0.0,2.0,1.0,47.533571273591335,4.753357127359133e-05,4753.357127359133
all_production,production_nuclei,2.0,4.0,3.0,47.64586726536812,4.764586726536812e-05,4764.5867265368115
all_production,production_nuclei,4.0,6.0,5.0,47.76132259745572,4.776132259745572e-05,4776.132259745572
all_production,production_nuclei,6.0,8.0,7.0,47.88023784377283,4.788023784377283e-05,4788.023784377283
all_production,production_nuclei,8.0,10.0,9.0,48.004037964239245,4.8004037964239245e-05,4800.403796423924
all_production,production_nuclei,10.0,12.0,11.0,48.13482727457239,4.813482727457239e-05,4813.482727457239
all_production,production_nuclei,12.0,14.0,13.0,48.2751353963339,4.82751353963339e-05,4827.51353963339
all_production,production_nuclei,14.0,16.0,15.0,48.42784945292492,4.842784945292492e-05,4842.784945292492
all_production,production_nuclei,16.0,18.0,17.0,48.596274901988,4.8596274901987994e-05,4859.6274901988
all_production,production_nuclei,18.0,20.0,19.0,48.78426185947768,4.8784261859477684e-05,4878.426185947768
all_production,production_nuclei,20.0,22.0,21.0,48.99631299651644,4.899631299651644e-05,4899.6312996516435
all_production,production_nuclei,22.0,24.0,23.0,49.237504847712025,4.9237504847712025e-05,4923.7504847712025
all_production,production_nuclei,24.0,26.0,25.0,49.51294511604998,4.951294511604998e-05,4951.294511604998
all_production,production_nuclei,26.0,28.0,27.0,49.826521299413685,4.9826521299413684e-05,4982.652129941368
all_production,production_nuclei,28.0,30.0,29.0,50.17903688054866,5.017903688054866e-05,5017.903688054866
all_production,production_nuclei,30.0,32.0,31.0,50.566393134155604,5.0566393134155604e-05,5056.6393134155605
all_production,production_nuclei,32.0,34.0,33.0,50.97885901870151,5.0978859018701514e-05,5097.885901870151
all_production,production_nuclei,34.0,36.0,35.0,51.402283195095926,5.140228319509593e-05,5140.228319509592
all_production,production_nuclei,36.0,38.0,37.0,51.821303056064174,5.1821303056064175e-05,5182.130305606417
all_production,production_nuclei,38.0,40.0,39.0,52.22352387930166,5.222352387930166e-05,5222.352387930166
all_production,production_nuclei,40.0,42.0,41.0,52.60281008726707,5.260281008726707e-05,5260.281008726707
all_production,production_nuclei,42.0,44.0,43.0,52.95987397195267,5.295987397195267e-05,5295.987397195267
all_production,production_nuclei,44.0,46.0,45.0,53.299626268106415,5.329962626810642e-05,5329.962626810641
all_production,production_nuclei,46.0,48.0,47.0,53.62675795501819,5.362675795501819e-05,5362.675795501819
all_production,production_nuclei,48.0,50.0,49.0,53.942355304637786,5.394235530463779e-05,5394.235530463779
all_production,production_nuclei,50.0,52.0,51.0,54.243785540626696,5.4243785540626696e-05,5424.3785540626695
all_production,production_nuclei,52.0,54.0,53.0,54.52778440172089,5.452778440172089e-05,5452.778440172089
all_production,production_nuclei,54.0,56.0,55.0,54.79421744618659,5.479421744618659e-05,5479.421744618659
all_production,production_nuclei,56.0,58.0,57.0,55.04724570986846,5.5047245709868464e-05,5504.724570986846
all_production,production_nuclei,58.0,60.0,59.0,55.292424098421115,5.5292424098421114e-05,5529.242409842112
all_production,production_nuclei,60.0,62.0,61.0,55.531745121495376,5.5531745121495376e-05,5553.174512149538
all_production,production_nuclei,62.0,64.0,63.0,55.76142866133781,5.576142866133781e-05,5576.14286613378
all_production,production_nuclei,64.0,66.0,65.0,55.976416526696454,5.5976416526696456e-05,5597.641652669645
all_production,production_nuclei,66.0,68.0,67.0,56.180157282694346,5.618015728269434e-05,5618.0157282694345
all_production,production_nuclei,68.0,70.0,69.0,56.39211802002876,5.639211802002876e-05,5639.211802002876
all_production,production_nuclei,70.0,72.0,71.0,56.644808413524636,5.6644808413524635e-05,5664.480841352463
all_production,production_nuclei,72.0,74.0,73.0,56.969223768915775,5.6969223768915774e-05,5696.922376891577
all_production,production_nuclei,74.0,76.0,75.0,57.377785387970775,5.7377785387970774e-05,5737.778538797077
all_production,production_nuclei,76.0,78.0,77.0,57.85864981599359,5.785864981599359e-05,5785.8649815993585
all_production,production_nuclei,78.0,80.0,79.0,58.388344308728655,5.8388344308728654e-05,5838.834430872866
all_production,production_nuclei,80.0,82.0,81.0,58.95374114240853,5.895374114240853e-05,5895.3741142408535
all_production,production_nuclei,82.0,84.0,83.0,59.56290777826215,5.956290777826215e-05,5956.290777826215
all_production,production_nuclei,84.0,86.0,85.0,60.23042789080595,6.023042789080595e-05,6023.042789080595
all_production,production_nuclei,86.0,88.0,87.0,60.94229913829791,6.0942299138297913e-05,6094.229913829791
all_production,production_nuclei,88.0,90.0,89.0,61.6173552295026,6.16173552295026e-05,6161.73552295026
all_production,production_nuclei,90.0,92.0,91.0,62.078697653965015,6.207869765396502e-05,6207.869765396502
all_production,production_nuclei,92.0,94.0,93.0,62.05226825825946,6.205226825825946e-05,6205.2268258259455
all_production,production_nuclei,94.0,96.0,95.0,61.22204829326631,6.122204829326631e-05,6122.204829326631
all_production,production_nuclei,96.0,98.0,97.0,59.354119516576475,5.9354119516576474e-05,5935.4119516576475
all_production,production_nuclei,98.0,100.0,99.0,56.430461259609224,5.643046125960922e-05,5643.046125960922
all_production,production_nuclei,100.0,102.0,101.0,52.55868433790037,5.255868433790037e-05,5255.868433790037
all_production,production_nuclei,102.0,104.0,103.0,47.30333186177524,4.730333186177524e-05,4730.333186177524
all_production,production_nuclei,104.0,106.0,105.0,38.9163009418862,3.8916300941886196e-05,3891.6300941886198
all_production,production_nuclei,106.0,108.0,107.0,26.659594944181617,2.6659594944181617e-05,2665.9594944181617
all_production,production_nuclei,108.0,110.0,109.0,16.237213403066118,1.6237213403066117e-05,1623.7213403066119
all_production,production_nuclei,110.0,112.0,111.0,13.92659337065781,1.392659337065781e-05,1392.659337065781
all_production,production_nuclei,112.0,114.0,113.0,0.0,0.0,0.0
all_production,production_nuclei,114.0,116.0,115.0,0.0,0.0,0.0
all_production,production_nuclei,116.0,118.0,117.0,0.0,0.0,0.0
all_production,production_nuclei,118.0,120.0,119.0,0.0,0.0,0.0
all_production,production_nuclei,120.0,122.0,121.0,0.0,0.0,0.0
all_d120s300,measured_decays,0.0,2.0,1.0,13.024584937806994,1.3024584937806993e-05,1302.4584937806994
all_d120s300,measured_decays,2.0,4.0,3.0,13.05648318053374,1.3056483180533739e-05,1305.648318053374
all_d120s300,measured_decays,4.0,6.0,5.0,13.089094444996196,1.3089094444996196e-05,1308.9094444996194
all_d120s300,measured_decays,6.0,8.0,7.0,13.122596124142508,1.3122596124142507e-05,1312.2596124142508
all_d120s300,measured_decays,8.0,10.0,9.0,13.157509363194661,1.3157509363194662e-05,1315.750936319466
all_d120s300,measured_decays,10.0,12.0,11.0,13.19456643300594,1.319456643300594e-05,1319.4566433005941
all_d120s300,measured_decays,12.0,14.0,13.0,13.23463130671352,1.323463130671352e-05,1323.463130671352
all_d120s300,measured_decays,14.0,16.0,15.0,13.27866528736438,1.3278665287364379e-05,1327.8665287364379
all_d120s300,measured_decays,16.0,18.0,17.0,13.327715657830252,1.3327715657830251e-05,1332.7715657830252
all_d120s300,measured_decays,18.0,20.0,19.0,13.382912592634554,1.3382912592634553e-05,1338.2912592634555
all_d120s300,measured_decays,20.0,22.0,21.0,13.445467931787903,1.3445467931787903e-05,1344.5467931787903
all_d120s300,measured_decays,22.0,24.0,23.0,13.516654275017947,1.3516654275017947e-05,1351.6654275017947
all_d120s300,measured_decays,24.0,26.0,25.0,13.597703742418553,1.3597703742418553e-05,1359.7703742418553
all_d120s300,measured_decays,26.0,28.0,27.0,13.689550832586661,1.3689550832586662e-05,1368.955083258666
all_d120s300,measured_decays,28.0,30.0,29.0,13.79241301073143,1.379241301073143e-05,1379.241301073143
all_d120s300,measured_decays,30.0,32.0,31.0,13.905343063307313,1.3905343063307313e-05,1390.5343063307314
all_d120s300,measured_decays,32.0,34.0,33.0,14.025991129344302,1.4025991129344302e-05,1402.5991129344302
all_d120s300,measured_decays,34.0,36.0,35.0,14.150777451141083,1.4150777451141083e-05,1415.0777451141082
all_d120s300,measured_decays,36.0,38.0,37.0,14.275502387799666,1.4275502387799665e-05,1427.5502387799665
all_d120s300,measured_decays,38.0,40.0,39.0,14.396200160438013,1.4396200160438013e-05,1439.6200160438013
all_d120s300,measured_decays,40.0,42.0,41.0,14.509888448209155,1.4509888448209155e-05,1450.9888448209156
all_d120s300,measured_decays,42.0,44.0,43.0,14.614884932946124,1.4614884932946124e-05,1461.4884932946125
all_d120s300,measured_decays,44.0,46.0,45.0,14.710603774810407,1.4710603774810406e-05,1471.0603774810406
all_d120s300,measured_decays,46.0,48.0,47.0,14.797082072016584,1.4797082072016584e-05,1479.7082072016583
all_d120s300,measured_decays,48.0,50.0,49.0,14.874643495533256,1.4874643495533255e-05,1487.4643495533255
all_d120s300,measured_decays,50.0,52.0,51.0,14.94392987232571,1.4943929872325709e-05,1494.392987232571
all_d120s300,measured_decays,52.0,54.0,53.0,15.0061753730654,1.50061753730654e-05,1500.61753730654
all_d120s300,measured_decays,54.0,56.0,55.0,15.063352291033684,1.5063352291033684e-05,1506.3352291033684
all_d120s300,measured_decays,56.0,58.0,57.0,15.117830835082323,1.5117830835082324e-05,1511.7830835082323
all_d120s300,measured_decays,58.0,60.0,59.0,15.171460487864156,1.5171460487864156e-05,1517.1460487864156
all_d120s300,measured_decays,60.0,62.0,61.0,15.224468272125778,1.5224468272125777e-05,1522.4468272125778
all_d120s300,measured_decays,62.0,64.0,63.0,15.275078836767397,1.5275078836767398e-05,1527.5078836767398
all_d120s300,measured_decays,64.0,66.0,65.0,15.3206844166621,1.53206844166621e-05,1532.06844166621
all_d120s300,measured_decays,66.0,68.0,67.0,15.360286392407412,1.536028639240741e-05,1536.028639240741
all_d120s300,measured_decays,68.0,70.0,69.0,15.39654690286602,1.539654690286602e-05,1539.6546902866019
all_d120s300,measured_decays,70.0,72.0,71.0,15.435640360958093,1.5435640360958094e-05,1543.5640360958093
all_d120s300,measured_decays,72.0,74.0,73.0,15.484639289077347,1.5484639289077346e-05,1548.4639289077347
all_d120s300,measured_decays,74.0,76.0,75.0,15.548245285937467,1.5548245285937467e-05,1554.8245285937467
all_d120s300,measured_decays,76.0,78.0,77.0,15.627577012578977,1.5627577012578978e-05,1562.7577012578977
all_d120s300,measured_decays,78.0,80.0,79.0,15.722320588811307,1.5722320588811306e-05,1572.2320588811306
all_d120s300,measured_decays,80.0,82.0,81.0,15.834446722068003,1.5834446722068003e-05,1583.4446722068003
all_d120s300,measured_decays,82.0,84.0,83.0,15.969500502662337,1.5969500502662338e-05,1596.9500502662336
all_d120s300,measured_decays,84.0,86.0,85.0,16.13266851763418,1.613266851763418e-05,1613.266851763418
all_d120s300,measured_decays,86.0,88.0,87.0,16.32092674210209,1.632092674210209e-05,1632.0926742102088
all_d120s300,measured_decays,88.0,90.0,89.0,16.515246170067424,1.6515246170067424e-05,1651.5246170067423
all_d120s300,measured_decays,90.0,92.0,91.0,16.67573567447496,1.667573567447496e-05,1667.573567447496
all_d120s300,measured_decays,92.0,94.0,93.0,16.74320217429041,1.674320217429041e-05,1674.320217429041
all_d120s300,measured_decays,94.0,96.0,95.0,16.653438273655937,1.6653438273655938e-05,1665.3438273655936
all_d120s300,measured_decays,96.0,98.0,97.0,16.36435401888527,1.636435401888527e-05,1636.435401888527
all_d120s300,measured_decays,98.0,100.0,99.0,15.87860833879638,1.587860833879638e-05,1587.860833879638
all_d120s300,measured_decays,100.0,102.0,101.0,15.20532488754345,1.5205324887543449e-05,1520.532488754345
all_d120s300,measured_decays,102.0,104.0,103.0,14.157281478920199,1.41572814789202e-05,1415.72814789202
all_d120s300,measured_decays,104.0,106.0,105.0,12.064036479707239,1.2064036479707239e-05,1206.4036479707238
all_d120s300,measured_decays,106.0,108.0,107.0,8.39180421856533,8.39180421856533e-06,839.1804218565329
all_d120s300,measured_decays,108.0,110.0,109.0,4.754826504287853,4.7548265042878525e-06,475.4826504287853
all_d120s300,measured_decays,110.0,112.0,111.0,3.508357299151055,3.508357299151055e-06,350.8357299151055
all_d120s300,measured_decays,112.0,114.0,113.0,0.0,0.0,0.0
all_d120s300,measured_decays,114.0,116.0,115.0,0.0,0.0,0.0
all_d120s300,measured_decays,116.0,118.0,117.0,0.0,0.0,0.0
all_d120s300,measured_decays,118.0,120.0,119.0,0.0,0.0,0.0
all_d120s300,measured_decays,120.0,122.0,121.0,0.0,0.0,0.0
