profile_label,quantity,depth_low_mm,depth_high_mm,depth_mm,nominal_run,nominal_per_proton,nominal_per_Gy,q16_run,q16_per_proton,q16_per_Gy,q50_run,q50_per_proton,q50_per_Gy,q84_run,q84_per_proton,q84_per_Gy
C11,production_nuclei,0.0,2.0,1.0,13.427967159439316,1.3427967159439316e-05,1342.7967159439315,12.377947587058545,1.2377947587058545e-05,1237.7947587058545,13.454440126291678,1.3454440126291678e-05,1345.4440126291677,14.62177978548173,1.462177978548173e-05,1462.1779785481729
C11,production_nuclei,2.0,4.0,3.0,13.460140496460262,1.3460140496460262e-05,1346.0140496460263,12.417569903428266,1.2417569903428265e-05,1241.7569903428266,13.488912461506086,1.3488912461506086e-05,1348.8912461506086,14.648759249935212,1.4648759249935212e-05,1464.8759249935213
C11,production_nuclei,4.0,6.0,5.0,13.494143403718148,1.3494143403718149e-05,1349.414340371815,12.44022476159278,1.244022476159278e-05,1244.022476159278,13.519897945444473,1.3519897945444473e-05,1351.9897945444472,14.688957530523098,1.4688957530523098e-05,1468.8957530523098
C11,production_nuclei,6.0,8.0,7.0,13.529649891511832,1.3529649891511832e-05,1352.9649891511833,12.465521047303655,1.2465521047303655e-05,1246.5521047303655,13.555700648096138,1.3555700648096138e-05,1355.5700648096138,14.709701585949324,1.4709701585949324e-05,1470.9701585949324
C11,production_nuclei,8.0,10.0,9.0,13.566599936036209,1.3566599936036209e-05,1356.659993603621,12.498921202381247,1.2498921202381247e-05,1249.8921202381248,13.587072708968444,1.3587072708968445e-05,1358.7072708968444,14.739387224325323,1.4739387224325323e-05,1473.9387224325324
C11,production_nuclei,10.0,12.0,11.0,13.605084225942651,1.3605084225942651e-05,1360.508422594265,12.52937352492662,1.252937352492662e-05,1252.9373524926618,13.627731612385642,1.3627731612385642e-05,1362.7731612385642,14.783575145849115,1.4783575145849114e-05,1478.3575145849115
C11,production_nuclei,12.0,14.0,13.0,13.645230637951137,1.3645230637951138e-05,1364.5230637951138,12.563708057886883,1.2563708057886884e-05,1256.3708057886884,13.6740043780601,1.36740043780601e-05,1367.4004378060101,14.821068124214891,1.4821068124214892e-05,1482.1068124214892
C11,production_nuclei,14.0,16.0,15.0,13.68717917767054,1.368717917767054e-05,1368.717917767054,12.611817232053738,1.2611817232053739e-05,1261.1817232053738,13.710453347480065,1.3710453347480066e-05,1371.0453347480066,14.855227278056256,1.4855227278056256e-05,1485.5227278056257
C11,production_nuclei,16.0,18.0,17.0,13.731217809996163,1.3731217809996164e-05,1373.1217809996162,12.66122253552764,1.266122253552764e-05,1266.122253552764,13.759041729377046,1.3759041729377046e-05,1375.9041729377045,14.908579446983552,1.4908579446983553e-05,1490.8579446983551
C11,production_nuclei,18.0,20.0,19.0,13.778054766383175,1.3778054766383175e-05,1377.8054766383175,12.704748496812435,1.2704748496812435e-05,1270.4748496812435,13.811128585122368,1.3811128585122368e-05,1381.1128585122367,14.96320291535837,1.496320291535837e-05,1496.320291535837
C11,production_nuclei,20.0,22.0,21.0,13.829067481571343,1.3829067481571344e-05,1382.9067481571342,12.74427989682758,1.274427989682758e-05,1274.427989682758,13.864791814944574,1.3864791814944575e-05,1386.4791814944574,15.027485605593494,1.5027485605593494e-05,1502.7485605593495
C11,production_nuclei,22.0,24.0,23.0,13.886291649872454,1.3886291649872454e-05,1388.6291649872453,12.780429917494091,1.2780429917494091e-05,1278.042991749409,13.92217750714559,1.392217750714559e-05,1392.217750714559,15.092919136739607,1.5092919136739606e-05,1509.2919136739606
C11,production_nuclei,24.0,26.0,25.0,13.951970922382895,1.3951970922382895e-05,1395.1970922382895,12.832675301143611,1.2832675301143611e-05,1283.267530114361,13.987211411989467,1.3987211411989467e-05,1398.7211411989467,15.182297631621779,1.518229763162178e-05,1518.229763162178
C11,production_nuclei,26.0,28.0,27.0,14.027678561581093,1.4027678561581093e-05,1402.7678561581092,12.903475611086279,1.290347561108628e-05,1290.3475611086278,14.063995395623847,1.4063995395623847e-05,1406.3995395623847,15.273986988808467,1.5273986988808466e-05,1527.3986988808467
C11,production_nuclei,28.0,30.0,29.0,14.113271805065686,1.4113271805065687e-05,1411.3271805065685,12.98071214651952,1.298071214651952e-05,1298.071214651952,14.149121182351259,1.414912118235126e-05,1414.9121182351257,15.367505596342246,1.5367505596342246e-05,1536.7505596342246
C11,production_nuclei,30.0,32.0,31.0,14.206138210590321,1.420613821059032e-05,1420.613821059032,13.074240145217326,1.3074240145217326e-05,1307.4240145217325,14.239566136786115,1.4239566136786114e-05,1423.9566136786113,15.465790194080812,1.546579019408081e-05,1546.5790194080812
C11,production_nuclei,32.0,34.0,33.0,14.301249972209074,1.4301249972209074e-05,1430.1249972209075,13.170640877575224,1.3170640877575224e-05,1317.0640877575224,14.321660707865115,1.4321660707865115e-05,1432.1660707865115,15.557217351301428,1.555721735130143e-05,1555.7217351301429
C11,production_nuclei,34.0,36.0,35.0,14.392397958157048,1.4392397958157048e-05,1439.2397958157048,13.26875455720645,1.326875455720645e-05,1326.8754557206448,14.405561226193937,1.4405561226193936e-05,1440.5561226193936,15.662077034031263,1.5662077034031264e-05,1566.2077034031263
C11,production_nuclei,36.0,38.0,37.0,14.474573424925216,1.4474573424925216e-05,1447.4573424925215,13.322304063489602,1.3322304063489602e-05,1332.23040634896,14.496357488238536,1.4496357488238535e-05,1449.6357488238534,15.732929734466888,1.573292973446689e-05,1573.2929734466888
C11,production_nuclei,38.0,40.0,39.0,14.54679128042222,1.4546791280422219e-05,1454.679128042222,13.406982598898743,1.3406982598898743e-05,1340.6982598898744,14.586502028022302,1.4586502028022302e-05,1458.65020280223,15.824856253587761,1.582485625358776e-05,1582.4856253587761
C11,production_nuclei,40.0,42.0,41.0,14.61395095836891,1.461395095836891e-05,1461.395095836891,13.470855242446577,1.3470855242446576e-05,1347.0855242446576,14.654963341923272,1.4654963341923272e-05,1465.4963341923271,15.925762705481525,1.5925762705481526e-05,1592.5762705481525
C11,production_nuclei,42.0,44.0,43.0,14.686216501472527,1.4686216501472528e-05,1468.6216501472527,13.546614021162101,1.3546614021162102e-05,1354.6614021162102,14.737953670708034,1.4737953670708035e-05,1473.7953670708034,16.00132457081949,1.6001324570819492e-05,1600.132457081949
C11,production_nuclei,44.0,46.0,45.0,14.775409928716188,1.4775409928716189e-05,1477.5409928716188,13.63924435934049,1.3639244359340489e-05,1363.924435934049,14.828382500298412,1.4828382500298412e-05,1482.8382500298412,16.115644023475586,1.6115644023475585e-05,1611.5644023475586
C11,production_nuclei,46.0,48.0,47.0,14.889764883559339,1.488976488355934e-05,1488.976488355934,13.746500306222227,1.3746500306222227e-05,1374.6500306222226,14.945746547828513,1.4945746547828514e-05,1494.5746547828512,16.241880340791802,1.6241880340791804e-05,1624.1880340791802
C11,production_nuclei,48.0,50.0,49.0,15.02980878542931,1.502980878542931e-05,1502.980878542931,13.876552375512558,1.3876552375512557e-05,1387.6552375512558,15.078691923544184,1.5078691923544184e-05,1507.8691923544184,16.401835259679522,1.6401835259679524e-05,1640.1835259679522
C11,production_nuclei,50.0,52.0,51.0,15.18786021107358,1.518786021107358e-05,1518.786021107358,14.013402760416984,1.4013402760416984e-05,1401.3402760416984,15.23593672527496,1.523593672527496e-05,1523.593672527496,16.565114214390263,1.6565114214390263e-05,1656.5114214390262
C11,production_nuclei,52.0,54.0,53.0,15.351588997834885,1.5351588997834886e-05,1535.1588997834883,14.156247448260027,1.4156247448260028e-05,1415.6247448260026,15.386269194358416,1.5386269194358415e-05,1538.6269194358415,16.692181907632673,1.6692181907632673e-05,1669.2181907632673
C11,production_nuclei,54.0,56.0,55.0,15.5095950594158,1.5509595059415798e-05,1550.95950594158,14.304123862244797,1.4304123862244797e-05,1430.4123862244796,15.538989142140984,1.5538989142140983e-05,1553.8989142140983,16.859480464674036,1.6859480464674037e-05,1685.9480464674036
C11,production_nuclei,56.0,58.0,57.0,15.655736579301873,1.5655736579301874e-05,1565.5736579301872,14.44207286463766,1.444207286463766e-05,1444.207286463766,15.689115159305262,1.568911515930526e-05,1568.911515930526,16.998568450401127,1.6998568450401126e-05,1699.8568450401126
C11,production_nuclei,58.0,60.0,59.0,15.78992015027302,1.578992015027302e-05,1578.992015027302,14.560377810931106,1.4560377810931106e-05,1456.0377810931107,15.828688148803487,1.5828688148803486e-05,1582.8688148803485,17.136219830826153,1.7136219830826153e-05,1713.6219830826153
C11,production_nuclei,60.0,62.0,61.0,15.915673903452843,1.5915673903452843e-05,1591.5673903452844,14.681593081937931,1.4681593081937931e-05,1468.159308193793,15.969053074857356,1.5969053074857357e-05,1596.9053074857356,17.295620086886707,1.7295620086886707e-05,1729.5620086886706
C11,production_nuclei,62.0,64.0,63.0,16.037247212377288,1.6037247212377287e-05,1603.7247212377288,14.808241520237052,1.4808241520237052e-05,1480.8241520237052,16.0899181603033,1.60899181603033e-05,1608.9918160303298,17.410543036224592,1.741054303622459e-05,1741.0543036224592
C11,production_nuclei,64.0,66.0,65.0,16.159400554411818,1.615940055441182e-05,1615.9400554411818,14.927629471273647,1.4927629471273647e-05,1492.7629471273647,16.219806314590535,1.6219806314590534e-05,1621.9806314590535,17.558847216642263,1.7558847216642263e-05,1755.8847216642264
C11,production_nuclei,66.0,68.0,67.0,16.290715776547245,1.6290715776547244e-05,1629.0715776547245,15.070534450579341,1.5070534450579341e-05,1507.0534450579341,16.365422763510907,1.6365422763510905e-05,1636.5422763510905,17.734006545130715,1.7734006545130716e-05,1773.4006545130715
C11,production_nuclei,68.0,70.0,69.0,16.44715504573777,1.644715504573777e-05,1644.715504573777,15.233232214339765,1.5233232214339766e-05,1523.3232214339764,16.527310720845694,1.6527310720845693e-05,1652.7310720845694,17.936330136571847,1.7936330136571847e-05,1793.6330136571846
C11,production_nuclei,70.0,72.0,71.0,16.649977784095313,1.664997778409531e-05,1664.9977784095313,15.409639319069477,1.5409639319069477e-05,1540.9639319069477,16.71552048272257,1.671552048272257e-05,1671.552048272257,18.179925019256444,1.8179925019256444e-05,1817.9925019256443
C11,production_nuclei,72.0,74.0,73.0,16.915083544728898,1.6915083544728898e-05,1691.5083544728898,15.646709260775934,1.5646709260775934e-05,1564.6709260775933,16.977602921883147,1.6977602921883145e-05,1697.7602921883147,18.490489709480276,1.8490489709480277e-05,1849.0489709480275
C11,production_nuclei,74.0,76.0,75.0,17.23953696994524,1.7239536969945243e-05,1723.953696994524,15.93813756663355,1.593813756663355e-05,1593.813756663355,17.293983181591763,1.7293983181591762e-05,1729.3983181591761,18.829682899962165,1.8829682899962164e-05,1882.9682899962165
C11,production_nuclei,76.0,78.0,77.0,17.597758652719932,1.759775865271993e-05,1759.775865271993,16.25503216477337,1.625503216477337e-05,1625.5032164773372,17.62855766731102,1.7628557667311023e-05,1762.855766731102,19.232129376426922,1.923212937642692e-05,1923.2129376426922
C11,production_nuclei,78.0,80.0,79.0,17.95443529030097,1.795443529030097e-05,1795.4435290300971,16.552590787610363,1.6552590787610365e-05,1655.2590787610363,17.977056630254246,1.7977056630254245e-05,1797.7056630254247,19.605183060588576,1.9605183060588575e-05,1960.5183060588577
C11,production_nuclei,80.0,82.0,81.0,18.285285124540657,1.828528512454066e-05,1828.5285124540655,16.84566177478314,1.6845661774783138e-05,1684.5661774783139,18.31039680972755,1.831039680972755e-05,1831.039680972755,19.96954709149812,1.9969547091498123e-05,1996.954709149812
C11,production_nuclei,82.0,84.0,83.0,18.58750590464326,1.8587505904643258e-05,1858.7505904643258,17.096905008528662,1.7096905008528662e-05,1709.690500852866,18.625816023630918,1.862581602363092e-05,1862.5816023630919,20.31098824850212,2.031098824850212e-05,2031.098824850212
C11,production_nuclei,84.0,86.0,85.0,18.87069897682597,1.887069897682597e-05,1887.069897682597,17.342533882851626,1.7342533882851625e-05,1734.2533882851626,18.9085275196654,1.89085275196654e-05,1890.8527519665402,20.624457852602593,2.0624457852602593e-05,2062.445785260259
C11,production_nuclei,86.0,88.0,87.0,19.135324615313483,1.9135324615313483e-05,1913.5324615313482,17.573501703319334,1.7573501703319333e-05,1757.3501703319334,19.15662093613367,1.915662093613367e-05,1915.662093613367,20.920105083543795,2.0920105083543795e-05,2092.0105083543795
C11,production_nuclei,88.0,90.0,89.0,19.35122841737788,1.935122841737788e-05,1935.122841737788,17.731102309147268,1.773110230914727e-05,1773.1102309147268,19.326730335360345,1.9326730335360345e-05,1932.6730335360344,21.12677438458777,2.112677438458777e-05,2112.677438458777
C11,production_nuclei,90.0,92.0,91.0,19.441994731750974,1.9441994731750975e-05,1944.1994731750974,17.785413350552112,1.7785413350552113e-05,1778.5413350552112,19.376078032035736,1.9376078032035737e-05,1937.6078032035734,21.16396200913924,2.116396200913924e-05,2116.396200913924
C11,production_nuclei,92.0,94.0,93.0,19.275042973965327,1.9275042973965326e-05,1927.5042973965326,17.614352785164343,1.7614352785164343e-05,1761.4352785164342,19.172474630036923,1.917247463003692e-05,1917.2474630036922,20.899032256547493,2.089903225654749e-05,2089.9032256547493
C11,production_nuclei,94.0,96.0,95.0,18.669068374208017,1.8669068374208016e-05,1866.9068374208016,17.054666004153866,1.7054666004153865e-05,1705.4666004153864,18.53434129536391,1.8534341295363908e-05,1853.4341295363909,20.153218662194433,2.0153218662194432e-05,2015.3218662194433
C11,production_nuclei,96.0,98.0,97.0,17.449874733936987,1.7449874733936985e-05,1744.9874733936986,16.021828585329555,1.6021828585329555e-05,1602.1828585329554,17.340050753252875,1.7340050753252875e-05,1734.0050753252874,18.76678725916411,1.8766787259164112e-05,1876.6787259164112
C11,production_nuclei,98.0,100.0,99.0,15.546046081552984,1.5546046081552985e-05,1554.6046081552984,14.396302032817507,1.4396302032817507e-05,1439.6302032817507,15.459755410012525,1.5459755410012526e-05,1545.9755410012524,16.642140151931194,1.6642140151931196e-05,1664.2140151931194
C11,production_nuclei,100.0,102.0,101.0,13.0083672030648,1.3008367203064801e-05,1300.83672030648,12.138692810010804,1.2138692810010803e-05,1213.8692810010805,12.95153948567097,1.295153948567097e-05,1295.1539485670971,13.810949359500011,1.3810949359500011e-05,1381.0949359500012
C11,production_nuclei,102.0,104.0,103.0,9.871198215428302,9.871198215428303e-06,987.1198215428302,9.294708644349463,9.294708644349462e-06,929.4708644349463,9.834364137079,9.834364137079e-06,983.4364137079,10.398942442685115,1.0398942442685115e-05,1039.8942442685116
C11,production_nuclei,104.0,106.0,105.0,6.196892691134229,6.196892691134229e-06,619.6892691134229,5.916571256459272,5.916571256459272e-06,591.6571256459272,6.212390241628167,6.212390241628167e-06,621.2390241628167,6.500920293059166,6.500920293059166e-06,650.0920293059166
C11,production_nuclei,106.0,108.0,107.0,2.765374895862278,2.765374895862278e-06,276.5374895862278,2.686170044926484,2.686170044926484e-06,268.6170044926484,2.8003104629075484,2.8003104629075485e-06,280.03104629075483,2.9153134552202102,2.9153134552202104e-06,291.531345522021
C11,production_nuclei,108.0,110.0,109.0,0.7183122965886154,7.183122965886154e-07,71.83122965886153,0.6882173728889477,6.882173728889477e-07,68.82173728889477,0.7161864691972051,7.161864691972051e-07,71.6186469197205,0.7465516381446694,7.465516381446694e-07,74.65516381446695
C11,production_nuclei,110.0,112.0,111.0,0.02082437090584501,2.082437090584501e-08,2.082437090584501,0.01852228684469874,1.852228684469874e-08,1.852228684469874,0.019450359524578416,1.9450359524578417e-08,1.9450359524578416,0.0204125131116978,2.04125131116978e-08,2.04125131116978
C11,production_nuclei,112.0,114.0,113.0,0.0,0.0,0.0,0.0,0.0,0.0,0.0,0.0,0.0,0.0,0.0,0.0
C11,production_nuclei,114.0,116.0,115.0,0.0,0.0,0.0,0.0,0.0,0.0,0.0,0.0,0.0,0.0,0.0,0.0
C11,production_nuclei,116.0,118.0,117.0,0.0,0.0,0.0,0.0,0.0,0.0,0.0,0.0,0.0,0.0,0.0,0.0
C11,production_nuclei,118.0,120.0,119.0,0.0,0.0,0.0,0.0,0.0,0.0,0.0,0.0,0.0,0.0,0.0,0.0
C11,production_nuclei,120.0,122.0,121.0,0.0,0.0,0.0,0.0,0.0,0.0,0.0,0.0,0.0,0.0,0.0,0.0
O15,production_nuclei,0.0,2.0,1.0,28.68509719376213,2.868509719376213e-05,2868.5097193762126,26.44970405616709,2.644970405616709e-05,2644.970405616709,28.68066747738343,2.868066747738343e-05,2868.066747738343,31.123566658986885,3.1123566658986884e-05,3112.3566658986883
O15,production_nuclei,2.0,4.0,3.0,28.758970497482377,2.8758970497482377e-05,2875.897049748238,26.50762227793761,2.650762227793761e-05,2650.7622277937608,28.766743723287867,2.8766743723287866e-05,2876.674372328787,31.219505327221317,3.121950532722132e-05,3121.950532722132
O15,production_nuclei,4.0,6.0,5.0,28.834581494202236,2.8834581494202235e-05,2883.4581494202234,26.590434127373666,2.6590434127373665e-05,2659.0434127373665,28.857600454272543,2.8857600454272545e-05,2885.760045427254,31.338029106836753,3.133802910683676e-05,3133.8029106836752
O15,production_nuclei,6.0,8.0,7.0,28.912371009079422,2.8912371009079423e-05,2891.237100907942,26.663892237759505,2.6663892237759504e-05,2666.3892237759505,28.934165911169867,2.8934165911169868e-05,2893.4165911169866,31.435783239731858,3.143578323973186e-05,3143.578323973186
O15,production_nuclei,8.0,10.0,9.0,28.993802737756734,2.8993802737756734e-05,2899.3802737756732,26.75896401828092,2.675896401828092e-05,2675.896401828092,29.009267628586386,2.9009267628586386e-05,2900.9267628586385,31.505773963448732,3.1505773963448734e-05,3150.5773963448733
O15,production_nuclei,10.0,12.0,11.0,29.080907623842194,2.9080907623842192e-05,2908.0907623842195,26.841532562587794,2.6841532562587796e-05,2684.1532562587795,29.107049906031815,2.9107049906031816e-05,2910.7049906031816,31.648063901771327,3.1648063901771325e-05,3164.8063901771325
O15,production_nuclei,12.0,14.0,13.0,29.175949434272628,2.9175949434272627e-05,2917.594943427263,26.934443135719558,2.693444313571956e-05,2693.4443135719557,29.21921096932566,2.9219210969325657e-05,2921.921096932566,31.788847486980632,3.178884748698063e-05,3178.884748698063
O15,production_nuclei,14.0,16.0,15.0,29.281364465190837,2.9281364465190836e-05,2928.1364465190836,27.014675289960824,2.7014675289960824e-05,2701.4675289960824,29.344449387050144,2.9344449387050144e-05,2934.4449387050145,31.909326732212875,3.1909326732212875e-05,3190.9326732212876
O15,production_nuclei,16.0,18.0,17.0,29.399935315879482,2.9399935315879483e-05,2939.993531587948,27.147978169294735,2.7147978169294735e-05,2714.7978169294734,29.449386622391454,2.9449386622391456e-05,2944.9386622391453,32.045227643539086,3.2045227643539085e-05,3204.5227643539083
O15,production_nuclei,18.0,20.0,19.0,29.534956518123973,2.9534956518123973e-05,2953.495651812397,27.280720991391487,2.7280720991391488e-05,2728.0720991391486,29.572714273826307,2.9572714273826308e-05,2957.2714273826305,32.17942031863379,3.217942031863379e-05,3217.942031863379
O15,production_nuclei,20.0,22.0,21.0,29.690129290064643,2.9690129290064642e-05,2969.012929006464,27.451063293143516,2.7451063293143515e-05,2745.1063293143516,29.747265254510513,2.9747265254510514e-05,2974.726525451051,32.36282885272733,3.236282885272733e-05,3236.282885272733
O15,production_nuclei,22.0,24.0,23.0,29.8691266745237,2.98691266745237e-05,2986.91266745237,27.60217000256491,2.760217000256491e-05,2760.2170002564912,29.933689750855358,2.993368975085536e-05,2993.3689750855356,32.536417532952385,3.253641753295239e-05,3253.6417532952382
O15,production_nuclei,24.0,26.0,25.0,30.07499728472318,3.007499728472318e-05,3007.499728472318,27.756782939371675,2.7756782939371674e-05,2775.6782939371674,30.15550114017381,3.015550114017381e-05,3015.550114017381,32.73730665218096,3.2737306652180965e-05,3273.730665218096
O15,production_nuclei,26.0,28.0,27.0,30.30959385938984,3.030959385938984e-05,3030.959385938984,27.964860767903374,2.7964860767903374e-05,2796.4860767903374,30.368111261589267,3.0368111261589268e-05,3036.8111261589265,33.0073253445277,3.3007325344527704e-05,3300.73253445277
O15,production_nuclei,28.0,30.0,29.0,30.573044502909177,3.057304450290918e-05,3057.3044502909174,28.22716618577656,2.822716618577656e-05,2822.716618577656,30.634343369117023,3.063434336911702e-05,3063.4343369117023,33.30560629253496,3.330560629253496e-05,3330.560629253496
O15,production_nuclei,30.0,32.0,31.0,30.86319184115918,3.0863191841159175e-05,3086.319184115918,28.41226376662675,2.841226376662675e-05,2841.226376662675,30.887036326898738,3.0887036326898735e-05,3088.7036326898738,33.61989006086242,3.361989006086242e-05,3361.9890060862417
O15,production_nuclei,32.0,34.0,33.0,31.17507330581886,3.117507330581886e-05,3117.507330581886,28.652219357345757,2.8652219357345757e-05,2865.2219357345757,31.16783499491952,3.116783499491952e-05,3116.783499491952,33.94933409369784,3.394933409369784e-05,3394.9334093697844
O15,production_nuclei,34.0,36.0,35.0,31.50073781608409,3.150073781608409e-05,3150.073781608409,28.991044256794858,2.8991044256794858e-05,2899.1044256794858,31.47663922178108,3.147663922178108e-05,3147.663922178108,34.292117965626666,3.4292117965626663e-05,3429.2117965626667
O15,production_nuclei,36.0,38.0,37.0,31.82969384356349,3.182969384356349e-05,3182.969384356349,29.257028372312707,2.9257028372312706e-05,2925.7028372312707,31.84156534029055,3.184156534029055e-05,3184.156534029055,34.66924730461258,3.466924730461258e-05,3466.924730461258
O15,production_nuclei,38.0,40.0,39.0,32.15000900207199,3.215000900207199e-05,3215.000900207199,29.531421508677948,2.9531421508677946e-05,2953.1421508677945,32.15444859128693,3.215444859128693e-05,3215.4448591286928,35.02643291863496,3.502643291863496e-05,3502.643291863496
O15,production_nuclei,40.0,42.0,41.0,32.449790419208284,3.244979041920828e-05,3244.9790419208284,29.80014774634666,2.980014774634666e-05,2980.014774634666,32.44462322174796,3.244462322174796e-05,3244.462322174796,35.305230105448196,3.530523010544819e-05,3530.5230105448195
O15,production_nuclei,42.0,44.0,43.0,32.71874196569567,3.271874196569567e-05,3271.874196569567,30.049144489937742,3.004914448993774e-05,3004.914448993774,32.720998613915434,3.2720998613915435e-05,3272.0998613915435,35.59839533683605,3.559839533683605e-05,3559.8395336836047
O15,production_nuclei,44.0,46.0,45.0,32.94967756928931,3.29496775692893e-05,3294.9677569289306,30.248549635083442,3.024854963508344e-05,3024.854963508344,32.94151420789494,3.294151420789494e-05,3294.151420789494,35.85281237843128,3.5852812378431284e-05,3585.281237843128
O15,production_nuclei,46.0,48.0,47.0,33.13989154306477,3.313989154306477e-05,3313.989154306477,30.448949857562354,3.0448949857562353e-05,3044.894985756235,33.12840062168426,3.3128400621684256e-05,3312.8400621684254,36.05675537635405,3.6056755376354045e-05,3605.6755376354045
O15,production_nuclei,48.0,50.0,49.0,33.29191685934785,3.3291916859347854e-05,3329.191685934785,30.647372314396524,3.064737231439652e-05,3064.7372314396525,33.26588600441767,3.3265886004417674e-05,3326.588600441767,36.181855672781616,3.618185567278162e-05,3618.1855672781617
O15,production_nuclei,50.0,52.0,51.0,33.41290354643933,3.341290354643933e-05,3341.290354643933,30.754857439968447,3.0754857439968444e-05,3075.4857439968446,33.365468827740386,3.3365468827740386e-05,3336.5468827740387,36.389333147371694,3.6389333147371696e-05,3638.9333147371694
O15,production_nuclei,52.0,54.0,53.0,33.512384517172194,3.351238451717219e-05,3351.2384517172195,30.865513969341894,3.0865513969341896e-05,3086.551396934189,33.46097725861221,3.346097725861221e-05,3346.097725861221,36.50324176580713,3.6503241765807135e-05,3650.3241765807134
O15,production_nuclei,54.0,56.0,55.0,33.59937313001784,3.359937313001784e-05,3359.937313001784,31.020219291874387,3.1020219291874384e-05,3102.0219291874387,33.57445179855593,3.3574451798555925e-05,3357.4451798555924,36.61208793799763,3.661208793799763e-05,3661.2087937997626
O15,production_nuclei,56.0,58.0,57.0,33.68020098759327,3.3680200987593264e-05,3368.0200987593266,31.12035144624269,3.112035144624269e-05,3112.035144624269,33.668701090886714,3.366870109088671e-05,3366.870109088671,36.69784960185929,3.669784960185929e-05,3669.784960185929
O15,production_nuclei,58.0,60.0,59.0,33.75754927837958,3.375754927837958e-05,3375.754927837958,31.22009281966686,3.122009281966686e-05,3122.009281966686,33.740137673474536,3.3740137673474535e-05,3374.0137673474533,36.752133413294,3.6752133413294e-05,3675.2133413293996
O15,production_nuclei,60.0,62.0,61.0,33.83009453778397,3.383009453778397e-05,3383.009453778397,31.32972174536817,3.132972174536817e-05,3132.972174536817,33.8153633477583,3.38153633477583e-05,3381.53633477583,36.86016348820089,3.686016348820089e-05,3686.0163488200888
O15,production_nuclei,62.0,64.0,63.0,33.892723859422716,3.389272385942272e-05,3389.2723859422717,31.414847492495976,3.1414847492495975e-05,3141.4847492495974,33.8621646578716,3.38621646578716e-05,3386.2164657871604,36.94213892141566,3.6942138921415664e-05,3694.2138921415662
O15,production_nuclei,64.0,66.0,65.0,33.93853128974602,3.3938531289746016e-05,3393.8531289746015,31.45549033301859,3.145549033301859e-05,3145.5490333018593,33.94342796444383,3.394342796444383e-05,3394.3427964443827,37.0042358059047,3.7004235805904696e-05,3700.42358059047
O15,production_nuclei,66.0,68.0,67.0,33.96317874376606,3.396317874376606e-05,3396.3178743766057,31.475666459728956,3.1475666459728956e-05,3147.5666459728955,33.958412154039245,3.3958412154039246e-05,3395.8412154039243,37.0105001879268,3.70105001879268e-05,3701.05001879268
O15,production_nuclei,68.0,70.0,69.0,33.969292196191134,3.396929219619113e-05,3396.929219619113,31.484818175666035,3.148481817566604e-05,3148.4818175666032,33.9617031509201,3.39617031509201e-05,3396.1703150920102,37.00176116116487,3.700176116116487e-05,3700.1761161164873
O15,production_nuclei,70.0,72.0,71.0,33.96701034289884,3.396701034289884e-05,3396.701034289884,31.50452890695419,3.150452890695419e-05,3150.452890695419,33.96657418912248,3.3966574189122484e-05,3396.657418912248,36.984033916857925,3.6984033916857926e-05,3698.4033916857925
O15,production_nuclei,72.0,74.0,73.0,33.96999043191667,3.396999043191667e-05,3396.999043191667,31.476132124634105,3.1476132124634104e-05,3147.6132124634105,33.98133933850178,3.398133933850178e-05,3398.1339338501784,36.96765047598625,3.6967650475986246e-05,3696.7650475986247
O15,production_nuclei,74.0,76.0,75.0,33.99132139541593,3.399132139541593e-05,3399.132139541593,31.51229831215002,3.151229831215002e-05,3151.229831215002,33.99614114487915,3.399614114487915e-05,3399.614114487915,36.985814560702906,3.6985814560702905e-05,3698.5814560702906
O15,production_nuclei,76.0,78.0,77.0,34.044379263175095,3.404437926317509e-05,3404.4379263175097,31.5410015727761,3.15410015727761e-05,3154.10015727761,34.06849746729014,3.4068497467290146e-05,3406.8497467290144,37.03309979413126,3.703309979413126e-05,3703.309979413126
O15,production_nuclei,78.0,80.0,79.0,34.14783024377884,3.414783024377884e-05,3414.783024377884,31.65073873095633,3.1650738730956334e-05,3165.073873095633,34.17775432644139,3.4177754326441386e-05,3417.7754326441386,37.176953590716096,3.717695359071609e-05,3717.6953590716093
O15,production_nuclei,80.0,82.0,81.0,34.327575707053974,3.4327575707053974e-05,3432.7575707053975,31.816112771627537,3.1816112771627535e-05,3181.6112771627536,34.3825844570371,3.43825844570371e-05,3438.2584457037096,37.35772699092745,3.7357726990927454e-05,3735.7726990927454
O15,production_nuclei,82.0,84.0,83.0,34.609513280639284,3.4609513280639285e-05,3460.9513280639285,32.09168666756412,3.209168666756412e-05,3209.1686667564118,34.69273222053885,3.469273222053885e-05,3469.273222053885,37.63331566916475,3.7633315669164755e-05,3763.331566916475
O15,production_nuclei,84.0,86.0,85.0,35.00552635872971,3.500552635872971e-05,3500.5526358729708,32.4276599410487,3.24276599410487e-05,3242.76599410487,35.05496728892955,3.5054967288929544e-05,3505.4967288929547,38.04667233596897,3.804667233596897e-05,3804.667233596897
O15,production_nuclei,86.0,88.0,87.0,35.50129731495024,3.5501297314950245e-05,3550.1297314950243,32.88426103720004,3.288426103720004e-05,3288.426103720004,35.54062376220308,3.5540623762203085e-05,3554.062376220308,38.57638169470114,3.857638169470114e-05,3857.638169470114
O15,production_nuclei,88.0,90.0,89.0,36.05204101748335,3.605204101748335e-05,3605.204101748335,33.34838128101765,3.334838128101765e-05,3334.838128101765,36.035476996326835,3.603547699632683e-05,3603.5476996326834,39.14546540686289,3.914546540686289e-05,3914.546540686289
O15,production_nuclei,90.0,92.0,91.0,36.588253195422176,3.658825319542218e-05,3658.8253195422176,33.88165046797387,3.388165046797387e-05,3388.165046797387,36.5327233975201,3.6532723397520104e-05,3653.27233975201,39.68288577112008,3.968288577112008e-05,3968.2885771120077
O15,production_nuclei,92.0,94.0,93.0,37.03003515950547,3.703003515950547e-05,3703.0035159505474,34.26889602828822,3.426889602828822e-05,3426.889602828822,36.95270459006783,3.695270459006783e-05,3695.2704590067833,40.12230436211013,4.012230436211013e-05,4012.2304362110126
O15,production_nuclei,94.0,96.0,95.0,37.3016963711764,3.7301696371176395e-05,3730.16963711764,34.49944759778951,3.449944759778951e-05,3449.9447597789513,37.239797397502144,3.723979739750215e-05,3723.9797397502143,40.38609896691747,4.0386098966917475e-05,4038.609896691747
O15,production_nuclei,96.0,98.0,97.0,37.35009602471978,3.7350096024719785e-05,3735.0096024719783,34.52384081301788,3.452384081301788e-05,3452.384081301788,37.28423002539567,3.7284230025395674e-05,3728.4230025395673,40.46440166377571,4.046440166377571e-05,4046.440166377571
O15,production_nuclei,98.0,100.0,99.0,37.16957373268446,3.7169573732684465e-05,3716.957373268446,34.37710244921412,3.4377102449214124e-05,3437.710244921412,37.08623367877228,3.708623367877228e-05,3708.6233678772282,40.2812915632773,4.02812915632773e-05,4028.12915632773
O15,production_nuclei,100.0,102.0,101.0,36.704970271040594,3.6704970271040595e-05,3670.4970271040593,33.86817607191409,3.386817607191409e-05,3386.817607191409,36.56869736358313,3.6568697363583126e-05,3656.8697363583124,39.68507380803293,3.968507380803293e-05,3968.507380803293
O15,production_nuclei,102.0,104.0,103.0,35.30565008332152,3.530565008332152e-05,3530.5650083321516,32.485308233816625,3.248530823381662e-05,3248.5308233816622,35.09486390748575,3.509486390748575e-05,3509.486390748575,38.15049338619081,3.815049338619081e-05,3815.049338619081
O15,production_nuclei,104.0,106.0,105.0,30.762242492347003,3.0762242492347004e-05,3076.2242492347004,28.32576915372366,2.832576915372366e-05,2832.576915372366,30.595001272345822,3.059500127234582e-05,3059.500127234582,33.24885336961793,3.3248853369617935e-05,3324.885336961793
O15,production_nuclei,106.0,108.0,107.0,20.547935012335287,2.0547935012335286e-05,2054.793501233529,19.056319592548114,1.9056319592548113e-05,1905.6319592548114,20.52486100981334,2.0524861009813338e-05,2052.486100981334,22.31247185700682,2.231247185700682e-05,2231.2471857006817
O15,production_nuclei,108.0,110.0,109.0,7.983175221999729,7.983175221999729e-06,798.3175221999729,7.482027737784,7.482027737784e-06,748.2027737784,8.085295651128504,8.085295651128504e-06,808.5295651128504,8.810945390325307,8.810945390325307e-06,881.0945390325306
O15,production_nuclei,110.0,112.0,111.0,0.700938358125863,7.00938358125863e-07,70.0938358125863,0.6540104926321576,6.540104926321576e-07,65.40104926321575,0.7140164641676161,7.140164641676161e-07,71.40164641676161,0.7823457424162367,7.823457424162367e-07,78.23457424162366
O15,production_nuclei,112.0,114.0,113.0,0.0,0.0,0.0,0.0,0.0,0.0,0.0,0.0,0.0,0.0,0.0,0.0
O15,production_nuclei,114.0,116.0,115.0,0.0,0.0,0.0,0.0,0.0,0.0,0.0,0.0,0.0,0.0,0.0,0.0
O15,production_nuclei,116.0,118.0,117.0,0.0,0.0,0.0,0.0,0.0,0.0,0.0,0.0,0.0,0.0,0.0,0.0
O15,production_nuclei,118.0,120.0,119.0,0.0,0.0,0.0,0.0,0.0,0.0,0.0,0.0,0.0,0.0,0.0,0.0
O15,production_nuclei,120.0,122.0,121.0,0.0,0.0,0.0,0.0,0.0,0.0,0.0,0.0,0.0,0.0,0.0,0.0
N13,production_nuclei,0.0,2.0,1.0,6.256188368753783,6.256188368753783e-06,625.6188368753783,5.45007906487579,5.45007906487579e-06,545.0079064875789,6.241851755631517,6.241851755631517e-06,624.1851755631517,7.196535616506066,7.196535616506066e-06,719.6535616506065
N13,production_nuclei,2.0,4.0,3.0,6.277638637427047,6.277638637427047e-06,627.7638637427046,5.459705872679322,5.459705872679322e-06,545.9705872679322,6.27299736116177,6.27299736116177e-06,627.299736116177,7.2167708842948635,7.216770884294863e-06,721.6770884294863
N13,production_nuclei,4.0,6.0,5.0,6.297648691789875,6.2976486917898745e-06,629.7648691789875,5.464725750970316,5.464725750970316e-06,546.4725750970316,6.288414538723397,6.288414538723397e-06,628.8414538723397,7.233107601167753,7.233107601167753e-06,723.3107601167753
N13,production_nuclei,6.0,8.0,7.0,6.314778966233138,6.3147789662331384e-06,631.4778966233139,5.473446543405367,5.473446543405367e-06,547.3446543405366,6.311004811592758,6.311004811592758e-06,631.1004811592758,7.256248766289114,7.2562487662891145e-06,725.6248766289114
N13,production_nuclei,8.0,10.0,9.0,6.327224858666376,6.327224858666376e-06,632.7224858666376,5.476071439677248,5.476071439677248e-06,547.6071439677247,6.312146447513014,6.312146447513014e-06,631.2146447513013,7.262996493745694,7.262996493745694e-06,726.2996493745694
N13,production_nuclei,10.0,12.0,11.0,6.333008796919697,6.333008796919697e-06,633.3008796919697,5.480805358769335,5.480805358769335e-06,548.0805358769335,6.323108457169429,6.323108457169429e-06,632.3108457169429,7.245142842816598,7.245142842816598e-06,724.5142842816598
N13,production_nuclei,12.0,14.0,13.0,6.330297445492978,6.330297445492978e-06,633.0297445492978,5.483298618743896,5.483298618743896e-06,548.3298618743895,6.328871182840864,6.3288711828408635e-06,632.8871182840863,7.2390824355111985,7.2390824355111986e-06,723.9082435511199
N13,production_nuclei,14.0,16.0,15.0,6.317716665778589,6.317716665778589e-06,631.7716665778588,5.46893253565245,5.46893253565245e-06,546.893253565245,6.306852961544212,6.306852961544212e-06,630.6852961544213,7.215591556450585,7.215591556450585e-06,721.5591556450585
N13,production_nuclei,16.0,18.0,17.0,6.294612353777279,6.294612353777279e-06,629.4612353777279,5.44759830145203,5.44759830145203e-06,544.759830145203,6.2743684865442075,6.2743684865442075e-06,627.4368486544207,7.188641783331014,7.188641783331014e-06,718.8641783331013
N13,production_nuclei,18.0,20.0,19.0,6.261314100580839,6.261314100580839e-06,626.1314100580839,5.425801202977401,5.425801202977401e-06,542.5801202977401,6.24062284433772,6.24062284433772e-06,624.062284433772,7.168471670775496,7.168471670775496e-06,716.8471670775496
N13,production_nuclei,20.0,22.0,21.0,6.219472134875073,6.219472134875073e-06,621.9472134875074,5.408230719535421,5.408230719535421e-06,540.8230719535421,6.213687206950884,6.213687206950884e-06,621.3687206950884,7.114811708390623,7.114811708390623e-06,711.4811708390623
N13,production_nuclei,22.0,24.0,23.0,6.172394382616515,6.172394382616515e-06,617.2394382616515,5.367524322550875,5.367524322550875e-06,536.7524322550876,6.1645872696981066,6.1645872696981065e-06,616.4587269698106,7.072124096752174,7.0721240967521735e-06,707.2124096752174
N13,production_nuclei,24.0,26.0,25.0,6.125100301671427,6.125100301671427e-06,612.5100301671428,5.331416035536306,5.331416035536307e-06,533.1416035536306,6.1232753599508705,6.12327535995087e-06,612.327535995087,7.043007835355405,7.043007835355405e-06,704.3007835355404
N13,production_nuclei,26.0,28.0,27.0,6.083744240317152,6.083744240317152e-06,608.3744240317152,5.295241553657106,5.295241553657106e-06,529.5241553657106,6.081055306727223,6.081055306727223e-06,608.1055306727224,7.017904817464952,7.017904817464953e-06,701.7904817464952
N13,production_nuclei,28.0,30.0,29.0,6.054308587970672,6.054308587970672e-06,605.4308587970672,5.28538407894922,5.28538407894922e-06,528.538407894922,6.051443857003084,6.051443857003084e-06,605.1443857003085,6.988181570249238,6.988181570249238e-06,698.8181570249238
N13,production_nuclei,30.0,32.0,31.0,6.040941186558569,6.040941186558568e-06,604.0941186558568,5.2638162895633895,5.263816289563389e-06,526.3816289563389,6.04514094633215,6.0451409463321504e-06,604.514094633215,6.974388266399899,6.974388266399899e-06,697.4388266399899
N13,production_nuclei,32.0,34.0,33.0,6.044658431159374,6.044658431159374e-06,604.4658431159374,5.278245493360936,5.278245493360936e-06,527.8245493360936,6.057887368209685,6.057887368209685e-06,605.7887368209684,6.974503268361744,6.9745032683617435e-06,697.4503268361743
N13,production_nuclei,34.0,36.0,35.0,6.06302083513768,6.06302083513768e-06,606.3020835137679,5.291084238845878,5.291084238845878e-06,529.1084238845878,6.084525429985198,6.084525429985198e-06,608.4525429985198,6.964676226988976,6.964676226988976e-06,696.4676226988976
N13,production_nuclei,36.0,38.0,37.0,6.0908612619787945,6.090861261978794e-06,609.0861261978795,5.302215500599804,5.302215500599804e-06,530.2215500599804,6.101074488058404,6.101074488058404e-06,610.1074488058404,6.989122488675018,6.9891224886750175e-06,698.9122488675017
N13,production_nuclei,38.0,40.0,39.0,6.12162808153429,6.12162808153429e-06,612.162808153429,5.319378789151038,5.319378789151038e-06,531.9378789151039,6.109515608263707,6.109515608263707e-06,610.9515608263707,7.006093876344021,7.0060938763440215e-06,700.6093876344021
N13,production_nuclei,40.0,42.0,41.0,6.148755825086115,6.148755825086116e-06,614.8755825086115,5.36037194175406,5.36037194175406e-06,536.0371941754061,6.1251883450233535,6.125188345023353e-06,612.5188345023354,7.035308483805567,7.035308483805567e-06,703.5308483805567
N13,production_nuclei,42.0,44.0,43.0,6.166686407843228,6.166686407843228e-06,616.6686407843227,5.359273867782233,5.359273867782233e-06,535.9273867782233,6.145308359861893,6.145308359861893e-06,614.5308359861893,7.056678261110569,7.0566782611105695e-06,705.6678261110569
N13,production_nuclei,44.0,46.0,45.0,6.171496910618787,6.1714969106187865e-06,617.1496910618787,5.369353306937144,5.369353306937144e-06,536.9353306937144,6.168124752999175,6.168124752999175e-06,616.8124752999174,7.0725285267595694,7.072528526759569e-06,707.2528526759569
N13,production_nuclei,46.0,48.0,47.0,6.161312685420154,6.161312685420154e-06,616.1312685420154,5.353817000705451,5.353817000705451e-06,535.3817000705451,6.158231869002735,6.158231869002735e-06,615.8231869002735,7.041927524617445,7.041927524617445e-06,704.1927524617445
N13,production_nuclei,48.0,50.0,49.0,6.136646993910975,6.136646993910975e-06,613.6646993910974,5.337762485731495,5.337762485731494e-06,533.7762485731495,6.142430222696298,6.142430222696298e-06,614.2430222696298,7.035699595683933,7.035699595683933e-06,703.5699595683933
N13,production_nuclei,50.0,52.0,51.0,6.100564678138014,6.1005646781380135e-06,610.0564678138013,5.352337259856,5.352337259856e-06,535.2337259856,6.115059451256185,6.115059451256185e-06,611.5059451256185,7.005899379737689,7.005899379737689e-06,700.5899379737689
N13,production_nuclei,52.0,54.0,53.0,6.058427456143765,6.058427456143765e-06,605.8427456143766,5.316330236704305,5.316330236704305e-06,531.6330236704305,6.067135793172639,6.067135793172639e-06,606.7135793172639,6.988709441967054,6.9887094419670545e-06,698.8709441967054
N13,production_nuclei,54.0,56.0,55.0,6.017111960908405,6.017111960908405e-06,601.7111960908405,5.285167557173901,5.2851675571739016e-06,528.5167557173901,6.021524477949406,6.021524477949406e-06,602.1524477949406,6.958712302807025,6.958712302807025e-06,695.8712302807024
N13,production_nuclei,56.0,58.0,57.0,5.983707533008956,5.983707533008956e-06,598.3707533008956,5.243290051340096,5.2432900513400954e-06,524.3290051340095,5.98858882230129,5.9885888223012905e-06,598.858882230129,6.931571821976156,6.931571821976156e-06,693.1571821976156
N13,production_nuclei,58.0,60.0,59.0,5.963645518105078,5.963645518105078e-06,596.3645518105077,5.235922340227278,5.235922340227278e-06,523.5922340227278,5.964375777673771,5.964375777673771e-06,596.4375777673771,6.903444772414992,6.903444772414992e-06,690.3444772414991
N13,production_nuclei,60.0,62.0,61.0,5.958542782893455,5.958542782893456e-06,595.8542782893455,5.2403935372442145,5.2403935372442144e-06,524.0393537244214,5.9640615073001255,5.964061507300125e-06,596.4061507300125,6.899963733727584,6.899963733727584e-06,689.9963733727584
N13,production_nuclei,62.0,64.0,63.0,5.9650133280075215,5.965013328007521e-06,596.5013328007522,5.249389640943632,5.249389640943633e-06,524.9389640943632,5.975754709765395,5.9757547097653954e-06,597.5754709765395,6.893836689912067,6.893836689912068e-06,689.3836689912067
N13,production_nuclei,64.0,66.0,65.0,5.976086733498861,5.976086733498861e-06,597.6086733498861,5.257842230799889,5.257842230799889e-06,525.7842230799888,5.988974168025595,5.988974168025595e-06,598.8974168025595,6.885077532371897,6.885077532371896e-06,688.5077532371896
N13,production_nuclei,66.0,68.0,67.0,5.9852756401769165,5.985275640176916e-06,598.5275640176916,5.254801691253239,5.2548016912532395e-06,525.4801691253239,5.9859778242043635,5.985977824204364e-06,598.5977824204364,6.882758108252519,6.882758108252519e-06,688.2758108252518
N13,production_nuclei,68.0,70.0,69.0,5.990613797266866,5.990613797266865e-06,599.0613797266866,5.272168983592065,5.272168983592065e-06,527.2168983592065,5.997132118244666,5.997132118244666e-06,599.7132118244666,6.889840455857957,6.8898404558579575e-06,688.9840455857957
N13,production_nuclei,70.0,72.0,71.0,5.9950252447855785,5.995025244785579e-06,599.5025244785578,5.280379449329403,5.280379449329403e-06,528.0379449329403,6.001077301274375,6.001077301274375e-06,600.1077301274374,6.884308141969285,6.884308141969285e-06,688.4308141969285
N13,production_nuclei,72.0,74.0,73.0,6.0020372728663745,6.002037272866374e-06,600.2037272866374,5.280613089042238,5.280613089042238e-06,528.0613089042238,6.009095341669014,6.009095341669014e-06,600.9095341669014,6.888126580579594,6.888126580579594e-06,688.8126580579594
N13,production_nuclei,74.0,76.0,75.0,6.0102960981186175,6.0102960981186175e-06,601.0296098118617,5.286062830612904,5.286062830612904e-06,528.6062830612904,6.0157036562649875,6.015703656264988e-06,601.5703656264988,6.898162193497235,6.898162193497235e-06,689.8162193497235
N13,production_nuclei,76.0,78.0,77.0,6.01192161459938,6.011921614599381e-06,601.192161459938,5.2742545098187374,5.2742545098187375e-06,527.4254509818737,6.015160212711528,6.0151602127115285e-06,601.5160212711528,6.9043426359238245,6.904342635923825e-06,690.4342635923824
N13,production_nuclei,78.0,80.0,79.0,5.996010112957682,5.996010112957683e-06,599.6010112957682,5.249168267758638,5.249168267758638e-06,524.9168267758638,6.003133761602673,6.003133761602673e-06,600.3133761602674,6.8806208645248255,6.880620864524825e-06,688.0620864524825
N13,production_nuclei,80.0,82.0,81.0,5.953594656251975,5.9535946562519755e-06,595.3594656251975,5.210552442347737,5.210552442347737e-06,521.0552442347737,5.944057460848445,5.944057460848445e-06,594.4057460848445,6.834139625550804,6.834139625550804e-06,683.4139625550804
N13,production_nuclei,82.0,84.0,83.0,5.879986147818526,5.879986147818526e-06,587.9986147818526,5.163410934224208,5.163410934224208e-06,516.3410934224208,5.858864547419975,5.858864547419974e-06,585.8864547419975,6.731235381219301,6.7312353812193014e-06,673.1235381219301
N13,production_nuclei,84.0,86.0,85.0,5.77303755205919,5.77303755205919e-06,577.303755205919,5.068137835941862,5.068137835941862e-06,506.81378359418613,5.740832132683137,5.7408321326831366e-06,574.0832132683137,6.6083592594463525,6.608359259446352e-06,660.8359259446353
N13,production_nuclei,86.0,88.0,87.0,5.626489578793583,5.626489578793583e-06,562.6489578793582,4.933181010077629,4.933181010077629e-06,493.3181010077629,5.576018610108182,5.576018610108182e-06,557.6018610108182,6.4197488777851985,6.4197488777851986e-06,641.9748877785198
N13,production_nuclei,88.0,90.0,89.0,5.420884175598959,5.42088417559896e-06,542.0884175598959,4.764406950569869,4.764406950569869e-06,476.4406950569869,5.365555901734621,5.365555901734621e-06,536.5555901734621,6.1501752331049095,6.1501752331049095e-06,615.0175233104909
N13,production_nuclei,90.0,92.0,91.0,5.12278261184202,5.122782611842019e-06,512.2782611842019,4.511842397120268,4.511842397120268e-06,451.1842397120268,5.075631051929685,5.075631051929685e-06,507.56310519296846,5.779598620822333,5.779598620822333e-06,577.9598620822333
N13,production_nuclei,92.0,94.0,93.0,4.702170223400396,4.702170223400396e-06,470.21702234003953,4.155044419354003,4.155044419354003e-06,415.50444193540034,4.660411869663905,4.660411869663905e-06,466.0411869663905,5.296768995938173,5.296768995938173e-06,529.6768995938173
N13,production_nuclei,94.0,96.0,95.0,4.161402332486178,4.161402332486178e-06,416.1402332486178,3.7189489016304837,3.718948901630484e-06,371.8948901630484,4.153319523672126,4.153319523672126e-06,415.3319523672126,4.695836990937988,4.695836990937988e-06,469.58369909379877
N13,production_nuclei,96.0,98.0,97.0,3.5525041011844687,3.5525041011844688e-06,355.25041011844684,3.2174280059953766,3.2174280059953765e-06,321.74280059953765,3.5812602846414814,3.581260284641481e-06,358.12602846414813,4.039400834963506,4.039400834963506e-06,403.9400834963506
N13,production_nuclei,98.0,100.0,99.0,2.9655127559034575,2.9655127559034576e-06,296.55127559034577,2.7163928977611778,2.7163928977611776e-06,271.6392897761178,3.019845845191586,3.019845845191586e-06,301.9845845191586,3.3926802192100007,3.3926802192100007e-06,339.26802192100007
N13,production_nuclei,100.0,102.0,101.0,2.4936377077433916,2.4936377077433915e-06,249.36377077433914,2.2838159877660393,2.2838159877660394e-06,228.38159877660394,2.548701991515262,2.5487019915152624e-06,254.8701991515262,2.8512034876163175,2.8512034876163176e-06,285.12034876163176
N13,production_nuclei,102.0,104.0,103.0,2.2725362012323296,2.2725362012323295e-06,227.25362012323296,2.082310462672797,2.082310462672797e-06,208.2310462672797,2.3195467501782003,2.3195467501782004e-06,231.95467501782002,2.5917657213646126,2.5917657213646125e-06,259.17657213646123
N13,production_nuclei,104.0,106.0,105.0,2.785286741422169,2.785286741422169e-06,278.5286741422169,2.560170729571233,2.560170729571233e-06,256.0170729571233,2.8479219905983526,2.8479219905983528e-06,284.79219905983524,3.193056428216886,3.1930564282168856e-06,319.3056428216886
N13,production_nuclei,106.0,108.0,107.0,4.870681851913766,4.870681851913766e-06,487.06818519137653,4.376027133936822,4.376027133936822e-06,437.6027133936822,4.913526706870265,4.913526706870264e-06,491.35267068702643,5.594145452910416,5.594145452910416e-06,559.4145452910416
N13,production_nuclei,108.0,110.0,109.0,8.349025109293834,8.349025109293834e-06,834.9025109293833,7.419639734979127,7.419639734979127e-06,741.9639734979128,8.41514234421096,8.415142344210959e-06,841.5142344210959,9.589113288767228,9.589113288767228e-06,958.9113288767228
N13,production_nuclei,110.0,112.0,111.0,12.273459026038301,1.22734590260383e-05,1227.3459026038302,11.02545125770863,1.102545125770863e-05,1102.545125770863,12.625151184878723,1.2625151184878724e-05,1262.5151184878723,14.55505231611638,1.455505231611638e-05,1455.5052316116378
N13,production_nuclei,112.0,114.0,113.0,0.0,0.0,0.0,0.0,0.0,0.0,0.0,0.0,0.0,0.0,0.0,0.0
N13,production_nuclei,114.0,116.0,115.0,0.0,0.0,0.0,0.0,0.0,0.0,0.0,0.0,0.0,0.0,0.0,0.0
N13,production_nuclei,116.0,118.0,117.0,0.0,0.0,0.0,0.0,0.0,0.0,0.0,0.0,0.0,0.0,0.0,0.0
N13,production_nuclei,118.0,120.0,119.0,0.0,0.0,0.0,0.0,0.0,0.0,0.0,0.0,0.0,0.0,0.0,0.0
N13,production_nuclei,120.0,122.0,121.0,0.0,0.0,0.0,0.0,0.0,0.0,0.0,0.0,0.0,0.0,0.0,0.0
all_production,production_nuclei,0.0,2.0,1.0,48.36925272195523,4.836925272195523e-05,4836.925272195523,45.980995304731906,4.5980995304731906e-05,4598.0995304731905,48.56753872121521,4.8567538721215205e-05,4856.7538721215205,51.32275723925253,5.132275723925253e-05,5132.275723925253
all_production,production_nuclei,2.0,4.0,3.0,48.49674963136968,4.849674963136968e-05,4849.6749631369685,46.10135330763799,4.610135330763799e-05,4610.135330763799,48.672033547574515,4.867203354757451e-05,4867.203354757451,51.467245447725155,5.1467245447725154e-05,5146.724544772515
all_production,production_nuclei,4.0,6.0,5.0,48.626373589710255,4.862637358971025e-05,4862.637358971026,46.22898878934511,4.622898878934511e-05,4622.898878934511,48.77016850736601,4.877016850736601e-05,4877.016850736601,51.62210223461,5.162210223461e-05,5162.210223460999
all_production,production_nuclei,6.0,8.0,7.0,48.756799866824394,4.875679986682439e-05,4875.679986682439,46.36018887960562,4.6360188879605624e-05,4636.018887960562,48.87224502252878,4.887224502252878e-05,4887.224502252878,51.7838121844821,5.17838121844821e-05,5178.38121844821
all_production,production_nuclei,8.0,10.0,9.0,48.88762753245932,4.888762753245932e-05,4888.762753245932,46.49748958587138,4.6497489585871375e-05,4649.748958587138,48.9903757881612,4.8990375788161206e-05,4899.03757881612,51.922856158864775,5.192285615886477e-05,5192.285615886477
all_production,production_nuclei,10.0,12.0,11.0,49.01900064670454,4.901900064670454e-05,4901.900064670454,46.612029769683,4.6612029769682996e-05,4661.2029769682995,49.09373874883532,4.909373874883532e-05,4909.373874883532,52.064007771681275,5.2064007771681276e-05,5206.400777168127
all_production,production_nuclei,12.0,14.0,13.0,49.15147751771675,4.915147751771675e-05,4915.147751771675,46.73163100317552,4.673163100317552e-05,4673.163100317553,49.19164187206712,4.9191641872067125e-05,4919.164187206712,52.21521453783284,5.2215214537832846e-05,5221.521453783284
all_production,production_nuclei,14.0,16.0,15.0,49.28626030863997,4.928626030863997e-05,4928.626030863997,46.87891974704443,4.687891974704443e-05,4687.891974704443,49.33728374299875,4.933728374299875e-05,4933.728374299875,52.38061095995343,5.238061095995343e-05,5238.061095995343
all_production,production_nuclei,16.0,18.0,17.0,49.425765479652924,4.9425765479652926e-05,4942.576547965292,47.00760726740388,4.7007607267403876e-05,4700.760726740387,49.48351680385871,4.9483516803858714e-05,4948.351680385871,52.52433579869182,5.2524335798691825e-05,5252.433579869182
all_production,production_nuclei,18.0,20.0,19.0,49.57432538508799,4.957432538508799e-05,4957.432538508799,47.1466686908082,4.7146668690808196e-05,4714.66686908082,49.6626856968096,4.96626856968096e-05,4966.26856968096,52.7103478784723,5.27103478784723e-05,5271.034787847229
all_production,production_nuclei,20.0,22.0,21.0,49.738668906511066,4.973866890651106e-05,4973.866890651107,47.32756672663306,4.732756672663306e-05,4732.756672663306,49.8300210985062,4.98300210985062e-05,4983.00210985062,52.95642469937228,5.2956424699372274e-05,5295.642469937227
all_production,production_nuclei,22.0,24.0,23.0,49.92781270701267,4.992781270701267e-05,4992.781270701267,47.54616648726136,4.754616648726136e-05,4754.616648726136,50.01383960723453,5.001383960723453e-05,5001.383960723453,53.16085225448092,5.316085225448092e-05,5316.085225448092
all_production,production_nuclei,24.0,26.0,25.0,50.1520685087775,5.0152068508777505e-05,5015.20685087775,47.734813553616775,4.7734813553616775e-05,4773.481355361678,50.254978547610584,5.025497854761059e-05,5025.497854761058,53.42809028913846,5.342809028913846e-05,5342.809028913846
all_production,production_nuclei,26.0,28.0,27.0,50.421016661288085,5.042101666128808e-05,5042.101666128809,47.96848614186853,4.7968486141868534e-05,4796.848614186853,50.54274447719259,5.054274447719259e-05,5054.274447719259,53.7274491927151,5.37274491927151e-05,5372.744919271509
all_production,production_nuclei,28.0,30.0,29.0,50.74062489594554,5.0740624895945535e-05,5074.062489594554,48.229007068204,4.8229007068203995e-05,4822.9007068204,50.8599194962828,5.08599194962828e-05,5085.99194962828,54.05715576709768,5.405715576709768e-05,5405.715576709768
all_production,production_nuclei,30.0,32.0,31.0,51.11027123830807,5.1110271238308076e-05,5111.027123830807,48.55094300824649,4.855094300824649e-05,4855.0943008246495,51.23900600243681,5.123900600243681e-05,5123.900600243681,54.43266442746248,5.4432664427462475e-05,5443.266442746248
all_production,production_nuclei,32.0,34.0,33.0,51.52098170918731,5.152098170918731e-05,5152.098170918731,48.92329007886054,4.892329007886054e-05,4892.329007886054,51.64248161240168,5.1642481612401684e-05,5164.248161240168,54.838416102624926,5.483841610262492e-05,5483.841610262492
all_production,production_nuclei,34.0,36.0,35.0,51.956156609378816,5.1956156609378815e-05,5195.615660937881,49.31946790374059,4.931946790374059e-05,4931.946790374059,52.0877217820859,5.20877217820859e-05,5208.77217820859,55.261023746945455,5.5261023746945455e-05,5526.102374694546
all_production,production_nuclei,36.0,38.0,37.0,52.3951285304675,5.23951285304675e-05,5239.51285304675,49.69116452249549,4.969116452249549e-05,4969.116452249549,52.506866137659536,5.2506866137659534e-05,5250.686613765954,55.74162789070502,5.574162789070502e-05,5574.162789070501
all_production,production_nuclei,38.0,40.0,39.0,52.8184283640285,5.28184283640285e-05,5281.84283640285,50.048051983552334,5.0048051983552336e-05,5004.805198355233,52.93692771480366,5.2936927714803656e-05,5293.692771480366,56.16706481484785,5.6167064814847845e-05,5616.7064814847845
all_production,production_nuclei,40.0,42.0,41.0,53.21249720266331,5.321249720266331e-05,5321.249720266331,50.34693509880441,5.034693509880441e-05,5034.693509880441,53.30796061485559,5.330796061485559e-05,5330.796061485558,56.567993797681325,5.6567993797681323e-05,5656.799379768132
all_production,production_nuclei,42.0,44.0,43.0,53.57164487501143,5.357164487501143e-05,5357.1644875011425,50.62463481100164,5.062463481100164e-05,5062.463481100164,53.63451992837236,5.3634519928372364e-05,5363.4519928372365,56.95239104380156,5.695239104380156e-05,5695.239104380156
all_production,production_nuclei,44.0,46.0,45.0,53.89658440862428,5.389658440862428e-05,5389.658440862428,50.911243140576396,5.091124314057639e-05,5091.12431405764,53.96405879955549,5.396405879955549e-05,5396.405879955549,57.28297128295167,5.728297128295167e-05,5728.297128295167
all_production,production_nuclei,46.0,48.0,47.0,54.190969112044264,5.419096911204426e-05,5419.096911204427,51.1766863086978,5.1176686308697806e-05,5117.66863086978,54.29696127329818,5.429696127329818e-05,5429.6961273298175,57.574318120517695,5.7574318120517696e-05,5757.431812051769
all_production,production_nuclei,48.0,50.0,49.0,54.45837263868813,5.4458372638688135e-05,5445.837263868813,51.44701391453233,5.1447013914532325e-05,5144.701391453233,54.52552804652646,5.452552804652646e-05,5452.552804652646,57.84248443029539,5.784248443029539e-05,5784.248443029539
all_production,production_nuclei,50.0,52.0,51.0,54.70132843565092,5.470132843565092e-05,5470.132843565092,51.727079326005274,5.172707932600527e-05,5172.707932600527,54.82056368779842,5.482056368779842e-05,5482.056368779842,58.13748548368821,5.8137485483688206e-05,5813.748548368821
all_production,production_nuclei,52.0,54.0,53.0,54.92240097115084,5.492240097115084e-05,5492.240097115085,51.98361977752213,5.198361977752213e-05,5198.361977752213,55.04296757585527,5.504296757585527e-05,5504.296757585527,58.41795655205804,5.8417956552058035e-05,5841.795655205804
all_production,production_nuclei,54.0,56.0,55.0,55.12608015034205,5.5126080150342045e-05,5512.608015034205,52.181761685835525,5.2181761685835526e-05,5218.176168583553,55.303644220977176,5.530364422097718e-05,5530.364422097718,58.69664708379526,5.869664708379526e-05,5869.664708379526
all_production,production_nuclei,56.0,58.0,57.0,55.31964509990409,5.5319645099904095e-05,5531.964509990409,52.40719086813849,5.2407190868138496e-05,5240.71908681385,55.48165611596034,5.548165611596034e-05,5548.165611596034,58.88479710627646,5.888479710627646e-05,5888.4797106276455
all_production,production_nuclei,58.0,60.0,59.0,55.51111494675767,5.551111494675767e-05,5551.111494675767,52.62085219402597,5.262085219402597e-05,5262.085219402597,55.7380928019932,5.5738092801993196e-05,5573.80928019932,59.064574536773684,5.906457453677368e-05,5906.457453677368
all_production,production_nuclei,60.0,62.0,61.0,55.704311224130265,5.570431122413026e-05,5570.431122413026,52.85647515613142,5.285647515613142e-05,5285.647515613142,55.88791707850308,5.588791707850308e-05,5588.791707850308,59.29340388493969,5.929340388493969e-05,5929.340388493969
all_production,production_nuclei,62.0,64.0,63.0,55.89498439980753,5.589498439980753e-05,5589.498439980753,53.06238362077107,5.306238362077107e-05,5306.238362077107,56.05076984136504,5.605076984136504e-05,5605.076984136504,59.49320351647272,5.949320351647272e-05,5949.320351647271
all_production,production_nuclei,64.0,66.0,65.0,56.074018577656695,5.607401857765669e-05,5607.40185776567,53.28496693688621,5.3284966936886205e-05,5328.49669368862,56.222397875187994,5.6222397875187995e-05,5622.239787518799,59.69160677353365,5.969160677353365e-05,5969.160677353365
all_production,production_nuclei,66.0,68.0,67.0,56.23917016049022,5.623917016049022e-05,5623.917016049022,53.449420098199205,5.3449420098199204e-05,5344.942009819921,56.42212829550758,5.6422128295507576e-05,5642.212829550757,59.8600310327373,5.98600310327373e-05,5986.00310327373
all_production,production_nuclei,68.0,70.0,69.0,56.407061039195774,5.6407061039195776e-05,5640.706103919577,53.62843748751716,5.362843748751716e-05,5362.843748751716,56.55463717987995,5.6554637179879945e-05,5655.463717987995,59.98495274560764,5.998495274560764e-05,5998.495274560764
all_production,production_nuclei,70.0,72.0,71.0,56.61201337177973,5.661201337177973e-05,5661.201337177973,53.85879632046404,5.3858796320464035e-05,5385.8796320464035,56.79697391019095,5.679697391019095e-05,5679.6973910190945,60.24053496045753,6.024053496045753e-05,6024.053496045753
all_production,production_nuclei,72.0,74.0,73.0,56.887111249511946,5.688711124951195e-05,5688.7111249511945,54.08345535500571,5.408345535500571e-05,5408.345535500571,57.05726573487333,5.7057265734873335e-05,5705.726573487334,60.49739247749589,6.049739247749589e-05,6049.73924774959
all_production,production_nuclei,74.0,76.0,75.0,57.24115446347979,5.724115446347979e-05,5724.115446347979,54.43499213318234,5.443499213318234e-05,5443.499213318234,57.41819051597024,5.741819051597024e-05,5741.819051597024,60.875670152145034,6.0875670152145036e-05,6087.567015214503
all_production,production_nuclei,76.0,78.0,77.0,57.65405953049441,5.7654059530494406e-05,5765.4059530494405,54.88702106489195,5.488702106489195e-05,5488.702106489194,57.813020499658506,5.7813020499658506e-05,5781.3020499658505,61.29246958553686,6.129246958553686e-05,6129.2469585536855
all_production,production_nuclei,78.0,80.0,79.0,58.0982756470375,5.8098275647037495e-05,5809.82756470375,55.21796556574821,5.521796556574821e-05,5521.796556574821,58.25198946179104,5.825198946179104e-05,5825.198946179104,61.74574234406277,6.174574234406277e-05,6174.574234406276
all_production,production_nuclei,80.0,82.0,81.0,58.5664554878466,5.8566455487846606e-05,5856.645548784661,55.65321437167859,5.565321437167859e-05,5565.321437167859,58.74130074925445,5.874130074925445e-05,5874.130074925445,62.27500229169627,6.227500229169626e-05,6227.500229169626
all_production,production_nuclei,82.0,84.0,83.0,59.07700533310107,5.907700533310107e-05,5907.700533310107,56.13704485252617,5.613704485252617e-05,5613.704485252617,59.280150892902796,5.9280150892902795e-05,5928.015089290279,62.853827992240724,6.285382799224072e-05,6285.382799224072
all_production,production_nuclei,84.0,86.0,85.0,59.64926288761487,5.9649262887614866e-05,5964.926288761487,56.717743287175225,5.671774328717522e-05,5671.774328717523,59.864622210497416,5.9864622210497414e-05,5986.462221049742,63.45237787818033,6.345237787818033e-05,6345.237787818032
all_production,production_nuclei,86.0,88.0,87.0,60.26311150905731,6.0263111509057314e-05,6026.311150905731,57.266628398066665,5.7266628398066665e-05,5726.662839806666,60.41800222469705,6.041800222469705e-05,6041.800222469705,64.01504380447952,6.401504380447952e-05,6401.504380447952
all_production,production_nuclei,88.0,90.0,89.0,60.824153610460186,6.082415361046019e-05,6082.415361046019,57.73987875042767,5.773987875042767e-05,5773.987875042767,60.92582446471748,6.092582446471748e-05,6092.582446471748,64.55900008123855,6.455900008123855e-05,6455.900008123855
all_production,production_nuclei,90.0,92.0,91.0,61.15303053901517,6.115303053901517e-05,6115.303053901517,57.93099955668847,5.7930999556688466e-05,5793.099955668847,61.14592513819281,6.11459251381928e-05,6114.592513819281,64.82495142005699,6.482495142005698e-05,6482.495142005699
all_production,production_nuclei,92.0,94.0,93.0,61.007248356871195,6.1007248356871195e-05,6100.72483568712,57.65464322464715,5.765464322464715e-05,5765.464322464715,60.93531147701117,6.093531147701117e-05,6093.531147701116,64.6465222001192,6.46465222001192e-05,6464.652220011919
all_production,production_nuclei,94.0,96.0,95.0,60.13216707787059,6.013216707787059e-05,6013.216707787059,56.78560437899449,5.678560437899449e-05,5678.560437899449,60.05865470108988,6.005865470108988e-05,6005.865470108988,63.64718240095324,6.364718240095324e-05,6364.718240095324
all_production,production_nuclei,96.0,98.0,97.0,58.35247485984124,5.835247485984124e-05,5835.247485984123,55.12313207589819,5.512313207589819e-05,5512.313207589819,58.32768647718997,5.832768647718997e-05,5832.768647718997,61.8135802497564,6.18135802497564e-05,6181.35802497564
all_production,production_nuclei,98.0,100.0,99.0,55.6811325701409,5.5681132570140905e-05,5568.11325701409,52.674975466604806,5.267497546660481e-05,5267.49754666048,55.644142483801495,5.5644142483801495e-05,5564.41424838015,59.168631916076144,5.916863191607615e-05,5916.863191607615
all_production,production_nuclei,100.0,102.0,101.0,52.20697518184878,5.220697518184878e-05,5220.697518184878,49.32741604236102,4.932741604236102e-05,4932.741604236102,52.1297342333026,5.21297342333026e-05,5212.97342333026,55.49310199053803,5.549310199053803e-05,5549.3101990538025
all_production,production_nuclei,102.0,104.0,103.0,47.449384499982145,4.7449384499982146e-05,4744.938449998214,44.6576807387065,4.46576807387065e-05,4465.76807387065,47.276375295779154,4.7276375295779153e-05,4727.637529577915,50.4833775824921,5.0483377582492105e-05,5048.33775824921
all_production,production_nuclei,104.0,106.0,105.0,39.7444219249034,3.97444219249034e-05,3974.44219249034,37.39506848634708,3.739506848634708e-05,3739.5068486347077,39.717001037049094,3.9717001037049095e-05,3971.7001037049095,42.43934877707344,4.2439348777073443e-05,4243.934877707344
all_production,production_nuclei,106.0,108.0,107.0,28.183991760111333,2.8183991760111333e-05,2818.399176011133,26.684486875106472,2.6684486875106472e-05,2668.4486875106472,28.278634804127357,2.8278634804127358e-05,2827.8634804127355,30.27732233523634,3.027732233523634e-05,3027.732233523634
all_production,production_nuclei,108.0,110.0,109.0,17.050512627882178,1.7050512627882178e-05,1705.0512627882176,16.067275604778917,1.6067275604778918e-05,1606.7275604778918,17.292836591633513,1.7292836591633513e-05,1729.2836591633513,18.660409576957527,1.8660409576957525e-05,1866.0409576957527
all_production,production_nuclei,110.0,112.0,111.0,12.995221755070009,1.2995221755070009e-05,1299.5221755070008,11.741362741026613,1.1741362741026613e-05,1174.1362741026612,13.348044211392182,1.3348044211392182e-05,1334.8044211392182,15.286450623588458,1.5286450623588458e-05,1528.6450623588457
all_production,production_nuclei,112.0,114.0,113.0,0.0,0.0,0.0,0.0,0.0,0.0,0.0,0.0,0.0,0.0,0.0,0.0
all_production,production_nuclei,114.0,116.0,115.0,0.0,0.0,0.0,0.0,0.0,0.0,0.0,0.0,0.0,0.0,0.0,0.0
all_production,production_nuclei,116.0,118.0,117.0,0.0,0.0,0.0,0.0,0.0,0.0,0.0,0.0,0.0,0.0,0.0,0.0
all_production,production_nuclei,118.0,120.0,119.0,0.0,0.0,0.0,0.0,0.0,0.0,0.0,0.0,0.0,0.0,0.0,0.0
all_production,production_nuclei,120.0,122.0,121.0,0.0,0.0,0.0,0.0,0.0,0.0,0.0,0.0,0.0,0.0,0.0,0.0
all_inroom,measured_decays,0.0,2.0,1.0,22.334478952592725,2.2334478952592725e-05,2233.4478952592726,21.24432745325208,2.124432745325208e-05,2124.432745325208,22.439555308973524,2.2439555308973524e-05,2243.955530897352,23.77031280282439,2.3770312802824388e-05,2377.0312802824387
all_inroom,measured_decays,2.0,4.0,3.0,22.394277171131982,2.2394277171131982e-05,2239.427717113198,21.29750241127458,2.1297502411274577e-05,2129.7502411274577,22.49153965092461,2.2491539650924613e-05,2249.153965092461,23.836400208021868,2.3836400208021867e-05,2383.640020802187
all_inroom,measured_decays,4.0,6.0,5.0,22.454740125465595,2.2454740125465593e-05,2245.4740125465596,21.361739506482888,2.136173950648289e-05,2136.1739506482886,22.542542601303225,2.2542542601303226e-05,2254.2542601303226,23.88078418004238,2.388078418004238e-05,2388.078418004238
all_inroom,measured_decays,6.0,8.0,7.0,22.515000107776537,2.2515000107776537e-05,2251.5000107776536,21.41925884909541,2.141925884909541e-05,2141.925884909541,22.595707337129284,2.2595707337129285e-05,2259.5707337129284,23.95234127534856,2.3952341275348558e-05,2395.234127534856
all_inroom,measured_decays,8.0,10.0,9.0,22.574518007016,2.2574518007016e-05,2257.4518007016,21.46805189442957,2.146805189442957e-05,2146.8051894429573,22.647705302398652,2.2647705302398653e-05,2264.7705302398654,24.01978622129653,2.401978622129653e-05,2401.978622129653
all_inroom,measured_decays,10.0,12.0,11.0,22.632957004290574,2.2632957004290575e-05,2263.2957004290574,21.530471916794255,2.1530471916794256e-05,2153.0471916794254,22.703155216478375,2.2703155216478375e-05,2270.3155216478376,24.07844529459156,2.407844529459156e-05,2407.844529459156
all_inroom,measured_decays,12.0,14.0,13.0,22.690188035262366,2.2690188035262367e-05,2269.0188035262368,21.585377512288222,2.1585377512288222e-05,2158.5377512288223,22.76074967637099,2.276074967637099e-05,2276.074967637099,24.135822719987917,2.4135822719987916e-05,2413.582271998792
all_inroom,measured_decays,14.0,16.0,15.0,22.746451459824463,2.2746451459824462e-05,2274.645145982446,21.647456394400542,2.164745639440054e-05,2164.745639440054,22.829246514379722,2.282924651437972e-05,2282.924651437972,24.18466906258128,2.418466906258128e-05,2418.466906258128
all_inroom,measured_decays,16.0,18.0,17.0,22.802657824783545,2.2802657824783543e-05,2280.2657824783546,21.720635135126148,2.172063513512615e-05,2172.063513512615,22.898548823327346,2.2898548823327347e-05,2289.8548823327346,24.262564722759635,2.4262564722759636e-05,2426.2564722759635
all_inroom,measured_decays,18.0,20.0,19.0,22.860748762009855,2.2860748762009854e-05,2286.0748762009853,21.773791932150527,2.1773791932150526e-05,2177.3791932150525,22.964306784386054,2.2964306784386054e-05,2296.4306784386054,24.334618914491084,2.4334618914491083e-05,2433.4618914491084
all_inroom,measured_decays,20.0,22.0,21.0,22.92397742730009,2.292397742730009e-05,2292.397742730009,21.831031226543523,2.1831031226543522e-05,2183.1031226543523,23.02796188456483,2.3027961884564832e-05,2302.796188456483,24.386458402414874,2.4386458402414873e-05,2438.6458402414873
all_inroom,measured_decays,22.0,24.0,23.0,22.996929919765613,2.2996929919765613e-05,2299.692991976561,21.911300234453723,2.1911300234453724e-05,2191.1300234453724,23.0995881249152,2.30995881249152e-05,2309.95881249152,24.48318893462143,2.448318893462143e-05,2448.318893462143
all_inroom,measured_decays,24.0,26.0,25.0,23.085099565518586,2.3085099565518587e-05,2308.5099565518585,21.99253643292308,2.199253643292308e-05,2199.253643292308,23.193157085752176,2.3193157085752175e-05,2319.3157085752177,24.59317152048772,2.459317152048772e-05,2459.3171520487717
all_inroom,measured_decays,26.0,28.0,27.0,23.193879763561917,2.3193879763561917e-05,2319.3879763561918,22.09120416380189,2.209120416380189e-05,2209.120416380189,23.288851277710613,2.3288851277710613e-05,2328.8851277710614,24.705635563686304,2.4705635563686303e-05,2470.5635563686305
all_inroom,measured_decays,28.0,30.0,29.0,23.32703824509607,2.332703824509607e-05,2332.703824509607,22.235138149584913,2.223513814958491e-05,2223.5138149584914,23.40745980436425,2.3407459804364252e-05,2340.7459804364253,24.86612345562486,2.486612345562486e-05,2486.6123455624856
all_inroom,measured_decays,30.0,32.0,31.0,23.485085262223567,2.3485085262223568e-05,2348.5085262223565,22.356388489771906,2.2356388489771905e-05,2235.6388489771907,23.572083621366048,2.3572083621366048e-05,2357.2083621366046,25.032710329396437,2.5032710329396438e-05,2503.2710329396436
all_inroom,measured_decays,32.0,34.0,33.0,23.664256456673815,2.3664256456673815e-05,2366.4256456673816,22.520475927002725,2.2520475927002724e-05,2252.0475927002726,23.752487112265694,2.3752487112265694e-05,2375.2487112265694,25.21070134174493,2.521070134174493e-05,2521.070134174493
all_inroom,measured_decays,34.0,36.0,35.0,23.85678860987398,2.385678860987398e-05,2385.678860987398,22.67686152566275,2.267686152566275e-05,2267.6861525662753,23.931715304943594,2.3931715304943595e-05,2393.1715304943596,25.380922713780457,2.5380922713780458e-05,2538.0922713780456
all_inroom,measured_decays,36.0,38.0,37.0,24.05265087471757,2.405265087471757e-05,2405.265087471757,22.848126025251325,2.2848126025251326e-05,2284.8126025251327,24.111334928903958,2.4111334928903957e-05,2411.1334928903957,25.5946465563068,2.5594646556306797e-05,2559.4646556306798
all_inroom,measured_decays,38.0,40.0,39.0,24.24214373369888,2.4242143733698882e-05,2424.214373369888,22.994173243931726,2.2994173243931727e-05,2299.4173243931727,24.280588340205107,2.4280588340205108e-05,2428.0588340205104,25.754748904977447,2.575474890497745e-05,2575.4748904977446
all_inroom,measured_decays,40.0,42.0,41.0,24.41824247519459,2.441824247519459e-05,2441.824247519459,23.170091679612142,2.317009167961214e-05,2317.009167961214,24.465457238159086,2.4465457238159085e-05,2446.5457238159083,25.925113901260993,2.5925113901260992e-05,2592.5113901260993
all_inroom,measured_decays,42.0,44.0,43.0,24.577628796380015,2.4577628796380014e-05,2457.7628796380013,23.343116190603087,2.3343116190603088e-05,2334.3116190603087,24.635333343170526,2.4635333343170524e-05,2463.5333343170523,26.099208435040698,2.6099208435040697e-05,2609.9208435040696
all_inroom,measured_decays,44.0,46.0,45.0,24.72010169887716,2.4720101698877158e-05,2472.0101698877156,23.465505067864683,2.3465505067864684e-05,2346.5505067864683,24.77397496706371,2.4773974967063712e-05,2477.397496706371,26.24211560954895,2.624211560954895e-05,2624.211560954895
all_inroom,measured_decays,46.0,48.0,47.0,24.847048476184995,2.4847048476184995e-05,2484.7048476184996,23.552094138655537,2.3552094138655537e-05,2355.209413865554,24.910095314615063,2.4910095314615064e-05,2491.0095314615064,26.400572368809595,2.6400572368809596e-05,2640.0572368809594
all_inroom,measured_decays,48.0,50.0,49.0,24.960118271104058,2.4960118271104056e-05,2496.0118271104056,23.643120013075837,2.3643120013075836e-05,2364.3120013075836,25.042660921854488,2.504266092185449e-05,2504.2660921854485,26.527682653881815,2.6527682653881816e-05,2652.7682653881816
all_inroom,measured_decays,50.0,52.0,51.0,25.06083113798734,2.506083113798734e-05,2506.083113798734,23.746447787338973,2.3746447787338973e-05,2374.644778733897,25.164911472750298,2.5164911472750298e-05,2516.4911472750296,26.64431870500488,2.6644318705004883e-05,2664.431870500488
all_inroom,measured_decays,52.0,54.0,53.0,25.15107255865919,2.5151072558659192e-05,2515.107255865919,23.856084256852355,2.3856084256852356e-05,2385.6084256852355,25.26730922331251,2.5267309223312507e-05,2526.730922331251,26.737545413611507,2.6737545413611507e-05,2673.7545413611506
all_inroom,measured_decays,54.0,56.0,55.0,25.233883289652013,2.5233883289652013e-05,2523.3883289652013,23.953489980932652,2.395348998093265e-05,2395.348998093265,25.349010696846165,2.5349010696846164e-05,2534.9010696846162,26.82250452277178,2.682250452277178e-05,2682.250452277178
all_inroom,measured_decays,56.0,58.0,57.0,25.31367136867909,2.5313671368679088e-05,2531.367136867909,24.04514975211736,2.404514975211736e-05,2404.514975211736,25.432408252407438,2.543240825240744e-05,2543.2408252407436,26.924521377853242,2.6924521377853243e-05,2692.4521377853243
all_inroom,measured_decays,58.0,60.0,59.0,25.394973614648677,2.539497361464868e-05,2539.4973614648675,24.131804940092344,2.4131804940092343e-05,2413.1804940092343,25.501273637090662,2.5501273637090663e-05,2550.1273637090662,27.01773111269448,2.701773111269448e-05,2701.7731112694482
all_inroom,measured_decays,60.0,62.0,61.0,25.479842311696235,2.5479842311696233e-05,2547.9842311696234,24.232447637220826,2.4232447637220827e-05,2423.2447637220826,25.591823102846554,2.5591823102846555e-05,2559.182310284655,27.107580986020487,2.7107580986020486e-05,2710.7580986020484
all_inroom,measured_decays,62.0,64.0,63.0,25.56587280984688,2.556587280984688e-05,2556.587280984688,24.331005794056566,2.4331005794056564e-05,2433.1005794056564,25.67210928134547,2.567210928134547e-05,2567.210928134547,27.201494929805293,2.7201494929805292e-05,2720.1494929805294
all_inroom,measured_decays,64.0,66.0,65.0,25.647859940376744,2.5647859940376744e-05,2564.7859940376743,24.423686369204418,2.442368636920442e-05,2442.368636920442,25.75043086026892,2.575043086026892e-05,2575.043086026892,27.298436664791915,2.7298436664791916e-05,2729.8436664791916
all_inroom,measured_decays,66.0,68.0,67.0,25.7237362394866,2.57237362394866e-05,2572.3736239486598,24.500486534451923,2.4500486534451923e-05,2450.0486534451925,25.838950301401326,2.5838950301401327e-05,2583.8950301401323,27.35213056680311,2.735213056680311e-05,2735.2130566803107
all_inroom,measured_decays,68.0,70.0,69.0,25.800619403942097,2.5800619403942098e-05,2580.0619403942096,24.583591196284225,2.4583591196284224e-05,2458.3591196284224,25.91855974788959,2.5918559747889588e-05,2591.855974788959,27.39869122297562,2.739869122297562e-05,2739.869122297562
all_inroom,measured_decays,70.0,72.0,71.0,25.89433670156209,2.5894336701562088e-05,2589.433670156209,24.669789845841628,2.4669789845841628e-05,2466.978984584163,26.005444453173087,2.6005444453173086e-05,2600.5444453173086,27.49679963664173,2.7496799636641728e-05,2749.6799636641726
all_inroom,measured_decays,72.0,74.0,73.0,26.020176092498243,2.6020176092498244e-05,2602.017609249824,24.778967647480908,2.4778967647480907e-05,2477.896764748091,26.139660148038594,2.6139660148038595e-05,2613.9660148038593,27.63213299903357,2.763213299903357e-05,2763.213299903357
all_inroom,measured_decays,74.0,76.0,75.0,26.18156464321548,2.618156464321548e-05,2618.156464321548,24.92812710390882,2.492812710390882e-05,2492.812710390882,26.31817699551008,2.631817699551008e-05,2631.817699551008,27.787752283277072,2.778775228327707e-05,2778.7752283277073
all_inroom,measured_decays,76.0,78.0,77.0,26.36767029722872,2.636767029722872e-05,2636.767029722872,25.090310411468252,2.5090310411468253e-05,2509.0310411468254,26.479562282552127,2.6479562282552128e-05,2647.956228255213,28.001371386411307,2.8001371386411308e-05,2800.1371386411306
all_inroom,measured_decays,78.0,80.0,79.0,26.563609061618443,2.6563609061618444e-05,2656.3609061618445,25.284780066875825,2.5284780066875827e-05,2528.4780066875824,26.67437105806078,2.667437105806078e-05,2667.437105806078,28.193068858715055,2.8193068858715055e-05,2819.3068858715055
all_inroom,measured_decays,80.0,82.0,81.0,26.7638210694977,2.67638210694977e-05,2676.38210694977,25.491918719457406,2.5491918719457407e-05,2549.1918719457403,26.885160258349426,2.6885160258349425e-05,2688.5160258349424,28.423031076654166,2.8423031076654164e-05,2842.3031076654165
all_inroom,measured_decays,82.0,84.0,83.0,26.97517957822401,2.697517957822401e-05,2697.517957822401,25.69869147793232,2.569869147793232e-05,2569.869147793232,27.075070830613683,2.7075070830613683e-05,2707.507083061368,28.643673630627426,2.8643673630627425e-05,2864.3673630627427
all_inroom,measured_decays,84.0,86.0,85.0,27.205774943734355,2.7205774943734354e-05,2720.5774943734355,25.895482009032346,2.5895482009032346e-05,2589.5482009032344,27.324218488402504,2.7324218488402505e-05,2732.4218488402503,28.8622320833573,2.88622320833573e-05,2886.22320833573
all_inroom,measured_decays,86.0,88.0,87.0,27.44572451174373,2.744572451174373e-05,2744.572451174373,26.10820604933807,2.6108206049338068e-05,2610.820604933807,27.55332010618804,2.755332010618804e-05,2755.332010618804,29.10260378277447,2.910260378277447e-05,2910.2603782774468
all_inroom,measured_decays,88.0,90.0,89.0,27.64987488008771,2.7649874880087713e-05,2764.987488008771,26.289739679883652,2.6289739679883653e-05,2628.973967988365,27.70346388563663,2.770346388563663e-05,2770.346388563663,29.279686493808935,2.9279686493808934e-05,2927.9686493808936
all_inroom,measured_decays,90.0,92.0,91.0,27.732682541363488,2.7732682541363487e-05,2773.268254136349,26.308453341030976,2.6308453341030978e-05,2630.8453341030977,27.723244826946953,2.7723244826946953e-05,2772.3244826946952,29.332648083014107,2.9332648083014107e-05,2933.2648083014105
all_inroom,measured_decays,92.0,94.0,93.0,27.58085789597976,2.758085789597976e-05,2758.085789597976,26.11243527706274,2.611243527706274e-05,2611.243527706274,27.5425415755917,2.75425415755917e-05,2754.25415755917,29.149988080120774,2.9149988080120773e-05,2914.9988080120775
all_inroom,measured_decays,94.0,96.0,95.0,27.081275629387306,2.7081275629387306e-05,2708.1275629387305,25.61223566961788,2.5612235669617882e-05,2561.223566961788,27.057679886809552,2.7057679886809553e-05,2705.767988680955,28.617176122281204,2.8617176122281205e-05,2861.7176122281203
all_inroom,measured_decays,96.0,98.0,97.0,26.16506357294887,2.616506357294887e-05,2616.506357294887,24.75991689404232,2.475991689404232e-05,2475.991689404232,26.15783194413242,2.6157831944132417e-05,2615.7831944132417,27.686458987904008,2.7686458987904008e-05,2768.6458987904007
all_inroom,measured_decays,98.0,100.0,99.0,24.854285031393278,2.485428503139328e-05,2485.428503139328,23.593044607640802,2.3593044607640802e-05,2359.30446076408,24.85187060087572,2.485187060087572e-05,2485.187060087572,26.366988378757828,2.6366988378757827e-05,2636.698837875783
all_inroom,measured_decays,100.0,102.0,101.0,23.207158887361853,2.320715888736185e-05,2320.715888736185,21.97909636676379,2.1979096366763792e-05,2197.9096366763793,23.191832068757122,2.319183206875712e-05,2319.183206875712,24.618434614657087,2.4618434614657086e-05,2461.8434614657085
all_inroom,measured_decays,102.0,104.0,103.0,21.04594523779766,2.104594523779766e-05,2104.594523779766,19.85195226870069,1.985195226870069e-05,1985.1952268700688,20.989767991491906,2.0989767991491906e-05,2098.9767991491904,22.376669084933965,2.2376669084933966e-05,2237.6669084933965
all_inroom,measured_decays,104.0,106.0,105.0,17.7566340487585,1.7756634048758498e-05,1775.66340487585,16.734750742696264,1.6734750742696263e-05,1673.4750742696262,17.762132990826156,1.7762132990826156e-05,1776.2132990826155,18.958827215599445,1.8958827215599446e-05,1895.8827215599445
all_inroom,measured_decays,106.0,108.0,107.0,13.138889049652182,1.3138889049652182e-05,1313.8889049652182,12.456203762739165,1.2456203762739165e-05,1245.6203762739165,13.200650842454163,1.3200650842454164e-05,1320.0650842454163,14.10592401233766,1.4105924012337659e-05,1410.592401233766
all_inroom,measured_decays,108.0,110.0,109.0,9.020284901028976,9.020284901028975e-06,902.0284901028975,8.44147293451514,8.44147293451514e-06,844.147293451514,9.133476084954198,9.133476084954199e-06,913.3476084954198,9.92774361819038,9.92774361819038e-06,992.774361819038
all_inroom,measured_decays,110.0,112.0,111.0,8.059882088876314,8.059882088876314e-06,805.9882088876315,7.269301533068812,7.269301533068812e-06,726.9301533068812,8.280930557537872,8.280930557537871e-06,828.0930557537871,9.510394888845696,9.510394888845695e-06,951.0394888845696
all_inroom,measured_decays,112.0,114.0,113.0,0.0,0.0,0.0,0.0,0.0,0.0,0.0,0.0,0.0,0.0,0.0,0.0
all_inroom,measured_decays,114.0,116.0,115.0,0.0,0.0,0.0,0.0,0.0,0.0,0.0,0.0,0.0,0.0,0.0,0.0
all_inroom,measured_decays,116.0,118.0,117.0,0.0,0.0,0.0,0.0,0.0,0.0,0.0,0.0,0.0,0.0,0.0,0.0
all_inroom,measured_decays,118.0,120.0,119.0,0.0,0.0,0.0,0.0,0.0,0.0,0.0,0.0,0.0,0.0,0.0,0.0
all_inroom,measured_decays,120.0,122.0,121.0,0.0,0.0,0.0,0.0,0.0,0.0,0.0,0.0,0.0,0.0,0.0,0.0
