energy_MeV,sigma_sensitivity_mb
5.0,0.0
5.242070116861436,0.0
5.484140233722871,0.0
5.726210350584307,0.0
5.968280467445743,0.0
6.210350584307179,0.0
6.452420701168615,0.0
6.69449081803005,0.0
6.936560934891486,0.0
7.178631051752921,0.0
7.420701168614357,0.0
7.6627712854757934,0.0
7.904841402337229,0.0
8.146911519198664,0.0
8.3889816360601,0.0
8.631051752921536,0.0
8.873121869782972,0.0
9.115191986644408,0.0
9.357262103505843,0.0
9.599332220367279,0.0
9.841402337228715,0.0
10.083472454090149,0.0
10.325542570951587,0.0
10.567612687813021,0.0
10.809682804674457,0.0
11.051752921535893,0.0
11.293823038397328,0.0
11.535893155258766,0.0
11.7779632721202,0.0
12.020033388981636,0.0
12.262103505843072,0.0
12.504173622704506,0.0
12.746243739565944,0.0
12.988313856427379,0.0
13.230383973288815,0.0
13.47245409015025,0.0
13.714524207011687,0.0
13.956594323873121,0.0
14.198664440734557,0.0
14.440734557595993,0.0
14.68280467445743,0.0
14.924874791318866,0.0
15.1669449081803,0.0
15.409015025041736,0.0
15.651085141903172,0.0
15.893155258764608,0.0
16.135225375626042,0.0
16.377295492487477,0.0
16.619365609348915,0.0
16.861435726210352,0.0
17.103505843071787,0.0
17.34557595993322,0.0
17.587646076794655,0.0
17.829716193656093,0.0
18.07178631051753,9.357622968840175e-14
18.313856427378965,4.2260813348706823e-11
18.5559265442404,1.0521909362490586e-08
18.797996661101834,1.2290856641723425e-06
19.040066777963272,7.215314783913954e-05
19.28213689482471,0.002233171832525555
19.524207011686144,0.0379558328056721
19.76627712854758,0.3678370709004272
20.008347245409013,2.1071244761890426
20.25041736227045,7.438387664432097
20.49248747913189,17.26476329711053
20.734557595993323,28.251416111141605
20.976627712854757,34.93977960241629
21.218697829716195,35.00515420392668
21.46076794657763,30.44782610935587
21.702838063439064,24.639737038237605
21.9449081803005,19.87861332648313
22.186978297161936,17.025151026235825
22.429048414023374,15.672140807769068
22.671118530884808,15.32029276218649
22.913188647746242,15.710720411205632
23.15525876460768,16.6953539724674
23.397328881469114,18.160956584483973
23.639398998330552,19.975263687693786
23.881469115191987,21.94417499463761
24.12353923205342,23.791855377933818
24.36560934891486,25.347909412596742
24.607679465776293,26.620028809808208
24.84974958263773,27.650708219886702
25.091819699499165,28.50440404148325
25.3338898163606,29.261751498777148
25.575959933222038,30.015412536998777
25.818030050083472,30.86849758142641
26.06010016694491,31.93584901671795
26.302170283806344,33.29703542547344
26.54424040066778,34.9397200920945
26.786310517529216,36.837139659810425
27.02838063439065,38.9556160455207
27.27045075125209,41.251172905887124
27.512520868113523,43.66648970888793
27.754590984974957,46.12847950905172
27.996661101836395,48.546897066486835
28.23873121869783,50.832596561729595
28.480801335559267,52.963155409159874
28.7228714524207,54.93969631449886
28.964941569282136,56.768739761864204
29.207011686143574,58.46181179225923
29.449081803005008,60.034988288441475
29.691151919866446,61.508421588167174
29.93322203672788,62.90589200617315
30.175292153589314,64.25244369862212
30.417362270450752,65.55673410811777
30.659432387312187,66.81772222716789
30.901502504173624,68.03449412913803
31.14357262103506,69.20636835293931
31.385642737896493,70.33289283941134
31.62771285475793,71.4138406334942
31.869782971619365,72.4492044699605
32.1118530884808,73.43919036500381
32.35392320534224,74.38421033881231
32.59599332220367,75.28487439550955
32.83806343906511,76.14198188662925
33.080133555926544,76.95651238274496
33.32220367278798,77.72961617514511
33.56427378964942,78.46260452567142
33.80634390651085,79.1569397781792
34.04841402337229,79.81422543968985
34.29048414023372,80.43619633332597
34.53255425709516,81.02470891870821
34.7746243739566,81.58173186878315
35.016694490818026,82.10933688213883
35.25876460767947,82.60930449247559
35.5008347245409,83.08223000882688
35.742904841402336,83.52849443126097
35.98497495826378,83.94851460104677
36.227045075125204,84.34274144687608
36.469115191986646,84.71165821611643
36.71118530884808,85.05577869829446
36.953255425709514,85.37564544769961
37.19532554257095,85.67182801168067
37.43739565943239,85.94492117087411
37.679465776293824,86.19554319726315
37.92153589315526,86.42433413561768
38.16360601001669,86.63195411351785
38.40567612687813,86.8190816848044
38.64774624373957,86.98641221095247
38.889816360601,87.13465628450946
39.13188647746244,87.26453819839287
39.37395659432387,87.37679446450218
39.616026711185306,87.47217238476405
39.85809682804675,87.55142867740504
40.10016694490818,87.61532685329058
40.342237061769616,87.66459031366021
40.58430717863105,87.69988918971723
40.826377295492485,87.72189434494645
41.068447412353926,87.73128017720722
41.31051752921536,87.72872375294563
41.552587646076795,87.71490398943996
41.79465776293823,87.69050088570141
42.03672787979966,87.6561948024932
42.278797996661105,87.61266579179458
42.52086811352254,87.56059297589428
42.76293823038397,87.50065397617952
43.00500834724541,87.43352439157054
43.24707846410684,87.35987732644674
43.48914858096828,87.28038296781956
43.73121869782972,87.1957082114192
43.97328881469115,87.10651633629466
44.215358931552586,87.01346672745849
44.45742904841402,86.91721464605725
44.69949916527546,86.81841104650182
44.941569282136896,86.71770243996059
45.18363939899833,86.61570468572783
45.425709515859765,86.51280854888005
45.6677796327212,86.40929057915372
45.90984974958264,86.30542364822574
46.151919866444075,86.20147783927486
46.39398998330551,86.09772050019612
46.636060100166944,85.9944163026826
46.87813021702838,85.89182730707891
47.12020033388982,85.79021303291067
47.362270450751254,85.68983053500483
47.60434056761269,85.59093448511173
47.84641068447412,85.49377725895201
48.08848080133556,85.39860902861267
48.330550918197,85.30567786022381
48.57262103505843,85.21522981685398
48.81469115191987,85.12750906656595
49.0567612687813,85.04275799558766
49.298831385642735,84.96121732655189
49.54090150250418,84.88312624177517
49.78297161936561,84.80872251154528
50.025041736227045,84.73824257393487
50.26711185308848,84.67185709977699
50.509181969949914,84.60954598864623
50.751252086811355,84.55125423718104
50.99332220367279,84.49692677637603
51.235392320534224,84.44650847262957
51.47746243739566,84.39994412784627
51.71953255425709,84.35717847865862
51.961602671118534,84.31815619483008
52.20367278797997,84.28282187689354
52.4457429048414,84.25112005308286
52.68781302170284,84.22299517560697
52.92988313856427,84.19839161631572
53.17195325542571,84.17725366180471
53.41402337228715,84.15952550800165
53.65609348914858,84.14515125427758
53.898163606010016,84.13407489712114
54.14023372287145,84.12624032341556
54.38230383973289,84.12159130335313
54.624373956594326,84.12007148302146
54.86644407345576,84.12162437669582
55.108514190317194,84.12617190831277
55.35058430717863,84.13299823125745
55.59265442404007,84.14065717685592
55.834724540901504,84.14766168540459
56.07679465776294,84.15252379089763
56.31886477462437,84.15375487901684
56.56093489148581,84.14986620813846
56.80300500834725,84.13936969350229
57.04507512520868,84.1207789543631
57.28714524207012,84.09261062348317
57.52921535893155,84.05338591773781
57.771285475792986,84.00163246788844
58.01335559265443,83.93588640473395
58.25542570951586,83.85469469788188
58.497495826377296,83.75661774229157
58.73956594323873,83.64023218653166
58.981636060100165,83.50413399537744
59.223706176961606,83.34694173794568
59.46577629382304,83.16730009104256
59.707846410684475,82.96388354579021
59.94991652754591,82.73540030390532
60.19198664440734,82.48094135719253
60.434056761268785,82.20223320776176
60.67612687813022,81.90218716639812
60.91819699499165,81.58369944357443
61.16026711185309,81.24963825847995
61.40233722871452,80.90283808663499
61.644407345575964,80.54609489097996
61.8864774624374,80.18216232020123
62.12854757929883,79.81374885403513
62.37061769616027,79.44351587217811
62.6126878130217,79.07407662120654
62.85475792988314,78.70799605254238
63.09682804674458,78.34779150395354
63.33889816360601,77.99593419731815
63.580968280467445,77.65485152637879
63.82303839732888,77.32693010991679
64.06510851419031,77.014519588176
64.30717863105176,76.71993714341552
64.5492487479132,76.44547272915248
64.79131886477462,76.1933949969565
65.03338898163605,75.96595593309893
65.27545909849749,75.76429839816731
65.51752921535893,75.58665046878016
65.75959933222038,75.4307983374635
66.0016694490818,75.29456506512741
66.24373956594323,75.17580478997795
66.48580968280467,75.07239757357259
66.72787979966611,74.98224486380464
66.96994991652755,74.90326555838061
67.21202003338898,74.8333926556424
67.45409015025041,74.77057048239199
67.69616026711185,74.71275249072785
67.93823038397329,74.65789961780621
68.18030050083473,74.60397920390506
68.42237061769616,74.5489644652067
68.66444073455759,74.49083451832328
68.90651085141903,74.42757495378227
69.14858096828047,74.35717895545565
69.3906510851419,74.27764896227599
69.63272120200334,74.1869988675256
69.87479131886478,74.08325674952061
70.11686143572621,73.96453626553883
70.35893155258765,73.83067046400205
70.60100166944908,73.68327652214063
70.84307178631052,73.52405058357039
71.08514190317196,73.35468096669085
71.32721202003339,73.17684570003848
71.56928213689483,72.99221043945633
71.81135225375625,72.80242676410748
72.0534223706177,72.60913084717659
72.29549248747914,72.41394249615793
72.53756260434056,72.21846455691633
72.779632721202,72.02428267522656
73.02170283806343,71.83296540923905
73.26377295492487,71.64606468628187
73.50584307178632,71.46511659758605
73.74791318864774,71.29164252490163
73.98998330550918,71.12715059356063
74.23205342237061,70.9731374473235
74.47412353923205,70.8310903413243
74.7161936560935,70.70248955059591
74.95826377295492,70.58881109301446
75.20033388981636,70.4911474389742
75.44240400667779,70.40800978715843
75.68447412353923,70.33685473551108
75.92654424040067,70.2751525128169
76.1686143572621,70.22038661308571
76.41068447412354,70.17005087569572
76.65275459098497,70.12164746400292
76.89482470784641,70.07268573570617
77.13689482470785,70.020681999822
77.37896494156928,69.96316015580919
77.62103505843072,69.8976532101802
77.86310517529215,69.82170566487333
78.10517529215359,69.73287676971995
78.34724540901503,69.6287446285531
78.58931552587646,69.50691114487954
78.8313856427379,69.36500778858813
79.07345575959933,69.20070215994065
79.31552587646077,69.0117053211061
79.55759599332221,68.79577985882206
79.79966611018364,68.55074863444426
80.04173622704508,68.27450983235725
80.2838063439065,67.9667910603661
80.52587646076795,67.63157389686886
80.76794657762939,67.27342304992871
81.01001669449082,66.89684130328301
81.25208681135226,66.5062562087458
81.49415692821368,66.10600970521678
81.73622704507513,65.70035059139354
81.97829716193657,65.2934297633202
82.220367278798,64.88929811699707
82.46243739565944,64.49190701022673
82.70450751252086,64.10511117641282
82.9465776293823,63.73267398591954
83.18864774624375,63.37827495755881
83.43071786310517,63.04551943358329
83.67278797996661,62.737950345987635
83.91485809682804,62.459062019806794
84.15692821368948,62.21231598032189
84.39899833055092,62.001158755587284
84.64106844741235,61.82904169349894
84.88313856427379,61.69944284384745
85.12520868113522,61.615709460498046
85.36727879799666,61.57741287620178
85.6093489148581,61.58054184109308
85.85141903171953,61.62102583570727
86.09348914858097,61.69485679721009
86.3355592654424,61.79806591294355
86.57762938230384,61.9267031433461
86.81969949916528,62.07681938568604
87.06176961602671,62.24445122536729
87.30383973288815,62.42560825189154
87.54590984974958,62.61626294209498
87.78797996661102,62.812343134103315
88.03005008347246,63.00972713158974
88.27212020033389,63.20424148930711
88.51419031719533,63.39166153740791
88.75626043405676,63.567714703611216
88.9983305509182,63.72808668868696
89.24040066777964,63.86843054184223
89.48247078464107,63.984378668300096
89.72454090150251,64.07155778156479
89.96661101836393,64.12560678755541
90.20868113522538,64.14294412446391
90.45075125208682,64.1245796349207
90.69282136894824,64.0732857098996
90.93489148580969,63.991882649011856
91.17696160267111,63.88322192437704
91.41903171953255,63.75017365479199
91.661101836394,63.5956152815079
91.90317195325542,63.422421479686186
92.14524207011686,63.23345532659385
92.38731218697829,63.03156073605666
92.62938230383973,62.819556158644986
92.87145242070117,62.60022953857485
93.1135225375626,62.376334511359104
93.35559265442404,62.150587820839704
93.59766277128547,61.92566793034092
93.83973288814691,61.704214800270826
94.08180300500835,61.488830803524806
94.32387312186978,61.282082750453036
94.56594323873122,61.08650499690713
94.80801335559265,60.904603611923854
95.05008347245409,60.73885621504636
95.29215358931553,60.590681567495906
95.53422370617696,60.459222043244964
95.7762938230384,60.34334004085112
96.01836393989983,60.24191844830715
96.26043405676127,60.153857972606055
96.50250417362271,60.07807468430729
96.74457429048414,60.01349776913343
96.98664440734558,59.959067479800886
97.228714524207,59.91373328235305
97.47078464106845,59.87645219222021
97.71285475792989,59.84618729608921
97.95492487479132,59.82190645643062
98.19699499165276,59.802581196199526
98.43906510851419,59.78718576180835
98.68113522537563,59.77469636296327
98.92320534223707,59.7640905883625
99.1652754590985,59.75434699657693
99.40734557595994,59.74444488167204
99.64941569282136,59.73336421328228
99.8914858096828,59.72008575092127
100.13355592654425,59.70362254683228
100.37562604340567,59.68355853766088
100.61769616026712,59.65997608183165
100.85976627712854,59.63297475460708
101.10183639398998,59.60265454420607
101.34390651085143,59.56911579680576
101.58597662771285,59.532459163074165
101.8280467445743,59.4927855462611
102.07011686143572,59.4501960518669
102.31218697829716,59.40479193891007
102.5542570951586,59.356674572810896
102.79632721202003,59.3059453799056
103.03839732888147,59.252705803605494
103.2804674457429,59.1970572622111
103.52253756260434,59.13910110839086
103.76460767946578,59.07893859033159
104.00667779632721,59.01667081456645
104.24874791318865,58.952398710483926
104.49081803005008,58.886222996519
104.73288814691152,58.81824414802945
104.97495826377296,58.74856236685276
105.21702838063439,58.677277552544375
105.45909849749583,58.60448927529174
105.70116861435726,58.530296750498664
105.9432387312187,58.454798815035815
106.18530884808014,58.37809390514697
106.42737896494157,58.300280036005624
106.66944908180301,58.22145478290939
106.91151919866444,58.14171526410504
107.15358931552588,58.06115812523003
107.39565943238732,57.97987952536123
107.63772954924875,57.89797512465609
107.87979966611019,57.81554007357478
108.12186978297161,57.7326690036687
108.36393989983306,57.64945601992137
108.6060100166945,57.56599469462766
108.84808013355592,57.48237806279604
109.09015025041737,57.39869861905874
109.3322203672788,57.31504831607527
109.57429048414023,57.2315185644138
109.81636060100168,57.14820023389413
110.0584307178631,57.065183438628466
110.30050083472455,56.982529053816144
110.54257095158597,56.90024058563946
110.78464106844741,56.81831478083797
111.02671118530886,56.736748396295134
111.26878130217028,56.65553819901958
111.51085141903172,56.57468096612537
111.75292153589315,56.49417348481154
111.99499165275459,56.41401255234094
112.23706176961603,56.33419497601866
112.47913188647746,56.254717573169465
112.7212020033389,56.17557717111503
112.96327212020033,56.096770607150304
113.20534223706177,56.018294728519564
113.44741235392321,55.94014639239194
113.68948247078464,55.862322465836456
113.93155258764608,55.78481982579666
114.17362270450751,55.70763535906506
114.41569282136895,55.63076596225657
114.65776293823039,55.554208541782614
114.89983305509182,55.477960013823925
115.14190317195326,55.40201730430369
115.38397328881469,55.32637734886044
115.62604340567613,55.25103709282016
115.86811352253757,55.17599349116886
116.110183639399,55.10124350852458
116.35225375626044,55.02678411910945
116.59432387312187,54.95261230672119
116.8363939899833,54.87872506470533
117.07846410684475,54.805119395926305
117.32053422370618,54.731792312739444
117.56260434056762,54.6587408369621
117.80467445742904,54.58596199984561
118.04674457429049,54.51345284204631
118.28881469115193,54.441210413597354
118.53088480801335,54.36923177388021
118.7729549248748,54.29751399159611
119.01502504173622,54.22605414473794
119.25709515859766,54.15484932056183
119.4991652754591,54.083896615559134
119.74123539232053,54.01319313542838
119.98330550918197,53.9427359950475
120.2253756260434,53.87252255489668
120.46744574290484,53.80255134570162
120.70951585976628,53.7328212566071
120.95158597662771,53.66333117689604
121.19365609348915,53.594079995943
121.43572621035058,53.52506660326223
121.67779632721202,53.456289888555105
121.91986644407346,53.38774874175623
122.16193656093489,53.319442053078674
122.40400667779633,53.251368713058405
122.64607679465776,53.18352761259737
122.8881469115192,53.11591764300606
123.13021702838064,53.04853769604476
123.37228714524207,52.98138666396441
123.61435726210351,52.91446343954592
123.85642737896494,52.847766916139165
124.09849749582638,52.78129598770085
124.34056761268782,52.71504954883157
124.58263772954925,52.6490264948122
124.82470784641069,52.58322572163914
125.06677796327212,52.5176461260592
125.30884808013356,52.45228660560325
125.550918196995,52.387146058619614
125.79298831385643,52.32222338430624
126.03505843071787,52.25751748274234
126.2771285475793,52.19302725491937
126.51919866444074,52.12875160277123
126.76126878130218,52.06468942920366
127.0033388981636,52.0008396381233
127.24540901502505,51.93720113446554
127.48747913188647,51.87377282422219
127.72954924874792,51.81055361446842
127.97161936560936,51.747542413388736
128.21368948247078,51.68473813030276
128.45575959933223,51.622139675690214
128.69782971619367,51.55974596121524
128.9398998330551,51.49755589975029
129.18196994991655,51.435568405399316
129.42404006677796,51.37378239352048
129.6661101836394,51.31219678074818
129.90818030050082,51.2508104850148
130.15025041736226,51.189622425571656
130.3923205342237,51.12863152300954
130.63439065108514,51.06783669927876
130.87646076794658,51.00723687770867
131.11853088480802,50.94683098302665
131.36060100166947,50.88661794137682
131.6026711185309,50.82659668033785
131.84474123539232,50.7667661289409
132.08681135225376,50.70712521768648
132.32888146911517,50.64767287856151
132.57095158597662,50.588408045055246
132.81302170283806,50.52932965217551
133.0550918196995,50.47043663646384
133.29716193656094,50.41172793601071
133.53923205342238,50.35320249047012
133.7813021702838,50.2948592410739
134.02337228714524,50.23669713064541
134.26544240400668,50.178715103613264
134.50751252086812,50.12091210602431
134.74958263772956,50.063287085556404
134.99165275459097,50.00583899153088
135.23372287145241,49.94857611379177
135.47579298831386,49.89154808358124
135.7178631051753,49.83481576154928
135.95993322203674,49.7784397304008
136.20200333889815,49.72248029850305
136.4440734557596,49.66699750465129
136.68614357262103,49.612051123561834
136.92821368948248,49.557700672085566
137.17028380634392,49.504005416138085
137.41235392320533,49.45102437834013
137.65442404006677,49.39881634636415
137.8964941569282,49.34743988198208
138.13856427378965,49.29695333081009
138.3806343906511,49.24741483274641
138.6227045075125,49.19888233309832
138.86477462437395,49.151413594395486
139.1068447412354,49.10506620888625
139.34891485809683,49.059897611714725
139.59098497495827,49.015965094776455
139.8330550918197,48.97332582125125
140.07512520868113,48.932036840812
140.31719532554257,48.8921551055085
140.559265442404,48.85373748632726
140.80133555926545,48.81684079042621
141.04340567612687,48.78152177904669
141.2854757929883,48.747837186103865
141.52754590984975,48.715843737457554
141.7696160267112,48.685598170866506
142.01168614357263,48.65715725663026
142.25375626043405,48.63057781892196
142.4958263772955,48.60591675781725
142.73789649415693,48.58323107202572
142.97996661101837,48.56257788233036
143.2220367278798,48.54401445574267
143.46410684474122,48.52759823038175
143.70617696160267,48.51338684108582
143.9482470784641,48.501438145766166
144.19031719532555,48.491810252514156
144.432387312187,48.48456154747293
144.6744574290484,48.47975072348636
144.91652754590984,48.4774368095385
145.15859766277129,48.477679200998885
145.40066777963273,48.48053769068803
145.64273789649417,48.48607250078125
145.88480801335558,48.49434431556758
146.12687813021702,48.50541431508322
146.36894824707846,48.51934420963969
146.6110183639399,48.53619627526802
146.85308848080135,48.55603339010184
147.09515859766276,48.57891907172294
147.3372287145242,48.604917515495636
147.57929883138564,48.63409363391545
147.82136894824708,48.666513097001726
148.06343906510853,48.7022423737629
148.30550918196994,48.741348774766436
148.54757929883138,48.78390049584604
148.78964941569282,48.82996666298092
149.03171953255426,48.87961737838348
149.2737896494157,48.932923767833735
149.51585976627712,48.98995802930031
149.75792988313856,49.05079348288991
150.0,49.115504622169645
