energy_MeV,sigma_nominal_mb,sigma_lower_16_mb,sigma_upper_84_mb,relative_half_width
5.0,0.0,0.0,0.0,0.0
5.242070116861436,0.0,0.0,0.0,0.0
5.484140233722871,0.0,0.0,0.0,0.0
5.726210350584307,0.0008086613037804776,0.0007525879232601997,0.0008759877959786576,0.07629886093322731
5.968280467445743,0.01088568987595396,0.010234431200256909,0.011674861661697008,0.06616165249305654
6.210350584307179,0.0567410174780346,0.053724999018267675,0.060420207473625934,0.058997959086212075
6.452420701168615,0.2221080461960469,0.2108605048546014,0.235412468342524,0.05527031530017479
6.69449081803005,0.6940459296406463,0.6601494855249833,0.733378507818312,0.05275517020267251
6.936560934891486,1.8130348877220732,1.723458384961259,1.911353510127126,0.05181784598804424
7.178631051752921,4.0815070450378865,3.8798284217878103,4.304184958355676,0.05198527552265031
7.420701168614357,7.971198530781647,7.571366913126105,8.392376337496213,0.051498493055949564
7.6627712854757934,13.4277359725216,12.73834189044408,14.116551325865435,0.05131950159884405
7.904841402337229,19.374011002359833,18.377580381306718,20.349533883359406,0.0508917204034956
8.146911519198664,23.769619629601692,22.56382418416596,24.96417170715666,0.050491921208562524
8.3889816360601,25.401883949584132,24.101740780524587,26.684923981351016,0.05084629167571486
8.631051752921536,24.73601560337447,23.486964080886622,25.979674594883818,0.050386257713573364
8.873121869782972,23.011948827669265,21.8222198495353,24.223786509436383,0.05218086216612541
9.115191986644408,21.41922760996173,20.306246687115667,22.551660078160914,0.052415834780170645
9.357262103505843,20.47656594294024,19.39486733306179,21.554345729213257,0.05273048230277099
9.599332220367279,20.179826280577778,19.10968565304102,21.20521558002829,0.05192140650398289
9.841402337228715,20.533996213947837,19.453407216701397,21.57752770577993,0.05172204345775886
10.083472454090149,21.69304850645485,20.52741546246395,22.790590133860544,0.052163592192290956
10.325542570951587,23.658601872389486,22.39893000495649,24.845908763745143,0.05171435683281802
10.567612687813021,26.256856371146007,24.881323760253785,27.60409624439733,0.05184879038176926
10.809682804674457,29.10034444559372,27.59682585829373,30.599850914257935,0.05159775791621108
11.051752921535893,31.786318886683574,30.10778950453623,33.399747372548,0.05178262194731347
11.293823038397328,33.76996242127262,31.966062712246696,35.49880936724242,0.05230604954375597
11.535893155258766,35.06002526311843,33.19984491152396,36.85262237827076,0.052093195018164395
11.7779632721202,35.79243718479469,33.8809659595762,37.54860019828333,0.05123476531887595
12.020033388981636,36.1319181718195,34.215744534887236,37.851691075176035,0.05031488396213346
12.262103505843072,36.202427124162654,34.3566957224963,37.95091040573798,0.04964052093682398
12.504173622704506,36.072121566367144,34.27220298572412,37.810592131517524,0.04904603599878804
12.746243739565944,35.76251606725301,34.00900997900806,37.51162948827733,0.04897054086857918
12.988313856427379,35.33677749432171,33.5748979515243,36.96959494675566,0.04803348290286034
13.230383973288815,34.70627244089733,33.00046992122487,36.34654962064383,0.04820569113432058
13.47245409015025,33.94911093752028,32.303305026854126,35.53885217293833,0.047652899541889046
13.714524207011687,33.07304839460686,31.47173421178798,34.65049117182923,0.04805660672875265
13.956594323873121,32.07787593011275,30.524944927384308,33.62853887871546,0.048375926730511616
14.198664440734557,31.015733445384157,29.518882172499048,32.51118519354847,0.04823846945806703
14.440734557595993,29.879750149932775,28.455111957395314,31.322362844164513,0.04797983370646842
14.68280467445743,28.71394221038889,27.330103449455496,30.106115636178835,0.048339098936386375
14.924874791318866,27.523219028720135,26.182154816291323,28.853082237714272,0.048521348804365316
15.1669449081803,26.324721020024064,25.063531625596234,27.621934431167777,0.048593160847278834
15.409015025041736,25.14020734447383,23.950648333449447,26.355789564340927,0.0478345543840585
15.651085141903172,23.998499737220225,22.836294050899333,25.130991958948286,0.0478091950158454
15.893155258764608,22.887287600287284,21.78717432052381,23.97641766284572,0.04782662280816599
16.135225375626042,21.82191738000571,20.774133083376856,22.87362572261225,0.04810513674566125
16.377295492487477,20.811903835477636,19.797541365651202,21.80950262633813,0.04833679024734819
16.619365609348915,19.839455653600908,18.890345317474207,20.802691667695402,0.048195534787117515
16.861435726210352,18.939185815632666,18.026759456219246,19.841630655410302,0.04791312617285366
17.103505843071787,18.082132002961686,17.209477890977304,18.935080875815636,0.0477156948239205
17.34557595993322,17.274692898256614,16.42733540166095,18.0656676870677,0.04742001189416495
17.587646076794655,16.506984377940718,15.707153941453456,17.26247076233497,0.04711087092806543
17.829716193656093,15.78387984960776,15.01925773156123,16.495323943004205,0.0467586621764501
18.07178631051753,15.112238244924143,14.378564666030098,15.781644830454901,0.04642198401338949
18.313856427378965,14.480790587251816,13.777156873475132,15.126411199499024,0.04658773006536364
18.5559265442404,13.88265070937236,13.20697486044552,14.507276022375587,0.04683187631639455
18.797996661101834,13.31627750537249,12.678384087183423,13.922623134522373,0.04671872626704269
19.040066777963272,12.78856819379353,12.17445198147672,13.364692789359022,0.04653534273132871
19.28213689482471,12.283704159079925,11.69890160655514,12.859763929980232,0.04725212803855266
19.524207011686144,11.81350261494536,11.247685716465353,12.371575216919979,0.047568004896057815
19.76627712854758,11.378422701145805,10.822642391170206,11.929944437939898,0.04865797641083362
20.008347245409013,10.96585404785252,10.424873302493323,11.500109029392327,0.049026538298199
20.25041736227045,10.57416667108858,10.049407058007416,11.112186375273382,0.05025357318093773
20.49248747913189,10.203291880971172,9.702744394811644,10.746347517888099,0.05114051108460118
20.734557595993323,9.8674386136789,9.370329275138191,10.409454592823176,0.052654258028242494
20.976627712854757,9.543371058409702,9.050089023572047,10.094958341137515,0.054743198769617134
21.218697829716195,9.23657612679245,8.746395777936089,9.809248192187685,0.05753497831131332
21.46076794657763,8.949445690185216,8.441298172587103,9.53043871213561,0.0608496088614157
21.702838063439064,8.672151029831689,8.154959629925658,9.26088938279236,0.06376328946892004
21.9449081803005,8.410448831984532,7.884232708622484,8.998233769249133,0.06622720635254067
22.186978297161936,7.809720942586376,7.300910319132326,8.371347248975313,0.06853234178995432
22.429048414023374,7.144825137794931,6.660882875188608,7.668834216415276,0.07053715953766135
22.671118530884808,6.47463651764018,6.034189876881179,6.9449263597813164,0.07033108966185449
22.913188647746242,5.827114906525672,5.420321349368596,6.257931238513654,0.07187174979225444
23.15525876460768,5.231499259449727,4.844847978325007,5.609195363448384,0.07305242218497171
23.397328881469114,4.651089477100905,4.316104649914017,4.992147056055069,0.0726757042053768
23.639398998330552,4.115519392909624,3.7978442929983025,4.41589959413304,0.07508837185891375
23.881469115191987,3.6086711504645095,3.340912673696217,3.878210888565075,0.0744454388424527
24.12353923205342,3.277602057108629,3.0424971062743653,3.52770910374646,0.07401935760013063
24.36560934891486,3.0987261705543103,2.886439357310297,3.3336074081307157,0.07215352796733693
24.607679465776293,2.9291956833524813,2.7376869443588046,3.159217748182547,0.07195333623824306
24.84974958263773,2.766170391863667,2.58903198792092,2.9837789019745027,0.07135260272011437
25.091819699499165,2.6110999362225225,2.4476711688855435,2.8070416656601753,0.0688159215565171
25.3338898163606,2.4652219339020593,2.3117279689403274,2.641824808583241,0.06695073476009969
25.575959933222038,2.330797116895992,2.1871793665913337,2.4972699526104014,0.06652028693772084
25.818030050083472,2.2053174826281126,2.0704231157256943,2.3611932716080095,0.06592478365876821
26.06010016694491,2.087474811020561,1.9566125432747583,2.2297070978976787,0.06541265867764057
26.302170283806344,1.9794686301277156,1.8524716313573586,2.1165608666635323,0.06670710292820721
26.54424040066778,1.8845688425271576,1.757355338597456,2.0126581840450575,0.0677350807480312
26.786310517529216,1.7931711850339322,1.6685045986317546,1.910178456955365,0.06738728023867872
27.02838063439065,1.708853113243705,1.5820063134778921,1.8247545000327023,0.07102663905794433
27.27045075125209,1.6374615443804503,1.4842912814730163,1.7526311216657446,0.08193775332118025
27.512520868113523,1.5786231465527605,1.4190295058465292,1.694113676236808,0.08712787817376814
27.754590984974957,1.5290131128783897,1.3591109208364898,1.645369832326451,0.09360904399017042
27.996661101836395,1.489076786276641,1.3150064561767407,1.6061778012990013,0.09776908343669752
28.23873121869783,1.457479492743017,1.2809844983399945,1.5742540180398639,0.1006084549251283
28.480801335559267,1.4328313420223178,1.2538576238214043,1.5491802812825735,0.10305562448276247
28.7228714524207,1.414753274537086,1.2329787831553514,1.531244417457753,0.10541259726011082
28.964941569282136,1.4007737051442852,1.2203101052330552,1.518039482374676,0.10627318889847144
29.207011686143574,1.3937143222909358,1.2125649892798271,1.5105045591600912,0.10688688675829995
29.449081803005008,1.3906415954555986,1.2137506960557352,1.5059459787978497,0.10505772432557876
29.691151919866446,1.3898739610355895,1.2153477965503807,1.5046859838169275,0.10408792285415654
29.93322203672788,1.3908805327444365,1.2248207194791663,1.5062439091547113,0.1011672760708825
30.175292153589314,1.3955623824901011,1.234136876762816,1.5110838337222021,0.09922414090340763
30.417362270450752,1.4012127692551943,1.2461574558872475,1.516286041195976,0.09639099472820022
30.659432387312187,1.410781526888754,1.260522309061359,1.5235136791622654,0.09320768846502067
30.901502504173624,1.4202787811347113,1.2774736492500185,1.5316405776580089,0.08947783061467952
31.14357262103506,1.4328578794170688,1.2945105120971518,1.5430001480757654,0.08671119430201508
31.385642737896493,1.4453769652677693,1.3160664618611873,1.555511466969524,0.08283133426855789
31.62771285475793,1.460951006715604,1.3326790461520908,1.571431857210052,0.08171143657811865
31.869782971619365,1.4793957659870731,1.3515246273981016,1.5881641831203446,0.07997844835129489
32.1118530884808,1.4968746371889958,1.3711189905221874,1.6069821191893872,0.07878519777385325
32.35392320534224,1.5157995504336221,1.3927468672240337,1.6257669452646215,0.07686375087455598
32.59599332220367,1.5377562825737945,1.4135467057959765,1.645443826518967,0.07540112934373985
32.83806343906511,1.559311959360227,1.433315698652305,1.6684536719596332,0.07539798944523052
33.080133555926544,1.5826267945109138,1.458293549303345,1.6917648825118037,0.07376070404539349
33.32220367278798,1.6090311799378703,1.481610028139894,1.716382398613476,0.07295457459147787
33.56427378964942,1.6363214783866882,1.5061412826293603,1.7433800970820388,0.07249150536317023
33.80634390651085,1.6635287407977337,1.5328674522952794,1.7706029439130175,0.07145518012022253
34.04841402337229,1.6910507255440814,1.5622621555758613,1.8006265296857102,0.07047818569521537
34.29048414023372,1.7215221047592268,1.5952272879490028,1.831927339368846,0.06874731691375761
34.53255425709516,1.7550350588657944,1.6277793806283831,1.863552108582203,0.06717037553260903
34.7746243739566,1.7885712903528737,1.6612644604617215,1.8977911846499156,0.06612169318158095
35.016694490818026,1.8236596654967039,1.6948530870419396,1.9339282565345088,0.06554818698242502
35.25876460767947,1.857724469763308,1.7337639206931892,1.9704714479764103,0.0637089975224851
35.5008347245409,1.8946745378400034,1.7702136542789022,2.0084440259457117,0.06286841536868928
35.742904841402336,1.9337399618727091,1.8108755433735018,2.0477757916124624,0.061254422236156604
35.98497495826378,1.9739394426549493,1.8525037672910936,2.0884318810868243,0.05976072738037175
36.227045075125204,2.0167221462469818,1.892587899068933,2.1299661260451614,0.058852486798436084
36.469115191986646,2.058792632016166,1.9376640662062605,2.1726202900703515,0.05706165356585705
36.71118530884808,2.1038322066238826,1.9856256016778973,2.217109284556848,0.05501476832375892
36.953255425709514,2.1501235680958577,2.027557472601661,2.2619895252260847,0.05451594878150089
37.19532554257095,2.1990718117479426,2.0722127325720403,2.30985552553126,0.054032522196337064
37.43739565943239,2.2465011604196716,2.124005452925933,2.359974460238614,0.05251922666903928
37.679465776293824,2.295138648791244,2.1706077924050136,2.4091899999312996,0.05197555442934516
37.92153589315526,2.3461264183886197,2.222204647919886,2.459906955144902,0.050658460976769584
38.16360601001669,2.399404717516913,2.273504298867083,2.5125409021122285,0.04981164734320409
38.40567612687813,2.4538944889058776,2.3258498500790648,2.568901175785023,0.0495235892995399
38.64774624373957,2.5093526330675973,2.377090095864299,2.626618240511251,0.049719625165218884
38.889816360601,2.5652165692691806,2.4342955221811935,2.687906882371922,0.04943273858997828
39.13188647746244,2.621571901527239,2.4901044772354166,2.749815122263979,0.04953338202878654
39.37395659432387,2.680559745094711,2.5471668376370227,2.815330293288947,0.05002004826466743
39.616026711185306,2.7402366490099688,2.6038565633775224,2.876654179808196,0.049776287848940705
39.85809682804675,2.8006338549004894,2.659039623119423,2.944867993720943,0.051029228633615156
40.10016694490818,2.8613305753366127,2.7167218735380865,3.0111876831938336,0.05145609741738868
40.342237061769616,2.9229199246421693,2.7769439736559147,3.0784079935369513,0.05156898369666122
40.58430717863105,2.984358052846177,2.835221439773146,3.1451005440731206,0.051917212816411776
40.826377295492485,3.048450484469858,2.8945741391847957,3.2112309635772607,0.05193734095496279
41.068447412353926,3.1132480725880773,2.955118445979021,3.2818063334157306,0.052467371667740306
41.31051752921536,3.1783120289146805,3.0162088093202284,3.3535949422199396,0.05307630745979977
41.552587646076795,3.242488279854366,3.076910205818305,3.425504379074833,0.05375411461351295
41.79465776293823,3.3055526639884167,3.1393776768633943,3.4998656372680355,0.0545276383480279
42.03672787979966,3.3703990563649833,3.1990327449359968,3.575130308891432,0.05579421867644676
42.278797996661105,3.43643667143097,3.2624832242909503,3.6492598216899186,0.05627582207675462
42.52086811352254,3.5035553215248125,3.3253896222393915,3.7254318264871413,0.05709089304085029
42.76293823038397,3.5704007358726275,3.389594722459249,3.792831352642175,0.05646937977178807
43.00500834724541,3.6378337495711937,3.45371942963802,3.8636842228170303,0.056347378879990695
43.24707846410684,3.7049561233641195,3.5178750306318785,3.9403569874163726,0.0570157840898907
43.48914858096828,3.773617754261855,3.5815203391814032,4.010565021456627,0.05684792554713164
43.73121869782972,3.8408869846606937,3.6456841602493406,4.081904221289425,0.056786370281423436
43.97328881469115,3.9098885189978443,3.709729098564762,4.152039476922942,0.0565630421697484
44.215358931552586,3.9779939419369423,3.77423520423784,4.225198161715256,0.05668220767297546
44.45742904841402,4.0412856037730736,3.836845952868801,4.29635415022074,0.05685173511653411
44.69949916527546,4.1071119327701044,3.8996790222779585,4.363394803641124,0.056452781048312604
44.941569282136896,4.174087806758167,3.96340452122838,4.433628512452737,0.05632655720167507
45.18363939899833,4.240987779573427,4.0255327861278865,4.5026408073824085,0.05624963405370991
45.425709515859765,4.307365569447459,4.08255605548031,4.566534805023396,0.05618036613562496
45.6677796327212,4.372143150378246,4.142208064278445,4.6322103051635315,0.0560368478377355
45.90984974958264,4.435379100896102,4.203648473400188,4.691943491386,0.05504546588668815
46.151919866444075,4.495658332086811,4.264423148627278,4.754361803271787,0.05449020126236854
46.39398998330551,4.5578139060645135,4.325318717252221,4.817538299403911,0.05399733208685362
46.636060100166944,4.617257135485573,4.383558070720074,4.875513564104204,0.05327356468878936
46.87813021702838,4.677130665372276,4.440859134648264,4.932776206820494,0.05258748443935934
47.12020033388982,4.736044215537921,4.496879770933728,4.990885020222402,0.052153783495934324
47.362270450751254,4.790860340715714,4.5540444350482705,5.039785514418573,0.05069455638710361
47.60434056761269,4.84877746745583,4.609980575876105,5.092315211606393,0.049737757503580636
47.84641068447412,4.89825898442961,4.657721448706558,5.141856592389607,0.049419104341154596
48.08848080133556,4.952023784181089,4.709458560277343,5.191284140199509,0.04864936043535634
48.330550918197,4.99925354541811,4.759450502876871,5.243279829558675,0.04839015687904458
48.57262103505843,5.047548595299789,4.80772619394295,5.285958937155479,0.047372772563086675
48.81469115191987,5.096175793122711,4.854238194422118,5.334169740860346,0.0470874206386184
49.0567612687813,5.142338961839289,4.896099265012053,5.3807490978072385,0.04712348178442893
49.298831385642735,5.188720175947353,4.941158364555503,5.4250176255214155,0.04662607006722713
49.54090150250418,5.2315784202835705,4.984904301938257,5.465075141293742,0.04589158383766117
49.78297161936561,5.269718409419633,5.025999983849289,5.50413316750201,0.04536610369901901
50.025041736227045,5.309564256920353,5.06720196494791,5.546576333385127,0.045142533854111676
50.26711185308848,5.343124784176407,5.102792870817337,5.585458170130624,0.04516694994123044
50.509181969949914,5.3813106348101005,5.137495224149658,5.621841255534498,0.04500260849575839
50.751252086811355,5.418409929552425,5.171616700699613,5.656454234254401,0.0447398351046168
50.99332220367279,5.452485036832629,5.197932072871544,5.692858323684917,0.04538538368010615
51.235392320534224,5.485186827227661,5.224477725449723,5.724332889921536,0.04556409655826176
51.47746243739566,5.517524956561299,5.25776160269973,5.758425631373919,0.0453703456364808
51.71953255425709,5.547394586062173,5.284699545363306,5.789342081257684,0.04548464401309144
51.961602671118534,5.5740660937758655,5.309534026244444,5.81810225781246,0.0456191425623653
52.20367278797997,5.600117548215483,5.3366522317418665,5.841205556451392,0.045048458390869406
52.4457429048414,5.626717515271265,5.361440772439341,5.865427409742224,0.0447851376877399
52.68781302170284,5.65175404241856,5.386065703279704,5.892734397204186,0.04482402189848858
52.92988313856427,5.67298052920986,5.407148875584739,5.919748753776308,0.04517906200737169
53.17195325542571,5.696142597558149,5.428533360696065,5.9445827832375,0.04529814815052717
53.41402337228715,5.720162360421206,5.44741021478373,5.966412374872674,0.04536603398532969
53.65609348914858,5.74111014561797,5.462698988566931,5.98536203725532,0.04551933645510382
53.898163606010016,5.760771017481339,5.479232971827721,6.001156963111085,0.045299838311535064
54.14023372287145,5.7766818104150675,5.4961642512681985,6.021429758269632,0.04546429284493448
54.38230383973289,5.793914076798512,5.512663827233752,6.038243870877405,0.0453562165987512
54.624373956594326,5.809478369203384,5.525267615189337,6.05451503373371,0.0455503390244093
54.86644407345576,5.823776253616787,5.539608490680228,6.069916788870912,0.04552959068966136
55.108514190317194,5.840412351179665,5.554009505585418,6.085918377793061,0.04553692789347373
55.35058430717863,5.853402235894006,5.568979660363277,6.1022000973586135,0.04554790662817799
55.59265442404007,5.866322138842527,5.5783299094281205,6.114582160897466,0.04570600103245889
55.834724540901504,5.87156672137718,5.585690465097491,6.128324106085506,0.046208590205779006
56.07679465776294,5.880387726809191,5.5977152703114035,6.13679637601029,0.04583720757401502
56.31886477462437,5.890603339672475,5.607012411019358,6.150659550364796,0.046145284956130225
56.56093489148581,5.899556394710617,5.6161254114854176,6.160983121062529,0.04617785415744275
56.80300500834725,5.907400065357471,5.620179473578321,6.164286589422245,0.04605301061584686
57.04507512520868,5.913829312581559,5.625440688141692,6.170836274274167,0.046111880923935054
57.28714524207012,5.920005556822614,5.635038307255213,6.174198729736494,0.04553715510113973
57.52921535893155,5.92168686335285,5.638719051723764,6.17854268846918,0.04558022479086039
57.771285475792986,5.926800808182545,5.644569071953059,6.18214902125696,0.04535161267455768
58.01335559265443,5.934048520382295,5.6498445659588645,6.1912954520389345,0.04562238446654861
58.25542570951586,5.939252613832742,5.653719899385847,6.195684865069627,0.04562568734839823
58.497495826377296,5.939462485817842,5.651124454357815,6.201103468714137,0.04629871942701494
58.73956594323873,5.942467347863808,5.652266254649446,6.205536986065113,0.046552273578293654
58.981636060100165,5.9451334192408485,5.65488792093139,6.209166795430715,0.0466161846515887
59.223706176961606,5.949824668692301,5.6560714443536755,6.209961930462365,0.04654679061580042
59.46577629382304,5.9510830714872665,5.657117341343802,6.214105844069847,0.04679723808550746
59.707846410684475,5.949796834430821,5.658411617244156,6.213233285594846,0.046625261650952335
59.94991652754591,5.953116758660641,5.657581137112287,6.214916130844323,0.04681035299040793
60.19198664440734,5.954845505430351,5.658664408465405,6.215856288766802,0.04678474695886581
60.434056761268785,5.952723229722594,5.658433524990072,6.215114799487209,0.04675853832054263
60.67612687813022,5.950518318222844,5.658170350631094,6.2149066700271005,0.04678048949879368
60.91819699499165,5.949008753045309,5.657492751397136,6.217932293444465,0.047103607114415434
61.16026711185309,5.947956086411034,5.655595331772409,6.2183907644465135,0.04730998552258081
61.40233722871452,5.946260887165865,5.655121895585706,6.217598677864139,0.047296678782834466
61.644407345575964,5.943120332043357,5.654150888818121,6.216864447068604,0.04734159219497169
61.8864774624374,5.943068060731662,5.654608821282292,6.216243239136785,0.04725121874048916
62.12854757929883,5.9440475525731795,5.6517074952914035,6.217666049111379,0.0476071690892658
62.37061769616027,5.945181970329335,5.648825006229731,6.217470934681377,0.0478240978400318
62.6126878130217,5.9446685461829585,5.64938539031514,6.214042100262381,0.04749269917746752
62.85475792988314,5.944196541914799,5.6480026162728905,6.216838883056409,0.047848036548963115
63.09682804674458,5.940594075803226,5.6448747037408,6.2193540352223105,0.04835201026623214
63.33889816360601,5.938193073087875,5.642599529973252,6.216188367493945,0.048296580328469015
63.580968280467445,5.93615240007351,5.640970633763989,6.214703704485292,0.04832533197043581
63.82303839732888,5.936552162010128,5.641290951393852,6.215965596471245,0.04840138091895468
64.06510851419031,5.936022037629103,5.639235162272769,6.213908344545861,0.04840558025477123
64.30717863105176,5.935574375033548,5.638954312798679,6.209929258734395,0.04809769955350682
64.5492487479132,5.930765265981295,5.63755923287676,6.2089052578026465,0.048167985015619426
64.79131886477462,5.929673044886071,5.636806076167571,6.2065808775446865,0.04804436914683741
65.03338898163605,5.926858669563113,5.634428307602812,6.207942341846665,0.04838263118952759
65.27545909849749,5.926981297656863,5.634821318176173,6.209586023564197,0.04848713674997149
65.51752921535893,5.925932993362499,5.632704515220771,6.208423039039937,0.048576192513821455
65.75959933222038,5.922846025943789,5.629701486206419,6.204981231274165,0.048564469053209686
66.0016694490818,5.921578670207017,5.631121213534832,6.201699837200647,0.048177914661215494
66.24373956594323,5.920308989456288,5.6300670037291525,6.201214882466886,0.0482363234549846
66.48580968280467,5.920663521271686,5.627125507341569,6.198646648939552,0.04826495709008195
66.72787979966611,5.917750597249723,5.625607779790791,6.200196604456991,0.04854790813026498
66.96994991652755,5.914681263000065,5.624542064011759,6.198256472187464,0.048499182176107936
67.21202003338898,5.913189921234368,5.626185955636455,6.196413220314832,0.04821655251006576
67.45409015025041,5.911035558976977,5.626704881664754,6.201402333807517,0.048612247922445735
67.69616026711185,5.908726193478947,5.626052444100873,6.201645555253984,0.04870703873436829
67.93823038397329,5.908157964201372,5.626755694904495,6.198719705060554,0.04840459696759082
68.18030050083473,5.906205788217165,5.623608260274891,6.196586566910265,0.048506463132258384
68.42237061769616,5.9056718156144345,5.620359129540816,6.195667381183458,0.04870811226942404
68.66444073455759,5.901866131186601,5.61641186652103,6.191899722641473,0.048754736495924045
68.90651085141903,5.901306682111503,5.6104243311232045,6.1873843685806165,0.04888409199324768
69.14858096828047,5.9001887225060585,5.609261193230387,6.186168477275734,0.04888888399829945
69.3906510851419,5.897217799551222,5.60783925598763,6.186074438098299,0.04902610025312892
69.63272120200334,5.896645418671353,5.603026270019636,6.183548791266591,0.049224811738617306
69.87479131886478,5.8936553791078765,5.600485522297941,6.184211676723695,0.04952157166289159
70.11686143572621,5.892633568234096,5.5971340307716675,6.185119574193882,0.049891575355365425
70.35893155258765,5.893668442076649,5.594440362571388,6.183224095588642,0.04995053070968095
70.60100166944908,5.890926394756444,5.590746027887674,6.179719421537509,0.0499898788562428
70.84307178631052,5.8834837013522545,5.587888367339817,6.181915101714493,0.0504825681966405
71.08514190317196,5.878381879808925,5.587660275933145,6.18230950967625,0.05057932998412424
71.32721202003339,5.874537557108368,5.582873360546488,6.178079888409258,0.05065986233610438
71.56928213689483,5.875223588659706,5.580417125174554,6.1752655546239295,0.05062347164093853
71.81135225375625,5.875801295928402,5.58033815350755,6.173369635306905,0.050463881599458804
72.0534223706177,5.874407713567081,5.5790580155418725,6.167845557407731,0.05011463032315925
72.29549248747914,5.871834764967872,5.575283227607546,6.162555111195941,0.05000752806364163
72.53756260434056,5.8695976950490145,5.572173959700791,6.158557414390166,0.04995090678735845
72.779632721202,5.864182280465372,5.568740877144258,6.15817169493778,0.0502568635832672
73.02170283806343,5.863037198432249,5.566098597067481,6.159798941164722,0.05063078435320124
73.26377295492487,5.860648721370572,5.563891935693158,6.158991985649624,0.050770834275262196
73.50584307178632,5.8601589934564755,5.560434997054895,6.1554643304178915,0.05076904347027215
73.74791318864774,5.855543566185515,5.5609329782962185,6.15559513670523,0.050777707627610844
73.98998330550918,5.854883980710506,5.5604550247312545,6.154548426579851,0.05073485689946168
74.23205342237061,5.850115048415271,5.556391876596004,6.151073391911093,0.05082648036778194
74.47412353923205,5.851437678883725,5.552672792798755,6.1485813906521445,0.05091984487879487
74.7161936560935,5.85124747660179,5.5499905870352055,6.146009691204072,0.05093094306404338
74.95826377295492,5.84934032552382,5.543932983457171,6.146163159814344,0.051478469608728226
75.20033388981636,5.84588206579952,5.543468776674086,6.141860684647456,0.051180634610658256
75.44240400667779,5.845160862301879,5.54490142812808,6.13909855314589,0.050828124239493504
75.68447412353923,5.845746265495517,5.547227145095868,6.138521873055909,0.0505747855881254
75.92654424040067,5.848417306555346,5.549204930554763,6.137912390782024,0.05033049365059787
76.1686143572621,5.848612458268691,5.549916531119241,6.138292833066244,0.05030050342241133
76.41068447412354,5.849818713943596,5.556198472721009,6.134938851610834,0.04946652257020741
76.65275459098497,5.850479189453541,5.557989331462875,6.137638302922474,0.049538589292353365
76.89482470784641,5.851575502128634,5.562679778794732,6.137899285722295,0.049150823288387414
77.13689482470785,5.850811139786002,5.564804540757978,6.138871981279034,0.049058790892885784
77.37896494156928,5.854044838125407,5.5654373323539,6.137758054383419,0.04888250242825171
77.62103505843072,5.857004801182002,5.570685657646477,6.1428279577514076,0.04884256710780453
77.86310517529215,5.859640171894823,5.572762671195178,6.144626183032615,0.04879681132813614
78.10517529215359,5.861302299381423,5.577129741393059,6.151100894352703,0.048962766603952323
78.34724540901503,5.863149219458682,5.576340723721186,6.158456648920068,0.049641916264637216
78.58931552587646,5.867566820391094,5.58230683272316,6.159579012728084,0.04919178576703855
78.8313856427379,5.872176369013545,5.5865987140699,6.163314702431792,0.04910581291504817
79.07345575959933,5.87446049446876,5.590372785884055,6.164403128393451,0.04885813284895589
79.31552587646077,5.874851167044811,5.591477780784657,6.166198841268096,0.04891366982259546
79.55759599332221,5.878632685384673,5.595809239529609,6.167549563881508,0.04862868246330031
79.79966611018364,5.879210172901474,5.59897179359216,6.169615042477184,0.04853060463080907
80.04173622704508,5.882459962369803,5.602723457975228,6.177691968686512,0.04887143426299265
80.2838063439065,5.884683602816426,5.603655295950958,6.176980155916682,0.04871331227487991
80.52587646076795,5.886805269075346,5.604427886537414,6.179661708633212,0.04885789454575851
80.76794657762939,5.8899142409635825,5.608297257470237,6.179366256802798,0.0484785495993176
81.01001669449082,5.896050910814141,5.615063410519254,6.179055061958705,0.04782791566512891
81.25208681135226,5.901271392571868,5.618694170365229,6.178725871549273,0.04745008862742482
81.49415692821368,5.9034709025245355,5.622156809325977,6.181500520182835,0.047374139730041065
81.73622704507513,5.905293038135527,5.6241380311895375,6.184092253386596,0.04741121385348323
81.97829716193657,5.910488313161075,5.625857097849817,6.189936812433397,0.04771853734382029
82.220367278798,5.914841849501699,5.626236084552071,6.194564895067779,0.04804260409461222
82.46243739565944,5.920170276700487,5.630372975002229,6.198685521764517,0.0479979899394911
82.70450751252086,5.924281453659436,5.631393296164726,6.200040212292159,0.04799290180382802
82.9465776293823,5.928077816383755,5.633049473867484,6.202347679801334,0.048017099603555255
83.18864774624375,5.929262939325374,5.628998198199224,6.2041666543346095,0.04850252569511002
83.43071786310517,5.930747817138445,5.637248277435035,6.207831528319532,0.04810381999683472
83.67278797996661,5.931238830837842,5.64305688815759,6.209247818777097,0.047729567698045955
83.91485809682804,5.932418858407363,5.645193802208976,6.211066664871911,0.047693266116989215
84.15692821368948,5.934269094653317,5.6476905193915465,6.2101079116161255,0.04738725049823812
84.39899833055092,5.936547002821014,5.6539059750761815,6.212892897930726,0.04708013956504659
84.64106844741235,5.939521223711019,5.654116109480667,6.213562911171598,0.0470952776006235
84.88313856427379,5.9395395740474495,5.655025733348296,6.216689335394131,0.047281745920171876
85.12520868113522,5.941980939640291,5.647734981526146,6.218404803143834,0.04802016595262201
85.36727879799666,5.941419354066077,5.648761299660334,6.218620681118364,0.04795650226810199
85.6093489148581,5.944765768017458,5.645920921545316,6.2179978218538805,0.048116016898959224
85.85141903171953,5.946301572471626,5.6485838864644915,6.2173679348087605,0.04782670719035274
86.09348914858097,5.949256523620017,5.651389654932896,6.216124403818364,0.04746263223340022
86.3355592654424,5.9458458750447285,5.657168824588694,6.217129480737116,0.04708839313331593
86.57762938230384,5.946704746059215,5.662986019182993,6.212968091925184,0.046242591168382384
86.81969949916528,5.9468526085161955,5.662101683322618,6.208811760004741,0.0459663382189098
87.06176961602671,5.947086967657643,5.663510864746496,6.210288261797208,0.04597018675061255
87.30383973288815,5.946594540650915,5.663329615737757,6.211353983261829,0.04607884090446879
87.54590984974958,5.945079684884541,5.663794049557318,6.211094699236482,0.04602971521733217
87.78797996661102,5.9422589924466696,5.667166408637994,6.209153327404047,0.045604451055985956
88.03005008347246,5.938567350230887,5.667031454394517,6.208019200369357,0.045548674795597495
88.27212020033389,5.935867328181287,5.666271882185876,6.208766036564121,0.0456962836587237
88.51419031719533,5.933039321094503,5.663616668587919,6.217131753435892,0.046646841095422144
88.75626043405676,5.930784731905643,5.6552876914068015,6.214484009240126,0.047143535224355264
88.9983305509182,5.928945899537084,5.65262178978448,6.2140167496656495,0.04734357248267364
89.24040066777964,5.929511466136986,5.652548483292915,6.211730146407926,0.047152422784613617
89.48247078464107,5.926963986541255,5.649374733271615,6.206112323545758,0.04696650692819831
89.72454090150251,5.9259970677554215,5.645349600498602,6.204674193529153,0.04719244598296817
89.96661101836393,5.920704414781531,5.6431419428203,6.201412136789786,0.04714558900928394
90.20868113522538,5.918948248504735,5.636326104328169,6.197112837075076,0.0473721604922441
90.45075125208682,5.909978821222177,5.635044065371793,6.190515559353691,0.04699437263524973
90.69282136894824,5.903609562624631,5.626976599804753,6.184553167548016,0.047223360710813546
90.93489148580969,5.902274291746629,5.627524224694939,6.179565086005689,0.04676509714930473
91.17696160267111,5.90174790577014,5.623812267553888,6.1770255670027705,0.046868597937570776
91.41903171953255,5.8985684259174835,5.618903179520658,6.1719595074986895,0.04688055541985231
91.661101836394,5.894424602191634,5.613068948139427,6.167318620822424,0.04701473935869156
91.90317195325542,5.892427179973941,5.608589572534619,6.162440325991323,0.04699682631115292
92.14524207011686,5.886887439726549,5.603570463148768,6.155857821684458,0.0469082655469751
92.38731218697829,5.882184675890286,5.603574971954921,6.149332175778906,0.046390689335283695
92.62938230383973,5.87523019574204,5.598486091896359,6.144550808946638,0.0464717720716738
92.87145242070117,5.873524310636457,5.593892860720787,6.142786027300173,0.046726048752823435
93.1135225375626,5.87129100473738,5.589882087668865,6.137641236491928,0.04664724916386285
93.35559265442404,5.867455778240638,5.587151245733851,6.136222770080432,0.04678957499627048
93.59766277128547,5.864882394873568,5.584821592427372,6.12701010388748,0.04622330636450866
93.83973288814691,5.861927109658714,5.582930507410658,6.128140754583466,0.04650435232079771
94.08180300500835,5.856505774477704,5.578559474805198,6.1294861112312,0.047035438676327014
94.32387312186978,5.852677225709587,5.574597022906395,6.130792724336386,0.04751634850002831
94.56594323873122,5.851164159735411,5.569524462972823,6.12951558362934,0.04785296612510694
94.80801335559265,5.850047190697129,5.568436294009355,6.12859257507398,0.047876219011993404
95.05008347245409,5.849295070943398,5.565756352906102,6.126729429332205,0.04795219506131252
95.29215358931553,5.8490903434446775,5.563567372504293,6.12723185381908,0.048183943845773375
95.53422370617696,5.847650377404035,5.561458602298748,6.128250979015858,0.04846325790160596
95.7762938230384,5.850236545487863,5.562661955854898,6.126779860032893,0.04821325597621218
96.01836393989983,5.850220944723022,5.566773494013966,6.127763252592882,0.047946031772093646
96.26043405676127,5.851648181498341,5.570206760739487,6.1284971169117,0.047703684402747214
96.50250417362271,5.855089691501692,5.573902564842632,6.128007464076073,0.047318224692415124
96.74457429048414,5.854853052677191,5.577294200769515,6.130951346286838,0.04728189935220984
96.98664440734558,5.856463184392766,5.581712758958648,6.132326870128553,0.04700909865166307
97.228714524207,5.859267194982163,5.583651146216759,6.134826794220204,0.047034520671413275
97.47078464106845,5.859981655252077,5.583880722289966,6.1349869169430615,0.04702286005956691
97.71285475792989,5.864495018691868,5.591022712457322,6.136839428965361,0.04653569614846298
97.95492487479132,5.868589584330523,5.595864319368341,6.142394967899913,0.04656405433350119
98.19699499165276,5.872692335072258,5.600571672184123,6.144258694811488,0.04628941817540962
98.43906510851419,5.873649625104328,5.606407376880486,6.147423871421573,0.04605454266702856
98.68113522537563,5.874650255485032,5.610466359550105,6.152633481157664,0.04614462972509293
98.92320534223707,5.876875154376892,5.612133775193963,6.155614966929403,0.04623896011562148
99.1652754590985,5.880559876936994,5.611932625848208,6.161723584805691,0.046746480816708604
99.40734557595994,5.880276421360286,5.614504910091646,6.16617366683427,0.046908403382081715
99.64941569282136,5.883169704835559,5.61776382339202,6.169951404511462,0.046929428252391
99.8914858096828,5.8860074573475725,5.6190897734731,6.177711321507845,0.047453350346796735
100.13355592654425,5.8915295419604625,5.6211078509778085,6.182781621995186,0.047667907545658805
100.37562604340567,5.8943844758070245,5.6211664454731265,6.1815419093497175,0.04753468883617977
100.61769616026712,5.894698780288251,5.622301371638297,6.1842307854425735,0.04766396339736277
100.85976627712854,5.895273047538435,5.621060451012551,6.187270327599599,0.04802236232497054
101.10183639398998,5.8946740355883325,5.622734492273918,6.190032383143658,0.04811953022718067
101.34390651085143,5.895084199096273,5.620882466712191,6.192434611682757,0.04847701285235135
101.58597662771285,5.8952115352323755,5.62333347408224,6.194702124328765,0.04846040272107077
101.8280467445743,5.8951725080722905,5.6245902567880846,6.194955956736919,0.048375658148072
102.07011686143572,5.895702278326352,5.625123866640734,6.196803004927667,0.048482700728336256
102.31218697829716,5.8943993040848595,5.624521348366967,6.194711436272678,0.048367107358214236
102.5542570951586,5.892105964613208,5.623471128151327,6.193956726763392,0.04841100975086711
102.79632721202003,5.892382253545835,5.626944422978491,6.19323746802353,0.04805297931106412
103.03839732888147,5.889231514796249,5.626539847859804,6.1940218754381915,0.04817963312807723
103.2804674457429,5.887344464212303,5.625491270363705,6.1908083902889075,0.04801121484920953
103.52253756260434,5.886218026183852,5.624323990304071,6.18545544439464,0.047664854716090214
103.76460767946578,5.885774118872695,5.623593156301216,6.185174667548357,0.04770668223967631
104.00667779632721,5.8836171103446295,5.618266495372825,6.183969221070276,0.04807440007464351
104.24874791318865,5.881274252658905,5.617191973709388,6.182280929531541,0.04804137092966532
104.49081803005008,5.88191432475342,5.615665113831847,6.181539569081588,0.04810291548011144
104.73288814691152,5.880529472606403,5.611924346634732,6.1827198737359526,0.04853266442759868
104.97495826377296,5.8758834476643145,5.6078435463360465,6.180958545826402,0.048768411132982144
105.21702838063439,5.874288258353457,5.60454808966984,6.176771691845432,0.048705781620596245
105.45909849749583,5.870023997030064,5.6021975978463825,6.171146472939046,0.04846222735891057
105.70116861435726,5.868531231550447,5.601276132953793,6.165226484772676,0.04804867943677014
105.9432387312187,5.868386450021832,5.598595641123372,6.162783471983715,0.04807009862636472
106.18530884808014,5.867237934783311,5.595237120348479,6.1582967732598695,0.04798336620825875
106.42737896494157,5.865919865490366,5.5909554753491175,6.15383057923657,0.04797841743448352
106.66944908180301,5.864268713409006,5.587489530165452,6.15195061170791,0.04812715012971559
106.91151919866444,5.859582990734034,5.584693845591224,6.14545285848775,0.04784973724096695
107.15358931552588,5.857266351004464,5.58177702074331,6.139381014774599,0.04759933735433297
107.39565943238732,5.854448732956863,5.575007702142423,6.134485901525477,0.047782312639749
107.63772954924875,5.84726418058025,5.57164270183618,6.131536457801453,0.0478765571961649
107.87979966611019,5.841470799238527,5.570471088686348,6.125885327758921,0.047540615896340184
108.12186978297161,5.837693054737978,5.56592872400305,6.1222608865301265,0.04765000123426729
108.36393989983306,5.83347609937557,5.558057195474497,6.117266077666812,0.047931016829928785
108.6060100166945,5.832678808153872,5.553413145077638,6.111658002846645,0.04785492876691591
108.84808013355592,5.82798814556905,5.54978019947363,6.105872080511229,0.047708734742399034
109.09015025041737,5.822742231565018,5.545794874918691,6.103958553224469,0.0479296228570775
109.3322203672788,5.81842436897096,5.542557784371832,6.09712819197163,0.047656407682917006
109.57429048414023,5.816534724592439,5.53921976978046,6.092274832806682,0.04754162823853633
109.81636060100168,5.811981645506821,5.535077167551507,6.088931736923003,0.04764765299970234
110.0584307178631,5.806591133951358,5.5285551706079605,6.083495616896097,0.0477853902131475
110.30050083472455,5.801813733306307,5.524074307677941,6.077834948275923,0.047723062653582296
110.54257095158597,5.795610121026677,5.51957126586295,6.072206350674551,0.04767704118041183
110.78464106844741,5.792818658701135,5.514979365405813,6.06753670971278,0.0476933058725216
111.02671118530886,5.787818544068186,5.510068596287298,6.061350882728332,0.04762435814492075
111.26878130217028,5.783623435834384,5.5053499147824665,6.0567447243803025,0.04766862985766709
111.51085141903172,5.778168624011574,5.501089709886798,6.050783309089701,0.0475664206924158
111.75292153589315,5.771927260801675,5.496787464249814,6.045674217161648,0.04754796172150632
111.99499165275459,5.767318290166989,5.491901958263398,6.040458438675158,0.04755732671690959
112.23706176961603,5.7642114927988635,5.486987466506611,6.035245841371393,0.047557100875784304
112.47913188647746,5.758508700129738,5.480891785985009,6.029135384298303,0.047602914822455815
112.7212020033389,5.753536224181519,5.47710474438961,6.023986869943081,0.04752573932314719
112.96327212020033,5.74840099939469,5.472889810799017,6.017667354960052,0.047385137555504615
113.20534223706177,5.742734309064566,5.469490821977616,6.013044082004445,0.04732530104769622
113.44741235392321,5.7375604488679315,5.465038284850831,6.006707693328284,0.04720380842212558
113.68948247078464,5.731796867509532,5.45990185987692,5.998616442060687,0.04699351657396037
113.93155258764608,5.726028820749795,5.454305409786422,5.992008796295722,0.04695255676681087
114.17362270450751,5.7187773290603126,5.450440541372277,5.98539251467386,0.046771533714312676
114.41569282136895,5.713453336228909,5.444553371488283,5.98184794812221,0.047020124696473126
114.65776293823039,5.707938228554919,5.438678599610656,5.975726206273351,0.04704392244261024
114.89983305509182,5.703695783381438,5.433719388813721,5.970417606330948,0.04704828569933353
115.14190317195326,5.698363298910619,5.4269737728508725,5.964032534422197,0.04712394887791693
115.38397328881469,5.692768144921178,5.42291792310954,5.959130345226609,0.047095930175502836
115.62604340567613,5.688119582781795,5.417048687271846,5.954329082681122,0.04722829641588839
115.86811352253757,5.681960676613304,5.41001090814499,5.9489886689199825,0.04742885347600175
116.110183639399,5.675794325316436,5.4047640598054505,5.941872087143564,0.04731567042011949
116.35225375626044,5.669726269949008,5.400017531592312,5.933681176453029,0.04706255817756764
116.59432387312187,5.66478333297461,5.394442355051841,5.9292009080045,0.04720026535170711
116.8363939899833,5.658766136321642,5.389176462488489,5.920799934113907,0.046973444282589476
117.07846410684475,5.6530733545660325,5.385342968019646,5.911611291697338,0.046547098425020486
117.32053422370618,5.6465280468671235,5.38050196617311,5.904941960590223,0.04643915606760242
117.56260434056762,5.640617457695303,5.375389472126798,5.900655489312167,0.04656103885123129
117.80467445742904,5.6353635254606385,5.364840404005794,5.893179804510093,0.04687713562020048
118.04674457429049,5.6283311232031314,5.359151209741857,5.887208489103726,0.04691064436355926
118.28881469115193,5.624028772845632,5.354189798656961,5.88193234117079,0.04691854930240724
118.53088480801335,5.618935871521167,5.348571100170498,5.876048233926962,0.04693745807190219
118.7729549248748,5.612877785384871,5.343054655156902,5.8699497863985135,0.0469362732797756
119.01502504173622,5.608699046013945,5.335754209320183,5.864804879468041,0.0471634032961574
119.25709515859766,5.6034910125510216,5.330233244479567,5.858209872591454,0.04711140135045227
119.4991652754591,5.598820915338877,5.324527287117878,5.851628112138931,0.04707248481345198
119.74123539232053,5.59056418644545,5.32063477186574,5.845215119461836,0.046916583917233405
119.98330550918197,5.584724955172837,5.317679805178992,5.838528121080992,0.046631510063854194
120.2253756260434,5.579907739224888,5.313528351499237,5.8338066859886,0.0466206932806416
120.46744574290484,5.574102018252431,5.309378337584276,5.828489091944911,0.04656451861311504
120.70951585976628,5.566468798328314,5.301941927444706,5.822017324475304,0.04671501950992555
120.95158597662771,5.558995164002756,5.295434307887298,5.8158516617188605,0.046808581270363595
121.19365609348915,5.554226057055208,5.289763693529864,5.81013276592201,0.046844426842435664
121.43572621035058,5.549300732701102,5.288146456278077,5.805044851999496,0.04657329099821745
121.67779632721202,5.543664170681608,5.283269372315321,5.8010404097851485,0.046699350964306933
121.91986644407346,5.537988149549404,5.276609066347167,5.796929747395894,0.04697741011698105
122.16193656093489,5.532401804658932,5.271104592757682,5.792257931050197,0.04710009835634521
122.40400667779633,5.528389527735602,5.266599681050187,5.787121394544861,0.047077156094306224
122.64607679465776,5.522279951059799,5.260203139497427,5.781945555385889,0.04723976514341081
122.8881469115192,5.516092647866908,5.253987901906452,5.776982277998814,0.04740623567069755
123.13021702838064,5.511525853660622,5.247567520221732,5.770699439034783,0.04745799373013919
123.37228714524207,5.5065423911652465,5.241688505233141,5.76471864866008,0.04749170225821689
123.61435726210351,5.502272234511064,5.2372940103043275,5.760176473864178,0.04751513931646766
123.85642737896494,5.499125787895047,5.2337030665215645,5.755983454720851,0.04748758333087745
124.09849749582638,5.495147705403298,5.231135642640255,5.752347947343107,0.047424776607037526
124.34056761268782,5.490251285931466,5.224873650576871,5.748668945975462,0.04770230615316222
124.58263772954925,5.48492187386244,5.220773251499058,5.744954283428925,0.04778381934916623
124.82470784641069,5.479948935374205,5.214546713794953,5.739589651566271,0.04790582393770648
125.06677796327212,5.475970707493391,5.210337043447821,5.734291643411356,0.04784125298977113
125.30884808013356,5.471543748738819,5.206361703227293,5.728488485528555,0.047712931329628075
125.550918196995,5.466782646115786,5.20186771733412,5.724794915708609,0.047827692467893757
125.79298831385643,5.462590049382461,5.1984058832704685,5.719219621151371,0.04767095216487826
126.03505843071787,5.45752544280737,5.194363288276755,5.713233604184332,0.04753714126898029
126.2771285475793,5.453131922563156,5.190221418015888,5.706195676520809,0.047309900606842106
126.51919866444074,5.448680637946533,5.186061843851614,5.702208645318995,0.04736438376225916
126.76126878130218,5.442904216803379,5.181988384195587,5.695707273562471,0.04719161580879255
127.0033388981636,5.436500881747021,5.177538946335032,5.691639085400999,0.047282263927524694
127.24540901502505,5.431495895292811,5.172901937657527,5.687454586054895,0.047367489391210195
127.48747913188647,5.42548161105867,5.165727481047917,5.684025013920639,0.04776511746130381
127.72954924874792,5.420975153569659,5.16087105204837,5.679499984531521,0.04783539103122791
127.97161936560936,5.416409344855381,5.155313609828302,5.674684971229325,0.047944249440298695
128.21368948247078,5.411944511501248,5.1518790465072355,5.6696155232201,0.04783275915085531
128.45575959933223,5.407171205075551,5.148142962080457,5.665730303730298,0.047861194145655754
128.69782971619367,5.403165834121303,5.143660746491473,5.660483784321486,0.047825946278221385
128.9398998330551,5.398526986833305,5.138881291038343,5.6565910070233345,0.047949164396848924
129.18196994991655,5.3942092892185745,5.134254207284485,5.6513542297454995,0.04793103073461982
129.42404006677796,5.388551243114479,5.128961888636613,5.646559416176459,0.04802752207295382
129.6661101836394,5.383615274497106,5.126137388314429,5.641193225563205,0.0478354981724514
129.90818030050082,5.379276346280224,5.1227961378177636,5.635531207064499,0.04765836854629085
130.15025041736226,5.3743247133385506,5.119109301415188,5.629731373757266,0.047505696024913
130.3923205342237,5.369722033965614,5.115178699275149,5.623870251584458,0.047366655954594494
130.63439065108514,5.364402200461452,5.110070766060612,5.620264467168013,0.04755363990637337
130.87646076794658,5.359435171886595,5.104706435827393,5.61455975712297,0.047565956574123644
131.11853088480802,5.353581274479943,5.100118307723406,5.6095594837072715,0.04757947529556779
131.36060100166947,5.349576947010259,5.09531470214749,5.603947578726781,0.04753954206262545
131.6026711185309,5.3458078660160915,5.090193224457299,5.598482705432156,0.04754094177290872
131.84474123539232,5.341107010157797,5.085764390003245,5.59231603802644,0.04742009915358628
132.08681135225376,5.336666940477968,5.082384854055156,5.586161341601395,0.04719954356952239
132.32888146911517,5.3329985955701265,5.077619750549025,5.581697084163845,0.04726021623496521
132.57095158597662,5.328853164231198,5.074193749024346,5.578597956362985,0.04732765116557776
132.81302170283806,5.324362326543304,5.0710055109237295,5.570155247229281,0.046874133059762194
133.0550918196995,5.321010434898181,5.068268016410175,5.564830715284309,0.04666056428093018
133.29716193656094,5.3168210926124715,5.06445276330392,5.5604341882522705,0.046642666389273356
133.53923205342238,5.312807422397572,5.060554788675704,5.5560151217698035,0.04662886245465559
133.7813021702838,5.308870286411608,5.055024719905044,5.5504627151544215,0.04666133927942091
134.02337228714524,5.304482800583388,5.051809408205951,5.544852546395722,0.04647419519727219
134.26544240400668,5.300368452050961,5.049168836443216,5.539409535751528,0.04624590759521771
134.50751252086812,5.296069774448723,5.045490470377183,5.535437629904696,0.04625573117364312
134.74958263772956,5.293676263249537,5.040958789642232,5.532626507109862,0.04643915617592171
134.99165275459097,5.290165565016435,5.038149083889682,5.5303695140326035,0.0465222141059202
135.23372287145241,5.285741480322445,5.034488359231064,5.525441286206544,0.046441254155465246
135.47579298831386,5.281830591977748,5.0278189958880155,5.5214546093439605,0.04672959543663689
135.7178631051753,5.277819327734749,5.025439691466735,5.5178201230737605,0.04664619997690942
135.95993322203674,5.27485396015172,5.025412858164704,5.51464381823291,0.04637388672407289
136.20200333889815,5.271280166329512,5.023702063037872,5.511566507202649,0.046275708060541765
136.4440734557596,5.266874128424201,5.020920430406033,5.507103298933542,0.04615478333758569
136.68614357262103,5.263651515796211,5.017298316793065,5.502745977590748,0.046113202910646266
136.92821368948248,5.2598684201916015,5.01214346512796,5.498026384587704,0.04618774469666722
137.17028380634392,5.256379486370188,5.006391445267476,5.493965697303426,0.04637928571369626
137.41235392320533,5.2520619519672245,5.001412599299064,5.489087520272231,0.04642699623816343
137.65442404006677,5.247035618217445,4.997110995680147,5.485251173627368,0.046515805634368364
137.8964941569282,5.242418345779487,4.992657822088728,5.4805768066508165,0.046535678038256645
138.13856427378965,5.239326392405008,4.988458175822067,5.478314975637154,0.04674807056544425
138.3806343906511,5.236320319491819,4.985512734158048,5.475085896907761,0.04674782412826361
138.6227045075125,5.231831079018935,4.984020467971362,5.47199651385292,0.04663530210660608
138.86477462437395,5.225930437949909,4.978437505813264,5.466377297972917,0.046684489772032656
139.1068447412354,5.220790748958913,4.975125101986123,5.4626848025806565,0.04669404732336368
139.34891485809683,5.215415528550517,4.971549051723248,5.456550532652298,0.046496916523144506
139.59098497495827,5.211365405818962,4.964179785599782,5.451897034608002,0.046793614631554986
139.8330550918197,5.206238863454939,4.959580820216247,5.447315208001924,0.04684133791952153
140.07512520868113,5.201598073649145,4.955609488274873,5.441350955364373,0.04669156095991206
140.31719532554257,5.198192457388185,4.950988954049929,5.437488495489369,0.046795068230686514
140.559265442404,5.194604240320636,4.946350685949681,5.433209415847258,0.046861965548652226
140.80133555926545,5.190801518273325,4.941053192446461,5.4274753122681085,0.04685423995786415
141.04340567612687,5.1862170880361695,4.936630865247324,5.421612432130038,0.04675677460566534
141.2854757929883,5.182603146674662,4.932771774378165,5.416256067071264,0.04664492717364624
141.52754590984975,5.178003280164021,4.927885759002706,5.415077791795457,0.04704439205929959
141.7696160267112,5.172830999603851,4.9220869500911215,5.410131998596159,0.047173882980365456
142.01168614357263,5.168811655628698,4.914742052930473,5.406693989784547,0.047588495154234536
142.25375626043405,5.16574385509789,4.90921396115499,5.404410617855939,0.04793081796073352
142.4958263772955,5.16168640794385,4.905251024540297,5.398887144203629,0.04781732951692152
142.73789649415693,5.158036902776725,4.897717774735621,5.388577101842187,0.04758199062537939
142.97996661101837,5.151612033028483,4.892701289551533,5.382031119430425,0.04749288443516869
143.2220367278798,5.144985449579828,4.8836553521351185,5.379334490841205,0.04817109237369825
143.46410684474122,5.137297852510276,4.87635652915969,5.3737343858951,0.04840850881289397
143.70617696160267,5.129926111314118,4.871365907168846,5.368901971710226,0.04849349227896853
143.9482470784641,5.125228038575566,4.864525595203896,5.365066564764088,0.04883109256727868
144.19031719532555,5.119656886477255,4.8567022520811705,5.357113769578987,0.04887158735379052
144.432387312187,5.116777763770418,4.849276453872621,5.353418704613931,0.04926364540501571
144.6744574290484,5.106039959672757,4.84210258310202,5.345143341509183,0.04925938323829753
144.91652754590984,5.097309665018351,4.834169255666315,5.340017335158643,0.049619123884491974
145.15859766277129,5.089430339419353,4.824284523214715,5.335257956627644,0.05019947217424984
145.40066777963273,5.080975291621417,4.81636083501203,5.3264226580857095,0.05019329890412744
145.64273789649417,5.073091905653534,4.807674717548603,5.320200492806092,0.05051414253764274
145.88480801335558,5.066426653839757,4.800579810328995,5.310138974772329,0.05028782604176731
146.12687813021702,5.058801066934751,4.791998311371041,5.302777553928257,0.050484219066822184
146.36894824707846,5.049422670290565,4.78504784096336,5.295299546963795,0.05052574713170854
146.6110183639399,5.0403914837350445,4.775018675440594,5.289776213876177,0.05106324975913733
146.85308848080135,5.029787291967129,4.765711059978824,5.279796659507297,0.05110410934767541
147.09515859766276,5.018328123476225,4.757083490985115,5.268845138460104,0.05098925726686918
147.3372287145242,5.005504831709311,4.744520385413868,5.263814430545677,0.051872294862462254
147.57929883138564,4.9977108768255825,4.733224044581041,5.263990416767477,0.05310094814083816
147.82136894824708,4.987580101229229,4.719968601397776,5.2549644158248485,0.05363280424260442
148.06343906510853,4.977203278224762,4.705109641218844,5.242767600958355,0.05401205553445667
148.30550918196994,4.966662139003012,4.691655248975244,5.2381144646952595,0.05501272287364706
148.54757929883138,4.955811670220092,4.675030883912969,5.233936127650758,0.056388870373777523
148.78964941569282,4.944360267095258,4.662328992271101,5.228188549463017,0.05722272717035948
149.03171953255426,4.931288621647965,4.6454694271774475,5.224108023953222,0.058670120649154146
149.2737896494157,4.9209514670767724,4.630642521656721,5.215726537762012,0.05944826117670006
149.51585976627712,4.909279999392169,4.611301909226912,5.2149427866577645,0.06147957312534539
149.75792988313856,4.895663658548978,4.596956012161491,5.2098742619025655,0.0625980758166235
150.0,4.884211967573142,4.578304690195302,5.198466352175694,0.06348635830075743
