target,target_z,target_a,energy_MeV,n_interactions,n_c11,n_n13,n_o15,sigma_inelastic_mb,n_secondaries,n_nuclei,residual_counts,cross_section_data_sets,model_counts,physics_list,geant4_version,seed,batch_count,seeds,stopping_condition
C12,6,12,5,10000,0,0,0,21.8064667506,20000,10000,6-12:10000,BarashenkovGlauberGribov,Binary Cascade:10000,QGSP_BIC_HP,$Name: geant4-11-04-patch-01 [MT]$,4665000,1,4665000,below_threshold
C12,6,12,5.5,10000,0,0,0,29.6807830792,20000,10000,6-12:10000,BarashenkovGlauberGribov,Binary Cascade:10000,QGSP_BIC_HP,$Name: geant4-11-04-patch-01 [MT]$,4665500,1,4665500,below_threshold
C12,6,12,6,10000,0,0,0,39.0699201443,20000,10000,6-12:10000,BarashenkovGlauberGribov,Binary Cascade:10000,QGSP_BIC_HP,$Name: geant4-11-04-patch-01 [MT]$,4666000,1,4666000,below_threshold
C12,6,12,7,10000,0,0,0,62.4324711416,27384,10000,6-12:10000,BarashenkovGlauberGribov,Binary Cascade:10000,QGSP_BIC_HP,$Name: geant4-11-04-patch-01 [MT]$,4667000,1,4667000,below_threshold
C12,6,12,8,10000,0,0,0,91.5419868779,27584,10000,6-12:10000,BarashenkovGlauberGribov,Binary Cascade:10000,QGSP_BIC_HP,$Name: geant4-11-04-patch-01 [MT]$,4668000,1,4668000,below_threshold
C12,6,12,9,10000,0,0,0,125.395172479,20000,10000,6-12:10000,BarashenkovGlauberGribov,Binary Cascade:10000,QGSP_BIC_HP,$Name: geant4-11-04-patch-01 [MT]$,4669000,1,4669000,below_threshold
C12,6,12,10,10000,0,0,0,162.494288645,20000,10000,6-12:10000,BarashenkovGlauberGribov,Binary Cascade:10000,QGSP_BIC_HP,$Name: geant4-11-04-patch-01 [MT]$,4670000,1,4670000,below_threshold
C12,6,12,11,10000,0,0,0,201.095956723,29087,10000,6-12:10000,BarashenkovGlauberGribov,Binary Cascade:10000,QGSP_BIC_HP,$Name: geant4-11-04-patch-01 [MT]$,4671000,1,4671000,below_threshold
C12,6,12,12,10000,0,0,0,239.477973824,40006,20428,2-4:15642|6-12:4786,BarashenkovGlauberGribov,Binary Cascade:10000,QGSP_BIC_HP,$Name: geant4-11-04-patch-01 [MT]$,4672000,1,4672000,below_threshold
C12,6,12,14,10000,0,0,0,310,40009,29624,2-4:29436|6-12:188,BarashenkovGlauberGribov,Binary Cascade:10000,QGSP_BIC_HP,$Name: geant4-11-04-patch-01 [MT]$,4674000,1,4674000,below_threshold
C12,6,12,16,10000,0,0,0,365,40048,29698,2-4:29547|6-12:151,BarashenkovGlauberGribov,Binary Cascade:10000,QGSP_BIC_HP,$Name: geant4-11-04-patch-01 [MT]$,4676000,1,4676000,below_threshold
C12,6,12,18,10000,0,0,0,413.333333333,40017,29842,2-4:29763|6-12:79,BarashenkovGlauberGribov,Binary Cascade:10000,QGSP_BIC_HP,$Name: geant4-11-04-patch-01 [MT]$,4678000,1,4678000,pilot_interactions
C12,6,12,20,10000,0,0,0,440,40050,29872,2-4:29808|6-12:64,BarashenkovGlauberGribov,Binary Cascade:10000,QGSP_BIC_HP,$Name: geant4-11-04-patch-01 [MT]$,4680000,1,4680000,pilot_interactions
C12,6,12,22,10000,0,0,0,450,40022,29834,2-4:29751|6-12:83,BarashenkovGlauberGribov,Binary Cascade:10000,QGSP_BIC_HP,$Name: geant4-11-04-patch-01 [MT]$,4682000,1,4682000,pilot_interactions
C12,6,12,24,10000,0,0,0,440,40044,29858,2-4:29787|6-12:71,BarashenkovGlauberGribov,Binary Cascade:10000,QGSP_BIC_HP,$Name: geant4-11-04-patch-01 [MT]$,4684000,1,4684000,pilot_interactions
C12,6,12,26,10000,0,0,0,432.5,39996,29842,2-4:29763|6-12:79,BarashenkovGlauberGribov,Binary Cascade:10000,QGSP_BIC_HP,$Name: geant4-11-04-patch-01 [MT]$,4686000,1,4686000,pilot_interactions
C12,6,12,28,10000,0,0,0,426.666666667,40040,29870,2-4:29805|6-12:65,BarashenkovGlauberGribov,Binary Cascade:10000,QGSP_BIC_HP,$Name: geant4-11-04-patch-01 [MT]$,4688000,1,4688000,pilot_interactions
C12,6,12,30,10000,0,0,0,420,40050,29870,2-4:29805|6-12:65,BarashenkovGlauberGribov,Binary Cascade:10000,QGSP_BIC_HP,$Name: geant4-11-04-patch-01 [MT]$,4690000,1,4690000,pilot_interactions
C12,6,12,35,10000,0,0,0,385,40041,29872,2-4:29808|6-12:64,BarashenkovGlauberGribov,Binary Cascade:10000,QGSP_BIC_HP,$Name: geant4-11-04-patch-01 [MT]$,4695000,1,4695000,pilot_interactions
C12,6,12,40,10000,0,0,0,370,40013,29846,2-4:29769|6-12:77,BarashenkovGlauberGribov,Binary Cascade:10000,QGSP_BIC_HP,$Name: geant4-11-04-patch-01 [MT]$,4700000,1,4700000,pilot_interactions
C12,6,12,45,10000,1517,0,0,340,40528,23881,1-2:8|1-3:20|2-3:395|2-4:20167|3-6:2|3-7:83|4-10:6|4-7:320|5-10:216|5-11:413|5-8:56|6-10:10|6-11:1517|6-12:623|7-12:45,BarashenkovGlauberGribov,Binary Cascade:10000,QGSP_BIC_HP,$Name: geant4-11-04-patch-01 [MT]$,4705000,1,4705000,pilot_interactions
C12,6,12,50,10000,1550,0,0,320,41248,23476,1-2:77|1-3:49|2-3:520|2-4:19233|3-6:41|3-7:117|4-10:7|4-7:452|5-10:282|5-11:481|5-8:61|6-10:29|6-11:1550|6-12:550|7-12:27,BarashenkovGlauberGribov,Binary Cascade:10000,QGSP_BIC_HP,$Name: geant4-11-04-patch-01 [MT]$,4710000,1,4710000,pilot_interactions
C12,6,12,55,10000,1634,0,0,304,41989,22971,1-2:174|1-3:77|2-3:706|2-4:18118|3-6:87|3-7:134|4-10:11|4-7:505|4-9:4|5-10:404|5-11:482|5-8:44|6-10:36|6-11:1634|6-12:534|7-12:21,BarashenkovGlauberGribov,Binary Cascade:10000,QGSP_BIC_HP,$Name: geant4-11-04-patch-01 [MT]$,4715000,1,4715000,pilot_interactions
C12,6,12,60,10000,1611,0,0,288,42765,22765,1-2:304|1-3:95|2-3:860|2-4:17437|3-6:144|3-7:168|4-10:16|4-6:1|4-7:587|4-9:6|5-10:492|5-11:456|5-8:41|6-10:56|6-11:1611|6-12:474|7-12:17,BarashenkovGlauberGribov,Binary Cascade:10000,QGSP_BIC_HP,$Name: geant4-11-04-patch-01 [MT]$,4720000,1,4720000,pilot_interactions
C12,6,12,65,10000,1743,0,0,275.5,43325,22207,1-2:453|1-3:123|2-3:778|2-4:16465|2-6:1|3-6:202|3-7:144|4-10:24|4-6:1|4-7:660|4-9:4|5-10:488|5-11:574|5-8:41|6-10:76|6-11:1743|6-12:410|7-12:20,BarashenkovGlauberGribov,Binary Cascade:10000,QGSP_BIC_HP,$Name: geant4-11-04-patch-01 [MT]$,4725000,1,4725000,pilot_interactions
C12,6,12,70,10000,1682,0,0,263,44057,22134,1-2:614|1-3:143|2-3:839|2-4:16069|3-6:264|3-7:163|4-10:19|4-6:2|4-7:714|4-9:5|5-10:577|5-11:491|5-8:40|6-10:117|6-11:1682|6-12:384|7-12:11,BarashenkovGlauberGribov,Binary Cascade:10000,QGSP_BIC_HP,$Name: geant4-11-04-patch-01 [MT]$,4730000,1,4730000,pilot_interactions
C12,6,12,75,10000,1734,0,0,256,44628,21786,1-2:723|1-3:181|2-3:822|2-4:15471|2-6:6|3-6:312|3-7:146|4-10:41|4-6:2|4-7:635|4-9:11|5-10:581|5-11:549|5-8:42|6-10:137|6-11:1734|6-12:372|7-12:21,BarashenkovGlauberGribov,Binary Cascade:10000,QGSP_BIC_HP,$Name: geant4-11-04-patch-01 [MT]$,4735000,1,4735000,pilot_interactions
C12,6,12,80,10000,1680,0,0,249,45275,21633,1-2:813|1-3:178|2-3:807|2-4:15146|2-6:4|3-6:362|3-7:199|4-10:49|4-6:2|4-7:668|4-9:11|5-10:652|5-11:529|5-8:28|6-10:159|6-11:1680|6-12:331|7-12:15,BarashenkovGlauberGribov,Binary Cascade:10000,QGSP_BIC_HP,$Name: geant4-11-04-patch-01 [MT]$,4740000,1,4740000,pilot_interactions
C12,6,12,85,10000,1580,0,0,241.5,45791,21710,1-2:892|1-3:175|2-3:840|2-4:15199|2-6:2|3-6:400|3-7:183|4-10:51|4-6:1|4-7:657|4-9:16|5-10:663|5-11:518|5-8:37|6-10:193|6-11:1580|6-12:294|7-12:9,BarashenkovGlauberGribov,Binary Cascade:10000,QGSP_BIC_HP,$Name: geant4-11-04-patch-01 [MT]$,4745000,1,4745000,pilot_interactions
C12,6,12,90,10000,1693,0,0,234,46327,21261,1-2:986|1-3:182|2-3:821|2-4:14480|2-6:2|3-6:464|3-7:184|4-10:43|4-6:2|4-7:606|4-9:18|5-10:630|5-11:563|5-8:35|6-10:232|6-11:1693|6-12:306|6-9:3|7-12:11,BarashenkovGlauberGribov,Binary Cascade:10000,QGSP_BIC_HP,$Name: geant4-11-04-patch-01 [MT]$,4750000,1,4750000,pilot_interactions
C12,6,12,95,10000,1578,0,0,228,46833,21356,1-2:1087|1-3:174|2-3:839|2-4:14531|2-6:5|3-6:494|3-7:192|3-8:1|4-10:53|4-6:5|4-7:639|4-9:21|5-10:635|5-11:543|5-8:32|6-10:234|6-11:1578|6-12:286|7-12:7,BarashenkovGlauberGribov,Binary Cascade:10000,QGSP_BIC_HP,$Name: geant4-11-04-patch-01 [MT]$,4755000,1,4755000,pilot_interactions
C12,6,12,100,10000,1597,0,0,222,47544,21169,1-2:1199|1-3:186|2-3:799|2-4:14246|2-6:4|3-6:506|3-7:187|3-8:1|4-10:52|4-6:3|4-7:587|4-9:28|5-10:668|5-11:519|5-8:31|6-10:269|6-11:1597|6-12:272|6-9:4|7-12:11,BarashenkovGlauberGribov,Binary Cascade:10000,QGSP_BIC_HP,$Name: geant4-11-04-patch-01 [MT]$,4760000,1,4760000,pilot_interactions
C12,6,12,105,10000,1524,0,0,220.5,47799,21160,1-2:1198|1-3:202|2-3:826|2-4:14189|2-6:6|3-6:540|3-7:236|3-8:3|4-10:47|4-6:7|4-7:584|4-9:19|5-10:667|5-11:516|5-8:28|6-10:290|6-11:1524|6-12:257|6-9:1|7-12:20,BarashenkovGlauberGribov,Binary Cascade:10000,QGSP_BIC_HP,$Name: geant4-11-04-patch-01 [MT]$,4765000,1,4765000,pilot_interactions
C12,6,12,110,10000,1530,0,0,219,48269,20969,1-2:1178|1-3:210|2-3:770|2-4:14054|2-6:5|3-6:572|3-7:211|3-8:3|3-9:1|4-10:65|4-6:1|4-7:567|4-9:31|5-10:649|5-11:526|5-8:23|6-10:316|6-11:1530|6-12:240|6-9:3|7-12:14,BarashenkovGlauberGribov,Binary Cascade:10000,QGSP_BIC_HP,$Name: geant4-11-04-patch-01 [MT]$,4770000,1,4770000,pilot_interactions
C12,6,12,115,10000,1525,0,0,217.5,48465,20777,1-2:1281|1-3:216|2-3:733|2-4:13708|2-6:9|3-6:557|3-7:197|3-8:5|4-10:52|4-6:5|4-7:589|4-9:31|5-10:636|5-11:571|5-8:32|6-10:351|6-11:1525|6-12:258|6-9:4|7-12:17,BarashenkovGlauberGribov,Binary Cascade:10000,QGSP_BIC_HP,$Name: geant4-11-04-patch-01 [MT]$,4775000,1,4775000,pilot_interactions
C12,6,12,120,10000,1505,0,0,216,49033,20793,1-2:1327|1-3:227|2-3:745|2-4:13699|2-6:10|3-6:568|3-7:232|3-8:9|3-9:2|4-10:49|4-6:6|4-7:578|4-9:37|5-10:642|5-11:565|5-8:35|6-10:314|6-11:1505|6-12:220|6-9:6|7-12:17,BarashenkovGlauberGribov,Binary Cascade:10000,QGSP_BIC_HP,$Name: geant4-11-04-patch-01 [MT]$,4780000,1,4780000,pilot_interactions
C12,6,12,125,10000,1513,0,0,214.5,49404,20695,1-2:1378|1-3:212|2-3:764|2-4:13552|2-6:11|3-6:582|3-7:216|3-8:3|4-10:50|4-6:5|4-7:555|4-9:36|5-10:664|5-11:554|5-8:33|6-10:313|6-11:1513|6-12:236|6-9:5|7-12:13,BarashenkovGlauberGribov,Binary Cascade:10000,QGSP_BIC_HP,$Name: geant4-11-04-patch-01 [MT]$,4785000,1,4785000,pilot_interactions
C12,6,12,130,10000,1505,0,0,213,49849,20401,1-2:1396|1-3:213|2-3:710|2-4:13232|2-6:9|3-6:581|3-7:222|3-8:8|4-10:88|4-6:11|4-7:477|4-9:51|5-10:655|5-11:613|5-8:44|6-10:353|6-11:1505|6-12:208|6-9:13|7-12:12,BarashenkovGlauberGribov,Binary Cascade:10000,QGSP_BIC_HP,$Name: geant4-11-04-patch-01 [MT]$,4790000,1,4790000,pilot_interactions
C12,6,12,135,10000,1395,0,0,211.5,50162,20457,1-2:1343|1-3:186|2-3:726|2-4:13425|2-6:6|3-6:644|3-7:216|3-8:9|4-10:61|4-6:4|4-7:494|4-9:37|5-10:720|5-11:571|5-8:22|6-10:359|6-11:1395|6-12:221|6-9:10|7-12:8,BarashenkovGlauberGribov,Binary Cascade:10000,QGSP_BIC_HP,$Name: geant4-11-04-patch-01 [MT]$,4795000,1,4795000,pilot_interactions
C12,6,12,140,10000,1396,0,0,210,50378,20372,1-2:1396|1-3:225|2-3:702|2-4:13244|2-6:9|3-6:635|3-7:246|3-8:6|4-10:69|4-6:5|4-7:474|4-9:36|5-10:676|5-11:579|5-8:35|6-10:408|6-11:1396|6-12:205|6-9:7|7-12:19,BarashenkovGlauberGribov,Binary Cascade:10000,QGSP_BIC_HP,$Name: geant4-11-04-patch-01 [MT]$,4800000,1,4800000,pilot_interactions
C12,6,12,145,10000,1391,0,0,210.5,50607,20184,1-2:1341|1-3:237|2-3:662|2-4:13061|2-6:12|3-6:669|3-7:260|3-8:14|4-10:75|4-6:5|4-7:492|4-9:46|5-10:690|5-11:602|5-8:32|6-10:371|6-11:1391|6-12:206|6-9:10|7-12:8,BarashenkovGlauberGribov,Binary Cascade:10000,QGSP_BIC_HP,$Name: geant4-11-04-patch-01 [MT]$,4805000,1,4805000,pilot_interactions
C12,6,12,150,10000,1375,0,0,211,51007,20257,1-2:1395|1-3:218|2-3:650|2-4:13218|2-6:15|3-6:644|3-7:237|3-8:14|4-10:71|4-6:8|4-7:495|4-9:39|5-10:644|5-11:568|5-8:45|6-10:387|6-11:1375|6-12:201|6-9:21|7-12:12,BarashenkovGlauberGribov,Binary Cascade:10000,QGSP_BIC_HP,$Name: geant4-11-04-patch-01 [MT]$,4810000,1,4810000,pilot_interactions
N14,7,14,5,10000,0,0,0,34.9899309325,30000,10000,7-14:10000,BarashenkovGlauberGribov,Binary Cascade:10000,QGSP_BIC_HP,$Name: geant4-11-04-patch-01 [MT]$,4795000,1,4795000,below_threshold
N14,7,14,5.5,10000,0,0,0,47.5599011104,22056,10000,7-14:10000,BarashenkovGlauberGribov,Binary Cascade:10000,QGSP_BIC_HP,$Name: geant4-11-04-patch-01 [MT]$,4795500,1,4795500,below_threshold
N14,7,14,6,10000,5874,0,0,62.4132191736,23068,15874,2-4:5874|6-11:5874|7-14:4126,BarashenkovGlauberGribov,Binary Cascade:10000,QGSP_BIC_HP,$Name: geant4-11-04-patch-01 [MT]$,4796000,1,4796000,below_threshold
N14,7,14,7,10000,6802,0,0,98.6669780673,23341,16802,2-4:6802|6-11:6802|7-14:2936|8-14:262,BarashenkovGlauberGribov,Binary Cascade:10000,QGSP_BIC_HP,$Name: geant4-11-04-patch-01 [MT]$,4797000,1,4797000,below_threshold
N14,7,14,8,10000,5566,0,0,142.361144081,24086,16715,2-3:1149|2-4:5566|6-11:5566|6-12:1149|7-14:3079|8-14:206,BarashenkovGlauberGribov,Binary Cascade:10000,QGSP_BIC_HP,$Name: geant4-11-04-patch-01 [MT]$,4798000,1,4798000,below_threshold
N14,7,14,9,10000,4191,0,0,191.10004108,26585,15148,2-3:957|2-4:4191|6-11:4191|6-12:957|7-14:4654|8-14:198,BarashenkovGlauberGribov,Binary Cascade:10000,QGSP_BIC_HP,$Name: geant4-11-04-patch-01 [MT]$,4799000,1,4799000,pilot_interactions
N14,7,14,10,10000,4107,0,0,242.003064821,26872,15044,2-3:937|2-4:4107|6-11:4107|6-12:937|7-14:4783|8-14:173,BarashenkovGlauberGribov,Binary Cascade:10000,QGSP_BIC_HP,$Name: geant4-11-04-patch-01 [MT]$,4800000,1,4800000,pilot_interactions
N14,7,14,11,10000,4842,569,0,292.273899023,29873,15979,1-2:569|2-3:568|2-4:4842|6-11:4842|6-12:568|6-13:531|7-13:569|7-14:3382|8-14:108,BarashenkovGlauberGribov,Binary Cascade:10000,QGSP_BIC_HP,$Name: geant4-11-04-patch-01 [MT]$,4801000,1,4801000,pilot_interactions
N14,7,14,12,10000,4676,0,0,339.627889995,28764,15190,2-3:514|2-4:4676|6-11:4676|6-12:514|6-13:1963|7-14:2722|8-14:125,BarashenkovGlauberGribov,Binary Cascade:10000,QGSP_BIC_HP,$Name: geant4-11-04-patch-01 [MT]$,4802000,1,4802000,pilot_interactions
N14,7,14,14,10000,2250,189,0,420,30180,12880,1-2:124|2-3:506|2-4:2250|6-11:2250|6-12:506|6-13:6416|7-13:189|7-14:614|8-14:25,BarashenkovGlauberGribov,Binary Cascade:10000,QGSP_BIC_HP,$Name: geant4-11-04-patch-01 [MT]$,4804000,1,4804000,pilot_interactions
N14,7,14,16,10000,2020,172,0,455,30197,12594,1-2:100|2-3:474|2-4:2020|6-11:2020|6-12:474|6-13:6807|7-13:172|7-14:507|8-14:20,BarashenkovGlauberGribov,Binary Cascade:10000,QGSP_BIC_HP,$Name: geant4-11-04-patch-01 [MT]$,4806000,1,4806000,pilot_interactions
N14,7,14,18,10000,1962,181,0,476.666666667,30254,12498,1-2:92|2-3:444|2-4:1962|6-11:1962|6-12:444|6-13:6884|7-13:181|7-14:510|8-14:19,BarashenkovGlauberGribov,Binary Cascade:10000,QGSP_BIC_HP,$Name: geant4-11-04-patch-01 [MT]$,4808000,1,4808000,pilot_interactions
N14,7,14,20,10000,1948,224,0,490,30279,12482,1-2:127|2-3:407|2-4:1948|6-11:1948|6-12:407|6-13:6920|7-13:224|7-14:480|8-14:21,BarashenkovGlauberGribov,Binary Cascade:10000,QGSP_BIC_HP,$Name: geant4-11-04-patch-01 [MT]$,4810000,1,4810000,pilot_interactions
N14,7,14,22,10000,1860,236,0,497,30295,12411,1-2:120|2-3:431|2-4:1860|6-11:1860|6-12:431|6-13:6970|7-13:236|7-14:484|8-14:19,BarashenkovGlauberGribov,Binary Cascade:10000,QGSP_BIC_HP,$Name: geant4-11-04-patch-01 [MT]$,4812000,1,4812000,pilot_interactions
N14,7,14,24,10000,1820,214,0,499,30334,12320,1-2:118|2-3:382|2-4:1820|6-11:1820|6-12:382|6-13:7110|7-13:214|7-14:460|8-14:14,BarashenkovGlauberGribov,Binary Cascade:10000,QGSP_BIC_HP,$Name: geant4-11-04-patch-01 [MT]$,4814000,1,4814000,pilot_interactions
N14,7,14,26,10000,1887,212,0,490,30276,12429,1-2:121|2-3:421|2-4:1887|6-11:1887|6-12:421|6-13:7077|7-13:212|7-14:387|8-14:16,BarashenkovGlauberGribov,Binary Cascade:10000,QGSP_BIC_HP,$Name: geant4-11-04-patch-01 [MT]$,4816000,1,4816000,pilot_interactions
N14,7,14,28,10000,1841,216,0,474,30292,12374,1-2:120|2-3:413|2-4:1841|6-11:1841|6-12:413|6-13:7089|7-13:216|7-14:423|8-14:18,BarashenkovGlauberGribov,Binary Cascade:10000,QGSP_BIC_HP,$Name: geant4-11-04-patch-01 [MT]$,4818000,1,4818000,pilot_interactions
N14,7,14,30,10000,1731,219,0,462,30304,12259,1-2:122|2-3:406|2-4:1731|6-11:1731|6-12:406|6-13:7182|7-13:219|7-14:449|8-14:13,BarashenkovGlauberGribov,Binary Cascade:10000,QGSP_BIC_HP,$Name: geant4-11-04-patch-01 [MT]$,4820000,1,4820000,pilot_interactions
N14,7,14,35,10000,1784,201,0,440,30301,12295,1-2:120|2-3:391|2-4:1784|6-11:1784|6-12:391|6-13:7178|7-13:201|7-14:427|8-14:19,BarashenkovGlauberGribov,Binary Cascade:10000,QGSP_BIC_HP,$Name: geant4-11-04-patch-01 [MT]$,4825000,1,4825000,pilot_interactions
N14,7,14,40,10000,1782,221,0,425,30291,12285,1-2:118|2-3:385|2-4:1782|6-11:1782|6-12:385|6-13:7173|7-13:221|7-14:424|8-14:15,BarashenkovGlauberGribov,Binary Cascade:10000,QGSP_BIC_HP,$Name: geant4-11-04-patch-01 [MT]$,4830000,1,4830000,pilot_interactions
N14,7,14,45,10000,432,1227,0,400,38333,13319,1-2:285|2-3:107|2-4:3463|3-6:105|4-9:45|5-10:928|5-11:1|5-12:1|6-10:241|6-11:432|6-12:2850|6-13:2654|7-12:9|7-13:1227|7-14:810|8-13:2|8-14:159,BarashenkovGlauberGribov,Binary Cascade:10000,QGSP_BIC_HP,$Name: geant4-11-04-patch-01 [MT]$,4835000,1,4835000,pilot_interactions
N14,7,14,50,10000,364,1256,0,377,39597,13801,1-2:270|2-3:77|2-4:4250|3-6:127|4-9:52|5-10:923|5-12:1|6-10:276|6-11:364|6-12:3013|6-13:2334|7-12:26|7-13:1256|7-14:695|8-13:2|8-14:135,BarashenkovGlauberGribov,Binary Cascade:10000,QGSP_BIC_HP,$Name: geant4-11-04-patch-01 [MT]$,4840000,1,4840000,pilot_interactions
N14,7,14,55,10000,277,1191,0,355,40835,14430,1-2:254|2-3:74|2-4:5167|3-6:148|4-7:1|4-9:69|5-10:1037|5-11:8|5-12:7|6-10:307|6-11:277|6-12:3109|6-13:1948|7-12:50|7-13:1191|7-14:621|8-13:2|8-14:160,BarashenkovGlauberGribov,Binary Cascade:10000,QGSP_BIC_HP,$Name: geant4-11-04-patch-01 [MT]$,4845000,1,4845000,pilot_interactions
N14,7,14,60,10000,248,1244,0,333,41793,14940,1-2:231|2-3:59|2-4:6022|3-6:144|3-7:4|3-8:3|4-7:1|4-9:58|5-10:1027|5-11:14|5-12:5|5-8:4|6-10:306|6-11:248|6-12:3058|6-13:1755|7-12:50|7-13:1244|7-14:595|8-13:2|8-14:110,BarashenkovGlauberGribov,Binary Cascade:10000,QGSP_BIC_HP,$Name: geant4-11-04-patch-01 [MT]$,4850000,1,4850000,pilot_interactions
N14,7,14,65,10000,228,1249,0,318,42796,15434,1-2:186|2-3:49|2-4:6844|3-6:151|3-7:2|4-7:8|4-9:58|5-10:1021|5-11:11|5-12:12|5-8:1|6-10:334|6-11:228|6-12:3038|6-13:1475|7-12:57|7-13:1249|7-14:572|8-13:3|8-14:135,BarashenkovGlauberGribov,Binary Cascade:10000,QGSP_BIC_HP,$Name: geant4-11-04-patch-01 [MT]$,4855000,1,4855000,pilot_interactions
N14,7,14,70,10000,175,1302,0,303,43483,15571,1-2:191|1-3:2|2-3:30|2-4:7148|3-6:128|3-7:6|3-8:3|4-7:7|4-9:70|5-10:963|5-11:12|5-12:10|5-8:3|6-10:319|6-11:175|6-12:3159|6-13:1358|7-12:71|7-13:1302|7-14:486|8-13:3|8-14:125,BarashenkovGlauberGribov,Binary Cascade:10000,QGSP_BIC_HP,$Name: geant4-11-04-patch-01 [MT]$,4860000,1,4860000,pilot_interactions
N14,7,14,75,10000,175,1206,0,293.5,44342,16144,1-2:189|1-3:1|2-3:42|2-4:7979|3-6:152|3-7:14|3-8:2|4-10:1|4-7:7|4-9:82|5-10:956|5-11:12|5-12:17|5-8:3|6-10:315|6-11:175|6-12:3047|6-13:1246|7-12:123|7-13:1206|7-14:443|8-13:4|8-14:128,BarashenkovGlauberGribov,Binary Cascade:10000,QGSP_BIC_HP,$Name: geant4-11-04-patch-01 [MT]$,4865000,1,4865000,pilot_interactions
N14,7,14,80,10000,143,1277,0,284,44831,16269,1-2:148|1-3:5|2-3:43|2-4:8280|3-6:155|3-7:16|3-8:2|4-10:1|4-11:1|4-7:17|4-9:52|5-10:926|5-11:20|5-12:12|5-8:1|6-10:296|6-11:143|6-12:3007|6-13:1193|7-12:109|7-13:1277|7-14:455|8-13:4|8-14:106,BarashenkovGlauberGribov,Binary Cascade:10000,QGSP_BIC_HP,$Name: geant4-11-04-patch-01 [MT]$,4870000,1,4870000,pilot_interactions
N14,7,14,85,10000,123,1189,0,279,45349,16689,1-2:147|1-3:4|2-3:53|2-4:8877|3-6:172|3-7:22|3-8:2|4-10:4|4-11:1|4-7:17|4-9:79|5-10:910|5-11:27|5-12:15|5-8:4|6-10:317|6-11:123|6-12:2883|6-13:1125|7-12:145|7-13:1189|7-14:444|8-13:3|8-14:126,BarashenkovGlauberGribov,Binary Cascade:10000,QGSP_BIC_HP,$Name: geant4-11-04-patch-01 [MT]$,4875000,1,4875000,pilot_interactions
N14,7,14,90,10000,132,1211,0,274,45702,16793,1-2:161|1-3:8|2-3:71|2-4:9033|3-6:150|3-7:16|3-8:3|4-7:25|4-9:84|5-10:880|5-11:35|5-12:20|5-8:8|6-10:306|6-11:132|6-12:2987|6-13:982|7-12:155|7-13:1211|7-14:409|8-13:5|8-14:112,BarashenkovGlauberGribov,Binary Cascade:10000,QGSP_BIC_HP,$Name: geant4-11-04-patch-01 [MT]$,4880000,1,4880000,pilot_interactions
N14,7,14,95,10000,138,1189,0,272,46079,16950,1-2:158|1-3:12|2-3:67|2-4:9272|3-6:155|3-7:20|3-8:6|4-10:2|4-7:32|4-9:79|5-10:885|5-11:29|5-12:22|5-8:4|6-10:311|6-11:138|6-12:2922|6-13:962|7-12:157|7-13:1189|7-14:416|8-13:3|8-14:109,BarashenkovGlauberGribov,Binary Cascade:10000,QGSP_BIC_HP,$Name: geant4-11-04-patch-01 [MT]$,4885000,1,4885000,pilot_interactions
N14,7,14,100,10000,116,1253,0,270,46553,17087,1-2:140|1-3:6|2-3:72|2-4:9537|3-6:165|3-7:35|3-8:7|4-7:39|4-9:70|5-10:863|5-11:40|5-12:29|5-8:10|6-10:281|6-11:116|6-12:2839|6-13:922|7-12:169|7-13:1253|7-14:377|8-13:1|8-14:116,BarashenkovGlauberGribov,Binary Cascade:10000,QGSP_BIC_HP,$Name: geant4-11-04-patch-01 [MT]$,4890000,1,4890000,pilot_interactions
N14,7,14,105,10000,125,1281,0,269.5,46769,17130,1-2:146|1-3:11|2-3:79|2-4:9624|3-6:150|3-7:32|3-8:8|4-10:6|4-7:40|4-9:71|5-10:826|5-11:45|5-12:25|5-8:6|6-10:276|6-11:125|6-12:2791|6-13:918|7-12:195|7-13:1281|7-14:359|8-13:7|8-14:109,BarashenkovGlauberGribov,Binary Cascade:10000,QGSP_BIC_HP,$Name: geant4-11-04-patch-01 [MT]$,4895000,1,4895000,pilot_interactions
N14,7,14,110,10000,134,1208,0,269,47255,17383,1-2:147|1-3:18|2-3:84|2-4:10010|3-6:144|3-7:46|3-8:5|4-10:7|4-7:46|4-9:84|5-10:794|5-11:43|5-12:22|5-8:6|6-10:274|6-11:134|6-12:2751|6-13:916|7-12:192|7-13:1208|7-14:345|8-13:2|8-14:105,BarashenkovGlauberGribov,Binary Cascade:10000,QGSP_BIC_HP,$Name: geant4-11-04-patch-01 [MT]$,4900000,1,4900000,pilot_interactions
N14,7,14,115,10000,153,1207,0,268.5,47536,17440,1-2:130|1-3:12|2-3:88|2-4:10156|2-6:1|3-6:147|3-7:39|3-8:7|4-10:4|4-11:1|4-7:48|4-9:92|5-10:754|5-11:46|5-12:31|5-8:2|6-10:244|6-11:153|6-12:2754|6-13:870|7-12:180|7-13:1207|7-14:355|8-13:4|8-14:115,BarashenkovGlauberGribov,Binary Cascade:10000,QGSP_BIC_HP,$Name: geant4-11-04-patch-01 [MT]$,4905000,1,4905000,pilot_interactions
N14,7,14,120,10000,138,1217,0,268,47720,17491,1-2:129|1-3:20|2-3:108|2-4:10212|3-6:152|3-7:46|3-8:3|4-10:2|4-7:51|4-9:82|5-10:763|5-11:43|5-12:30|5-8:8|6-10:243|6-11:138|6-12:2713|6-13:899|7-12:210|7-13:1217|7-14:317|8-13:3|8-14:102,BarashenkovGlauberGribov,Binary Cascade:10000,QGSP_BIC_HP,$Name: geant4-11-04-patch-01 [MT]$,4910000,1,4910000,pilot_interactions
N14,7,14,125,10000,145,1252,0,264.5,47914,17480,1-2:143|1-3:20|2-3:107|2-4:10245|3-6:124|3-7:46|3-8:6|4-10:4|4-7:61|4-9:80|5-10:730|5-11:45|5-12:36|5-8:7|6-10:203|6-11:145|6-12:2685|6-13:871|7-12:218|7-13:1252|7-14:348|8-13:3|8-14:101,BarashenkovGlauberGribov,Binary Cascade:10000,QGSP_BIC_HP,$Name: geant4-11-04-patch-01 [MT]$,4915000,1,4915000,pilot_interactions
N14,7,14,130,10000,156,1233,0,261,48313,17697,1-2:144|1-3:27|2-3:125|2-4:10551|3-6:126|3-7:48|3-8:9|4-10:8|4-7:67|4-9:70|5-10:703|5-11:47|5-12:24|5-8:10|6-10:237|6-11:156|6-12:2590|6-13:920|7-12:227|7-13:1233|7-14:269|8-13:4|8-14:102,BarashenkovGlauberGribov,Binary Cascade:10000,QGSP_BIC_HP,$Name: geant4-11-04-patch-01 [MT]$,4920000,1,4920000,pilot_interactions
N14,7,14,135,10000,162,1259,0,257.5,48339,17585,1-2:134|1-3:18|2-3:133|2-4:10403|2-6:1|3-6:139|3-7:43|3-8:12|4-10:5|4-7:73|4-9:89|5-10:677|5-11:46|5-12:25|5-8:7|6-10:228|6-11:162|6-12:2671|6-13:837|7-12:201|7-13:1259|7-14:301|8-13:2|8-14:119,BarashenkovGlauberGribov,Binary Cascade:10000,QGSP_BIC_HP,$Name: geant4-11-04-patch-01 [MT]$,4925000,1,4925000,pilot_interactions
N14,7,14,140,10000,162,1242,0,254,48658,17796,1-2:154|1-3:23|2-3:143|2-4:10696|2-6:1|3-6:123|3-7:54|3-8:8|4-10:4|4-7:87|4-9:85|5-10:674|5-11:68|5-12:35|5-8:7|6-10:230|6-11:162|6-12:2526|6-13:832|7-12:221|7-13:1242|7-14:315|8-13:13|8-14:93,BarashenkovGlauberGribov,Binary Cascade:10000,QGSP_BIC_HP,$Name: geant4-11-04-patch-01 [MT]$,4930000,1,4930000,pilot_interactions
N14,7,14,145,10000,137,1246,0,253,48798,17909,1-2:149|1-3:20|2-3:157|2-4:10886|2-6:2|3-6:128|3-7:70|3-8:11|4-10:5|4-11:1|4-7:71|4-9:102|5-10:623|5-11:60|5-12:41|5-8:11|6-10:188|6-11:137|6-12:2481|6-13:909|7-12:204|7-13:1246|7-14:324|8-13:3|8-14:80,BarashenkovGlauberGribov,Binary Cascade:10000,QGSP_BIC_HP,$Name: geant4-11-04-patch-01 [MT]$,4935000,1,4935000,pilot_interactions
N14,7,14,150,10000,186,1209,0,252,48929,17753,1-2:146|1-3:25|2-3:157|2-4:10673|2-6:5|3-6:118|3-7:75|3-8:9|4-10:12|4-7:84|4-9:80|5-10:629|5-11:65|5-12:24|5-8:11|6-10:175|6-11:186|6-12:2497|6-13:949|6-9:1|7-12:220|7-13:1209|7-14:306|8-13:5|8-14:92,BarashenkovGlauberGribov,Binary Cascade:10000,QGSP_BIC_HP,$Name: geant4-11-04-patch-01 [MT]$,4940000,1,4940000,pilot_interactions
O16,8,16,5,10000,0,0,0,44.2621977084,30000,10000,8-16:10000,BarashenkovGlauberGribov,Binary Cascade:10000,QGSP_BIC_HP,$Name: geant4-11-04-patch-01 [MT]$,4825000,1,4825000,below_threshold
O16,8,16,5.5,10000,0,0,0,60.0494495023,30002,10000,8-16:10000,BarashenkovGlauberGribov,Binary Cascade:10000,QGSP_BIC_HP,$Name: geant4-11-04-patch-01 [MT]$,4825500,1,4825500,pilot_interactions
O16,8,16,6,10000,0,0,0,78.523013502,30000,10000,8-16:10000,BarashenkovGlauberGribov,Binary Cascade:10000,QGSP_BIC_HP,$Name: geant4-11-04-patch-01 [MT]$,4826000,1,4826000,pilot_interactions
O16,8,16,7,10000,0,0,0,122.727135684,30000,10000,8-16:10000,BarashenkovGlauberGribov,Binary Cascade:10000,QGSP_BIC_HP,$Name: geant4-11-04-patch-01 [MT]$,4827000,1,4827000,pilot_interactions
O16,8,16,8,10000,0,0,0,174.287367787,30017,10000,8-16:9999|9-17:1,BarashenkovGlauberGribov,Binary Cascade:10000,QGSP_BIC_HP,$Name: geant4-11-04-patch-01 [MT]$,4828000,1,4828000,pilot_interactions
O16,8,16,9,10000,0,360,0,229.601874735,30365,10360,2-4:360|7-13:360|8-16:9640,BarashenkovGlauberGribov,Binary Cascade:10000,QGSP_BIC_HP,$Name: geant4-11-04-patch-01 [MT]$,4829000,1,4829000,pilot_interactions
O16,8,16,10,10000,0,770,0,284.959739049,31013,10770,2-4:770|7-13:770|8-16:9230,BarashenkovGlauberGribov,Binary Cascade:10000,QGSP_BIC_HP,$Name: geant4-11-04-patch-01 [MT]$,4830000,1,4830000,pilot_interactions
O16,8,16,11,10000,0,873,0,337.282730726,31784,10873,2-4:873|7-13:873|8-16:9127,BarashenkovGlauberGribov,Binary Cascade:10000,QGSP_BIC_HP,$Name: geant4-11-04-patch-01 [MT]$,4831000,1,4831000,pilot_interactions
O16,8,16,12,10000,0,736,0,384.487523218,32530,11135,2-4:1135|6-12:399|7-13:736|8-16:8865,BarashenkovGlauberGribov,Binary Cascade:10000,QGSP_BIC_HP,$Name: geant4-11-04-patch-01 [MT]$,4832000,1,4832000,pilot_interactions
O16,8,16,14,10000,0,345,0,460,31533,15330,2-4:5330|6-12:4985|7-13:345|8-16:4670,BarashenkovGlauberGribov,Binary Cascade:10000,QGSP_BIC_HP,$Name: geant4-11-04-patch-01 [MT]$,4834000,1,4834000,pilot_interactions
O16,8,16,16,10000,0,181,5,497.5,30815,17815,1-2:5|2-4:7810|6-12:7629|7-13:181|8-15:5|8-16:2185,BarashenkovGlauberGribov,Binary Cascade:10000,QGSP_BIC_HP,$Name: geant4-11-04-patch-01 [MT]$,4836000,1,4836000,pilot_interactions
O16,8,16,18,10000,0,67,16,518.333333333,32168,18814,1-2:16|2-4:8798|6-12:8731|7-13:67|7-15:106|8-15:16|8-16:1080,BarashenkovGlauberGribov,Binary Cascade:10000,QGSP_BIC_HP,$Name: geant4-11-04-patch-01 [MT]$,4838000,1,4838000,pilot_interactions
O16,8,16,20,10000,0,47,82,535,33942,19203,1-2:42|2-3:12|2-4:9149|6-12:9102|7-13:47|7-14:12|7-15:185|8-15:82|8-16:572,BarashenkovGlauberGribov,Binary Cascade:10000,QGSP_BIC_HP,$Name: geant4-11-04-patch-01 [MT]$,4840000,1,4840000,pilot_interactions
O16,8,16,22,10000,0,19,186,537,35610,19934,1-2:89|2-3:82|2-4:10040|6-12:8913|7-13:19|7-14:82|7-15:273|8-15:186|8-16:249|9-17:1,BarashenkovGlauberGribov,Binary Cascade:10000,QGSP_BIC_HP,$Name: geant4-11-04-patch-01 [MT]$,4842000,1,4842000,pilot_interactions
O16,8,16,24,10000,0,14,316,533.666666667,38602,22620,1-2:181|2-3:183|2-4:13891|6-12:7337|7-13:14|7-14:183|7-15:371|8-15:316|8-16:144,BarashenkovGlauberGribov,Binary Cascade:10000,QGSP_BIC_HP,$Name: geant4-11-04-patch-01 [MT]$,4844000,1,4844000,pilot_interactions
O16,8,16,26,10000,0,8,410,526,40887,25244,1-2:294|2-3:276|2-4:17654|6-12:5726|7-13:8|7-14:335|7-15:457|8-15:410|8-16:84,BarashenkovGlauberGribov,Binary Cascade:10000,QGSP_BIC_HP,$Name: geant4-11-04-patch-01 [MT]$,4846000,1,4846000,pilot_interactions
O16,8,16,28,10000,0,0,2017,513.333333333,38311,23135,1-2:2055|1-3:1|2-3:207|2-4:13203|6-12:3879|7-14:498|7-15:375|8-14:1|8-15:2017|8-16:899,BarashenkovGlauberGribov,Binary Cascade:10000,QGSP_BIC_HP,$Name: geant4-11-04-patch-01 [MT]$,4848000,1,4848000,pilot_interactions
O16,8,16,30,10000,21,0,2133,500,38875,23861,1-2:2308|2-3:269|2-4:13925|6-11:21|6-12:3340|6-13:73|7-14:653|7-15:395|8-15:2133|8-16:744,BarashenkovGlauberGribov,Binary Cascade:10000,QGSP_BIC_HP,$Name: geant4-11-04-patch-01 [MT]$,4850000,1,4850000,pilot_interactions
O16,8,16,35,10000,284,31,2153,460,39488,24851,1-2:2863|1-3:8|2-3:378|2-4:14549|5-10:20|6-11:284|6-12:2546|6-13:166|7-12:1|7-13:31|7-14:939|7-15:379|8-14:7|8-15:2153|8-16:527,BarashenkovGlauberGribov,Binary Cascade:10000,QGSP_BIC_HP,$Name: geant4-11-04-patch-01 [MT]$,4855000,1,4855000,pilot_interactions
O16,8,16,40,10000,486,28,2088,432,39947,25053,1-2:3269|1-3:12|2-3:463|2-4:14180|3-6:5|5-10:138|6-11:486|6-12:2238|6-13:284|7-12:2|7-13:28|7-14:1055|7-15:413|8-14:14|8-15:2088|8-16:378,BarashenkovGlauberGribov,Binary Cascade:10000,QGSP_BIC_HP,$Name: geant4-11-04-patch-01 [MT]$,4860000,1,4860000,pilot_interactions
O16,8,16,45,10000,439,14,2144,405,40829,19418,1-2:615|1-3:13|2-3:385|2-4:10252|3-6:24|5-10:152|5-11:27|6-10:2|6-11:439|6-12:2350|6-13:333|6-14:21|7-12:5|7-13:14|7-14:870|7-15:756|8-14:17|8-15:2144|8-16:999,BarashenkovGlauberGribov,Binary Cascade:10000,QGSP_BIC_HP,$Name: geant4-11-04-patch-01 [MT]$,4865000,1,4865000,pilot_interactions
O16,8,16,50,10000,595,29,2032,390,41524,18986,1-2:547|1-3:24|2-3:365|2-4:9646|2-6:1|3-6:154|3-7:22|4-7:30|5-10:176|5-11:79|5-8:2|6-10:12|6-11:595|6-12:2044|6-13:466|6-14:25|7-12:1|7-13:29|7-14:1061|7-15:822|8-14:31|8-15:2032|8-16:822,BarashenkovGlauberGribov,Binary Cascade:10000,QGSP_BIC_HP,$Name: geant4-11-04-patch-01 [MT]$,4870000,1,4870000,pilot_interactions
O16,8,16,55,10000,572,52,2024,370,42125,18478,1-2:466|1-3:33|2-3:401|2-4:9090|2-6:1|3-6:121|3-7:13|4-6:1|4-7:16|5-10:183|5-11:121|5-8:4|6-10:12|6-11:572|6-12:2021|6-13:635|6-14:43|7-13:52|7-14:1097|7-15:797|8-14:36|8-15:2024|8-16:739,BarashenkovGlauberGribov,Binary Cascade:10000,QGSP_BIC_HP,$Name: geant4-11-04-patch-01 [MT]$,4875000,1,4875000,pilot_interactions
O16,8,16,60,10000,653,55,1951,350,42654,18119,1-2:472|1-3:30|2-3:396|2-4:8624|3-6:109|3-7:6|4-7:47|5-10:159|5-11:185|5-8:9|6-10:15|6-11:653|6-12:1906|6-13:837|6-14:62|7-12:1|7-13:55|7-14:1098|7-15:794|8-14:48|8-15:1951|8-16:662,BarashenkovGlauberGribov,Binary Cascade:10000,QGSP_BIC_HP,$Name: geant4-11-04-patch-01 [MT]$,4880000,1,4880000,pilot_interactions
O16,8,16,65,10000,661,75,1930,335,43173,17543,1-2:439|1-3:42|2-3:346|2-4:8038|3-6:55|3-7:11|3-8:1|4-10:1|4-7:31|4-9:1|5-10:136|5-11:203|5-8:6|6-10:24|6-11:661|6-12:1861|6-13:956|6-14:71|7-12:2|7-13:75|7-14:1138|7-15:824|8-14:72|8-15:1930|8-16:619,BarashenkovGlauberGribov,Binary Cascade:10000,QGSP_BIC_HP,$Name: geant4-11-04-patch-01 [MT]$,4885000,1,4885000,pilot_interactions
O16,8,16,70,10000,651,119,1964,320,43608,17278,1-2:336|1-3:42|2-3:365|2-4:7865|2-6:2|3-6:39|3-7:3|3-8:1|4-10:3|4-7:27|4-9:1|5-10:131|5-11:209|5-8:5|6-10:43|6-11:651|6-12:1807|6-13:1001|6-14:59|7-12:4|7-13:119|7-14:1149|7-15:785|8-14:62|8-15:1964|8-16:605,BarashenkovGlauberGribov,Binary Cascade:10000,QGSP_BIC_HP,$Name: geant4-11-04-patch-01 [MT]$,4890000,1,4890000,pilot_interactions
O16,8,16,75,10000,683,128,1893,315,44081,17120,1-2:358|1-3:32|2-3:387|2-4:7621|2-6:2|3-6:38|3-7:4|3-8:1|4-10:6|4-6:1|4-7:34|5-10:139|5-11:274|5-12:1|5-8:3|6-10:49|6-11:683|6-12:1700|6-13:1114|6-14:82|7-12:1|7-13:128|7-14:1142|7-15:775|8-14:87|8-15:1893|8-16:565,BarashenkovGlauberGribov,Binary Cascade:10000,QGSP_BIC_HP,$Name: geant4-11-04-patch-01 [MT]$,4895000,1,4895000,pilot_interactions
O16,8,16,80,10000,687,131,1952,310,44523,16719,1-2:324|1-3:50|2-3:339|2-4:7188|3-6:38|3-7:1|4-10:6|4-7:24|5-10:153|5-11:280|5-8:2|6-10:57|6-11:687|6-12:1715|6-13:1204|6-14:87|7-12:6|7-13:131|7-14:1154|7-15:747|8-14:77|8-15:1952|8-16:497,BarashenkovGlauberGribov,Binary Cascade:10000,QGSP_BIC_HP,$Name: geant4-11-04-patch-01 [MT]$,4900000,1,4900000,pilot_interactions
O16,8,16,85,10000,671,143,1890,307,44689,16439,1-2:315|1-3:49|2-3:317|2-4:6860|3-6:41|3-7:1|3-8:1|4-10:6|4-7:20|5-10:173|5-11:297|5-8:7|6-10:95|6-11:671|6-12:1652|6-13:1176|6-14:81|7-12:6|7-13:143|7-14:1199|7-15:838|8-13:1|8-14:77|8-15:1890|8-16:523,BarashenkovGlauberGribov,Binary Cascade:10000,QGSP_BIC_HP,$Name: geant4-11-04-patch-01 [MT]$,4905000,1,4905000,pilot_interactions
O16,8,16,90,10000,639,146,1914,304,45067,16330,1-2:267|1-3:43|2-3:293|2-4:6824|3-6:45|3-7:2|4-10:12|4-6:1|4-7:30|4-9:1|5-10:184|5-11:338|5-8:7|6-10:101|6-11:639|6-12:1650|6-13:1194|6-14:83|7-12:4|7-13:146|7-14:1143|7-15:833|8-14:90|8-15:1914|8-16:486,BarashenkovGlauberGribov,Binary Cascade:10000,QGSP_BIC_HP,$Name: geant4-11-04-patch-01 [MT]$,4910000,1,4910000,pilot_interactions
O16,8,16,95,10000,666,122,1878,298.5,45547,16323,1-2:256|1-3:36|2-3:317|2-4:6804|3-6:49|3-7:5|4-10:10|4-7:28|4-9:3|5-10:220|5-11:339|5-8:2|6-10:115|6-11:666|6-12:1678|6-13:1249|6-14:80|7-12:10|7-13:122|7-14:1097|7-15:815|8-14:94|8-15:1878|8-16:450,BarashenkovGlauberGribov,Binary Cascade:10000,QGSP_BIC_HP,$Name: geant4-11-04-patch-01 [MT]$,4915000,1,4915000,pilot_interactions
O16,8,16,100,10000,581,147,1993,293,45714,15945,1-2:233|1-3:55|2-3:289|2-4:6411|3-6:54|3-8:3|4-10:11|4-6:3|4-7:27|4-9:2|5-10:249|5-11:317|5-12:2|5-8:4|6-10:114|6-11:581|6-12:1594|6-13:1249|6-14:100|7-12:8|7-13:147|7-14:1098|7-15:834|8-13:2|8-14:96|8-15:1993|8-16:469,BarashenkovGlauberGribov,Binary Cascade:10000,QGSP_BIC_HP,$Name: geant4-11-04-patch-01 [MT]$,4920000,1,4920000,pilot_interactions
O16,8,16,105,10000,616,143,1868,291.5,45956,15821,1-2:215|1-3:43|2-3:278|2-4:6279|3-6:45|4-10:20|4-7:24|4-9:4|5-10:241|5-11:372|5-12:1|5-8:2|6-10:102|6-11:616|6-12:1638|6-13:1268|6-14:87|7-12:12|7-13:143|7-14:1147|7-15:913|8-14:92|8-15:1868|8-16:411,BarashenkovGlauberGribov,Binary Cascade:10000,QGSP_BIC_HP,$Name: geant4-11-04-patch-01 [MT]$,4925000,1,4925000,pilot_interactions
O16,8,16,110,10000,616,140,1937,290,46138,15679,1-2:212|1-3:48|2-3:251|2-4:6129|3-6:35|3-7:4|4-10:23|4-7:33|4-9:5|5-10:268|5-11:345|5-12:1|5-8:6|6-10:110|6-11:616|6-12:1640|6-13:1223|6-14:98|7-12:20|7-13:140|7-14:1123|7-15:903|8-14:105|8-15:1937|8-16:404,BarashenkovGlauberGribov,Binary Cascade:10000,QGSP_BIC_HP,$Name: geant4-11-04-patch-01 [MT]$,4930000,1,4930000,pilot_interactions
O16,8,16,115,10000,567,166,1864,288.5,46397,15531,1-2:191|1-3:48|2-3:262|2-4:5938|3-6:52|3-7:3|4-10:22|4-7:34|5-10:281|5-11:399|5-8:3|6-10:137|6-11:567|6-12:1686|6-13:1211|6-14:112|7-12:14|7-13:166|7-14:1147|7-15:863|8-14:115|8-15:1864|8-16:416,BarashenkovGlauberGribov,Binary Cascade:10000,QGSP_BIC_HP,$Name: geant4-11-04-patch-01 [MT]$,4935000,1,4935000,pilot_interactions
O16,8,16,120,10000,572,169,1859,287,46665,15485,1-2:180|1-3:34|2-3:263|2-4:5945|3-6:67|3-7:1|4-10:21|4-6:1|4-7:29|4-9:6|5-10:267|5-11:389|5-8:4|6-10:142|6-11:572|6-12:1554|6-13:1251|6-14:116|6-9:1|7-12:22|7-13:169|7-14:1197|7-15:872|8-13:2|8-14:97|8-15:1859|8-16:424,BarashenkovGlauberGribov,Binary Cascade:10000,QGSP_BIC_HP,$Name: geant4-11-04-patch-01 [MT]$,4940000,1,4940000,pilot_interactions
O16,8,16,125,10000,563,170,1848,286,47024,15373,1-2:165|1-3:28|2-3:245|2-4:5860|3-6:63|3-7:2|4-10:33|4-7:19|4-9:12|5-10:302|5-11:400|5-12:2|5-8:4|6-10:124|6-11:563|6-12:1565|6-13:1253|6-14:101|6-9:1|7-12:27|7-13:170|7-14:1168|7-15:951|8-13:1|8-14:109|8-15:1848|8-16:357,BarashenkovGlauberGribov,Binary Cascade:10000,QGSP_BIC_HP,$Name: geant4-11-04-patch-01 [MT]$,4945000,1,4945000,pilot_interactions
O16,8,16,130,10000,566,184,1867,285,46968,15165,1-2:176|1-3:49|2-3:208|2-4:5586|2-6:1|3-6:60|3-7:1|4-10:20|4-7:19|4-9:2|5-10:292|5-11:418|5-12:1|5-13:1|5-8:3|6-10:158|6-11:566|6-12:1591|6-13:1246|6-14:119|6-9:1|7-12:18|7-13:184|7-14:1113|7-15:968|8-13:4|8-14:111|8-15:1867|8-16:382,BarashenkovGlauberGribov,Binary Cascade:10000,QGSP_BIC_HP,$Name: geant4-11-04-patch-01 [MT]$,4950000,1,4950000,pilot_interactions
O16,8,16,135,10000,566,162,1919,284,47132,15130,1-2:187|1-3:49|2-3:235|2-4:5508|3-6:53|3-7:1|4-10:28|4-7:26|4-9:7|5-10:354|5-11:406|5-12:2|5-8:2|6-10:140|6-11:566|6-12:1563|6-13:1287|6-14:136|7-12:21|7-13:162|7-14:1075|7-15:915|8-13:1|8-14:102|8-15:1919|8-16:385,BarashenkovGlauberGribov,Binary Cascade:10000,QGSP_BIC_HP,$Name: geant4-11-04-patch-01 [MT]$,4955000,1,4955000,pilot_interactions
O16,8,16,140,10000,506,149,1847,283,47383,14956,1-2:162|1-3:44|2-3:229|2-4:5361|3-6:64|3-7:3|4-10:28|4-7:12|4-9:5|5-10:326|5-11:374|5-12:3|5-8:3|6-10:169|6-11:506|6-12:1589|6-13:1259|6-14:138|7-12:29|7-13:149|7-14:1188|7-15:996|8-13:2|8-14:109|8-15:1847|8-16:361,BarashenkovGlauberGribov,Binary Cascade:10000,QGSP_BIC_HP,$Name: geant4-11-04-patch-01 [MT]$,4960000,1,4960000,pilot_interactions
O16,8,16,145,10000,558,181,1793,281,47678,15150,1-2:161|1-3:38|2-3:211|2-4:5624|3-6:59|3-7:2|4-10:33|4-7:17|4-9:8|5-10:389|5-11:362|5-12:1|5-8:2|6-10:177|6-11:558|6-12:1551|6-13:1215|6-14:131|6-9:1|7-12:36|7-13:181|7-14:1112|7-15:996|8-14:113|8-15:1793|8-16:379,BarashenkovGlauberGribov,Binary Cascade:10000,QGSP_BIC_HP,$Name: geant4-11-04-patch-01 [MT]$,4965000,1,4965000,pilot_interactions
O16,8,16,150,10000,497,164,1840,279,47727,15014,1-2:157|1-3:51|2-3:199|2-4:5464|3-6:64|3-7:1|3-8:1|4-10:38|4-7:14|4-9:8|5-10:384|5-11:410|5-12:3|5-8:2|6-10:157|6-11:497|6-12:1610|6-13:1138|6-14:138|6-9:2|7-12:46|7-13:164|7-14:1126|7-15:996|8-13:1|8-14:114|8-15:1840|8-16:389,BarashenkovGlauberGribov,Binary Cascade:10000,QGSP_BIC_HP,$Name: geant4-11-04-patch-01 [MT]$,4970000,1,4970000,pilot_interactions
