target,target_z,target_a,energy_MeV,areal_mg_cm2,density_g_cm3,thickness_mm,nuclear_areal_density_cm2,n_protons,n_inelastic,n_c11,n_n13,n_o15,mean_continuous_loss_MeV,mean_inelastic_energy_MeV,mean_c11_energy_MeV,mean_n13_energy_MeV,mean_o15_energy_MeV,physics_list,geant4_version,seed,threads,selected
C12,6,12,5,80,2,0.4,4.01476050667e+21,20000,0,0,0,0,4.99979151097,0,0,0,0,QGSP_BIC_HP,$Name: geant4-11-04-patch-01 [MT]$,1166500,8,0
C12,6,12,5,60,2,0.3,3.01107038e+21,20000,0,0,0,0,4.99935805276,0,0,0,0,QGSP_BIC_HP,$Name: geant4-11-04-patch-01 [MT]$,1166501,8,0
C12,6,12,5,40,2,0.2,2.00738025333e+21,20000,1,0,0,0,4.95617559754,3.34192283719,0,0,0,QGSP_BIC_HP,$Name: geant4-11-04-patch-01 [MT]$,1166502,8,0
C12,6,12,5,20,2,0.1,1.00369012667e+21,20000,0,0,0,0,1.66441781878,0,0,0,0,QGSP_BIC_HP,$Name: geant4-11-04-patch-01 [MT]$,1166503,8,0
C12,6,12,5,10,2,0.05,5.01845063333e+20,20000,0,0,0,0,0.766666581586,0,0,0,0,QGSP_BIC_HP,$Name: geant4-11-04-patch-01 [MT]$,1166504,8,0
C12,6,12,5,5,2,0.025,2.50922531667e+20,20000,2,0,0,0,0.370558464798,5,0,0,0,QGSP_BIC_HP,$Name: geant4-11-04-patch-01 [MT]$,1166505,8,1
C12,6,12,5.5,80,2,0.4,4.01476050667e+21,20000,0,0,0,0,5.49944488256,0,0,0,0,QGSP_BIC_HP,$Name: geant4-11-04-patch-01 [MT]$,1166550,8,0
C12,6,12,5.5,60,2,0.3,3.01107038e+21,20000,2,0,0,0,5.49907684485,5.5,0,0,0,QGSP_BIC_HP,$Name: geant4-11-04-patch-01 [MT]$,1166551,8,0
C12,6,12,5.5,40,2,0.2,2.00738025333e+21,20000,0,0,0,0,3.72541385253,0,0,0,0,QGSP_BIC_HP,$Name: geant4-11-04-patch-01 [MT]$,1166552,8,0
C12,6,12,5.5,20,2,0.1,1.00369012667e+21,20000,0,0,0,0,1.50090322331,0,0,0,0,QGSP_BIC_HP,$Name: geant4-11-04-patch-01 [MT]$,1166553,8,0
C12,6,12,5.5,10,2,0.05,5.01845063333e+20,20000,0,0,0,0,0.703364654987,0,0,0,0,QGSP_BIC_HP,$Name: geant4-11-04-patch-01 [MT]$,1166554,8,0
C12,6,12,5.5,5,2,0.025,2.50922531667e+20,20000,0,0,0,0,0.341595939496,0,0,0,0,QGSP_BIC_HP,$Name: geant4-11-04-patch-01 [MT]$,1166555,8,1
C12,6,12,6,80,2,0.4,4.01476050667e+21,20000,0,0,0,0,5.99904318586,0,0,0,0,QGSP_BIC_HP,$Name: geant4-11-04-patch-01 [MT]$,1166600,8,0
C12,6,12,6,60,2,0.3,3.01107038e+21,20000,0,0,0,0,5.99964334114,0,0,0,0,QGSP_BIC_HP,$Name: geant4-11-04-patch-01 [MT]$,1166601,8,0
C12,6,12,6,40,2,0.2,2.00738025333e+21,20000,0,0,0,0,3.19580144908,0,0,0,0,QGSP_BIC_HP,$Name: geant4-11-04-patch-01 [MT]$,1166602,8,0
C12,6,12,6,20,2,0.1,1.00369012667e+21,20000,1,0,0,0,1.37217560501,6,0,0,0,QGSP_BIC_HP,$Name: geant4-11-04-patch-01 [MT]$,1166603,8,0
C12,6,12,6,10,2,0.05,5.01845063333e+20,20000,1,0,0,0,0.650300037462,6,0,0,0,QGSP_BIC_HP,$Name: geant4-11-04-patch-01 [MT]$,1166604,8,0
C12,6,12,6,5,2,0.025,2.50922531667e+20,20000,1,0,0,0,0.317849945349,6,0,0,0,QGSP_BIC_HP,$Name: geant4-11-04-patch-01 [MT]$,1166605,8,1
C12,6,12,7,80,2,0.4,4.01476050667e+21,20000,1,0,0,0,6.99907070803,7,0,0,0,QGSP_BIC_HP,$Name: geant4-11-04-patch-01 [MT]$,1166700,8,0
C12,6,12,7,60,2,0.3,3.01107038e+21,20000,4,0,0,0,4.54028466886,5.93617621669,0,0,0,QGSP_BIC_HP,$Name: geant4-11-04-patch-01 [MT]$,1166701,8,0
C12,6,12,7,40,2,0.2,2.00738025333e+21,20000,6,0,0,0,2.59614483785,6.75383916049,0,0,0,QGSP_BIC_HP,$Name: geant4-11-04-patch-01 [MT]$,1166702,8,0
C12,6,12,7,20,2,0.1,1.00369012667e+21,20000,0,0,0,0,1.18117002109,0,0,0,0,QGSP_BIC_HP,$Name: geant4-11-04-patch-01 [MT]$,1166703,8,0
C12,6,12,7,10,2,0.05,5.01845063333e+20,20000,1,0,0,0,0.568342061328,7,0,0,0,QGSP_BIC_HP,$Name: geant4-11-04-patch-01 [MT]$,1166704,8,0
C12,6,12,7,5,2,0.025,2.50922531667e+20,20000,0,0,0,0,0.279450081271,0,0,0,0,QGSP_BIC_HP,$Name: geant4-11-04-patch-01 [MT]$,1166705,8,1
C12,6,12,8,80,2,0.4,4.01476050667e+21,20000,4,0,0,0,5.6377884303,6.97967965172,0,0,0,QGSP_BIC_HP,$Name: geant4-11-04-patch-01 [MT]$,1166800,8,0
C12,6,12,8,60,2,0.3,3.01107038e+21,20000,4,0,0,0,3.65825717575,6.94717807918,0,0,0,QGSP_BIC_HP,$Name: geant4-11-04-patch-01 [MT]$,1166801,8,0
C12,6,12,8,40,2,0.2,2.00738025333e+21,20000,4,0,0,0,2.23262190873,8,0,0,0,QGSP_BIC_HP,$Name: geant4-11-04-patch-01 [MT]$,1166802,8,0
C12,6,12,8,20,2,0.1,1.00369012667e+21,20000,3,0,0,0,1.04227476802,8,0,0,0,QGSP_BIC_HP,$Name: geant4-11-04-patch-01 [MT]$,1166803,8,0
C12,6,12,8,10,2,0.05,5.01845063333e+20,20000,0,0,0,0,0.506741960689,0,0,0,0,QGSP_BIC_HP,$Name: geant4-11-04-patch-01 [MT]$,1166804,8,0
C12,6,12,8,5,2,0.025,2.50922531667e+20,20000,0,0,0,0,0.249968424004,0,0,0,0,QGSP_BIC_HP,$Name: geant4-11-04-patch-01 [MT]$,1166805,8,1
C12,6,12,9,80,2,0.4,4.01476050667e+21,20000,16,0,0,0,4.55617360406,8.05151181386,0,0,0,QGSP_BIC_HP,$Name: geant4-11-04-patch-01 [MT]$,1166900,8,0
C12,6,12,9,60,2,0.3,3.01107038e+21,20000,4,0,0,0,3.1504630886,8.62239768351,0,0,0,QGSP_BIC_HP,$Name: geant4-11-04-patch-01 [MT]$,1166901,8,0
C12,6,12,9,40,2,0.2,2.00738025333e+21,20000,5,0,0,0,1.9736321703,8.45071386135,0,0,0,QGSP_BIC_HP,$Name: geant4-11-04-patch-01 [MT]$,1166902,8,0
C12,6,12,9,20,2,0.1,1.00369012667e+21,20000,4,0,0,0,0.936685152491,9,0,0,0,QGSP_BIC_HP,$Name: geant4-11-04-patch-01 [MT]$,1166903,8,0
C12,6,12,9,10,2,0.05,5.01845063333e+20,20000,0,0,0,0,0.458073092668,0,0,0,0,QGSP_BIC_HP,$Name: geant4-11-04-patch-01 [MT]$,1166904,8,1
C12,6,12,10,80,2,0.4,4.01476050667e+21,20000,9,0,0,0,3.94715727067,8.96513382927,0,0,0,QGSP_BIC_HP,$Name: geant4-11-04-patch-01 [MT]$,1167000,8,0
C12,6,12,10,60,2,0.3,3.01107038e+21,20000,11,0,0,0,2.79838685041,9.62755468844,0,0,0,QGSP_BIC_HP,$Name: geant4-11-04-patch-01 [MT]$,1167001,8,0
C12,6,12,10,40,2,0.2,2.00738025333e+21,20000,5,0,0,0,1.77736942554,9.72441543267,0,0,0,QGSP_BIC_HP,$Name: geant4-11-04-patch-01 [MT]$,1167002,8,0
C12,6,12,10,20,2,0.1,1.00369012667e+21,20000,6,0,0,0,0.853627424502,10,0,0,0,QGSP_BIC_HP,$Name: geant4-11-04-patch-01 [MT]$,1167003,8,0
C12,6,12,10,10,2,0.05,5.01845063333e+20,20000,1,0,0,0,0.418818285398,10,0,0,0,QGSP_BIC_HP,$Name: geant4-11-04-patch-01 [MT]$,1167004,8,1
C12,6,12,11,80,2,0.4,4.01476050667e+21,20000,10,0,0,0,3.51930321353,9.78302668626,0,0,0,QGSP_BIC_HP,$Name: geant4-11-04-patch-01 [MT]$,1167100,8,0
C12,6,12,11,60,2,0.3,3.01107038e+21,20000,16,0,0,0,2.5310522724,10.3235181107,0,0,0,QGSP_BIC_HP,$Name: geant4-11-04-patch-01 [MT]$,1167101,8,0
C12,6,12,11,40,2,0.2,2.00738025333e+21,20000,9,0,0,0,1.62325651561,10.8541681749,0,0,0,QGSP_BIC_HP,$Name: geant4-11-04-patch-01 [MT]$,1167102,8,0
C12,6,12,11,20,2,0.1,1.00369012667e+21,20000,6,0,0,0,0.784677788734,11,0,0,0,QGSP_BIC_HP,$Name: geant4-11-04-patch-01 [MT]$,1167103,8,0
C12,6,12,11,10,2,0.05,5.01845063333e+20,20000,3,0,0,0,0.386675587966,11,0,0,0,QGSP_BIC_HP,$Name: geant4-11-04-patch-01 [MT]$,1167104,8,1
C12,6,12,12,80,2,0.4,4.01476050667e+21,20000,18,0,0,0,3.1958737545,11.3990626536,0,0,0,QGSP_BIC_HP,$Name: geant4-11-04-patch-01 [MT]$,1167200,8,0
C12,6,12,12,60,2,0.3,3.01107038e+21,20000,19,0,0,0,2.31394690048,11.3154834763,0,0,0,QGSP_BIC_HP,$Name: geant4-11-04-patch-01 [MT]$,1167201,8,0
C12,6,12,12,40,2,0.2,2.00738025333e+21,20000,9,0,0,0,1.4976399166,12,0,0,0,QGSP_BIC_HP,$Name: geant4-11-04-patch-01 [MT]$,1167202,8,0
C12,6,12,12,20,2,0.1,1.00369012667e+21,20000,5,0,0,0,0.728332410966,12,0,0,0,QGSP_BIC_HP,$Name: geant4-11-04-patch-01 [MT]$,1167203,8,0
C12,6,12,12,10,2,0.05,5.01845063333e+20,20000,2,0,0,0,0.359535960705,12,0,0,0,QGSP_BIC_HP,$Name: geant4-11-04-patch-01 [MT]$,1167204,8,1
C12,6,12,14,80,2,0.4,4.01476050667e+21,20000,26,0,0,0,2.7238312339,13.4706022045,0,0,0,QGSP_BIC_HP,$Name: geant4-11-04-patch-01 [MT]$,1167400,8,0
C12,6,12,14,60,2,0.3,3.01107038e+21,20000,15,0,0,0,1.99679864095,13.7181499129,0,0,0,QGSP_BIC_HP,$Name: geant4-11-04-patch-01 [MT]$,1167401,8,0
C12,6,12,14,40,2,0.2,2.00738025333e+21,20000,10,0,0,0,1.3007912853,14,0,0,0,QGSP_BIC_HP,$Name: geant4-11-04-patch-01 [MT]$,1167402,8,0
C12,6,12,14,20,2,0.1,1.00369012667e+21,20000,1,0,0,0,0.637673964028,14,0,0,0,QGSP_BIC_HP,$Name: geant4-11-04-patch-01 [MT]$,1167403,8,0
C12,6,12,14,10,2,0.05,5.01845063333e+20,20000,2,0,0,0,0.315562183467,14,0,0,0,QGSP_BIC_HP,$Name: geant4-11-04-patch-01 [MT]$,1167404,8,1
C12,6,12,16,80,2,0.4,4.01476050667e+21,20000,33,0,0,0,2.39356470657,15.6113959805,0,0,0,QGSP_BIC_HP,$Name: geant4-11-04-patch-01 [MT]$,1167600,8,0
C12,6,12,16,60,2,0.3,3.01107038e+21,20000,20,0,0,0,1.76540785878,15.7850049424,0,0,0,QGSP_BIC_HP,$Name: geant4-11-04-patch-01 [MT]$,1167601,8,0
C12,6,12,16,40,2,0.2,2.00738025333e+21,20000,21,0,0,0,1.15632310724,16,0,0,0,QGSP_BIC_HP,$Name: geant4-11-04-patch-01 [MT]$,1167602,8,0
C12,6,12,16,20,2,0.1,1.00369012667e+21,20000,4,0,0,0,0.568972006862,16,0,0,0,QGSP_BIC_HP,$Name: geant4-11-04-patch-01 [MT]$,1167603,8,0
C12,6,12,16,10,2,0.05,5.01845063333e+20,20000,3,0,0,0,0.282485501102,16,0,0,0,QGSP_BIC_HP,$Name: geant4-11-04-patch-01 [MT]$,1167604,8,1
C12,6,12,18,80,2,0.4,4.01476050667e+21,20000,31,0,0,0,2.14790770317,17.3761467812,0,0,0,QGSP_BIC_HP,$Name: geant4-11-04-patch-01 [MT]$,1167800,8,0
C12,6,12,18,60,2,0.3,3.01107038e+21,20000,25,0,0,0,1.58750838376,18,0,0,0,QGSP_BIC_HP,$Name: geant4-11-04-patch-01 [MT]$,1167801,8,0
C12,6,12,18,40,2,0.2,2.00738025333e+21,20000,24,0,0,0,1.0477739338,18,0,0,0,QGSP_BIC_HP,$Name: geant4-11-04-patch-01 [MT]$,1167802,8,0
C12,6,12,18,20,2,0.1,1.00369012667e+21,20000,7,0,0,0,0.515940236749,18,0,0,0,QGSP_BIC_HP,$Name: geant4-11-04-patch-01 [MT]$,1167803,8,0
C12,6,12,18,10,2,0.05,5.01845063333e+20,20000,7,0,0,0,0.256310800853,18,0,0,0,QGSP_BIC_HP,$Name: geant4-11-04-patch-01 [MT]$,1167804,8,1
C12,6,12,20,80,2,0.4,4.01476050667e+21,20000,36,0,0,0,1.95205021158,19.6502515547,0,0,0,QGSP_BIC_HP,$Name: geant4-11-04-patch-01 [MT]$,1168000,8,0
C12,6,12,20,60,2,0.3,3.01107038e+21,20000,27,0,0,0,1.44600974381,20,0,0,0,QGSP_BIC_HP,$Name: geant4-11-04-patch-01 [MT]$,1168001,8,0
C12,6,12,20,40,2,0.2,2.00738025333e+21,20000,20,0,0,0,0.953561635032,20,0,0,0,QGSP_BIC_HP,$Name: geant4-11-04-patch-01 [MT]$,1168002,8,0
C12,6,12,20,20,2,0.1,1.00369012667e+21,20000,3,0,0,0,0.472268433967,20,0,0,0,QGSP_BIC_HP,$Name: geant4-11-04-patch-01 [MT]$,1168003,8,1
C12,6,12,22,80,2,0.4,4.01476050667e+21,20000,35,0,0,0,1.79084861878,22,0,0,0,QGSP_BIC_HP,$Name: geant4-11-04-patch-01 [MT]$,1168200,8,0
C12,6,12,22,60,2,0.3,3.01107038e+21,20000,20,0,0,0,1.32953007789,22,0,0,0,QGSP_BIC_HP,$Name: geant4-11-04-patch-01 [MT]$,1168201,8,0
C12,6,12,22,40,2,0.2,2.00738025333e+21,20000,17,0,0,0,0.878678139289,22,0,0,0,QGSP_BIC_HP,$Name: geant4-11-04-patch-01 [MT]$,1168202,8,0
C12,6,12,22,20,2,0.1,1.00369012667e+21,20000,7,0,0,0,0.435912842685,22,0,0,0,QGSP_BIC_HP,$Name: geant4-11-04-patch-01 [MT]$,1168203,8,1
C12,6,12,24,80,2,0.4,4.01476050667e+21,20000,32,0,0,0,1.65649054654,24,0,0,0,QGSP_BIC_HP,$Name: geant4-11-04-patch-01 [MT]$,1168400,8,0
C12,6,12,24,60,2,0.3,3.01107038e+21,20000,15,0,0,0,1.23483496889,24,0,0,0,QGSP_BIC_HP,$Name: geant4-11-04-patch-01 [MT]$,1168401,8,0
C12,6,12,24,40,2,0.2,2.00738025333e+21,20000,12,0,0,0,0.81754835554,24,0,0,0,QGSP_BIC_HP,$Name: geant4-11-04-patch-01 [MT]$,1168402,8,0
C12,6,12,24,20,2,0.1,1.00369012667e+21,20000,8,0,0,0,0.405579681249,24,0,0,0,QGSP_BIC_HP,$Name: geant4-11-04-patch-01 [MT]$,1168403,8,1
C12,6,12,26,80,2,0.4,4.01476050667e+21,20000,25,0,0,0,1.54649210783,25.9910094813,0,0,0,QGSP_BIC_HP,$Name: geant4-11-04-patch-01 [MT]$,1168600,8,0
C12,6,12,26,60,2,0.3,3.01107038e+21,20000,21,0,0,0,1.15344162364,26,0,0,0,QGSP_BIC_HP,$Name: geant4-11-04-patch-01 [MT]$,1168601,8,0
C12,6,12,26,40,2,0.2,2.00738025333e+21,20000,26,0,0,0,0.763530660743,26,0,0,0,QGSP_BIC_HP,$Name: geant4-11-04-patch-01 [MT]$,1168602,8,0
C12,6,12,26,20,2,0.1,1.00369012667e+21,20000,5,0,0,0,0.379772164928,26,0,0,0,QGSP_BIC_HP,$Name: geant4-11-04-patch-01 [MT]$,1168603,8,1
C12,6,12,28,80,2,0.4,4.01476050667e+21,20000,27,0,0,0,1.45165794682,28,0,0,0,QGSP_BIC_HP,$Name: geant4-11-04-patch-01 [MT]$,1168800,8,0
C12,6,12,28,60,2,0.3,3.01107038e+21,20000,29,0,0,0,1.08267111707,28,0,0,0,QGSP_BIC_HP,$Name: geant4-11-04-patch-01 [MT]$,1168801,8,0
C12,6,12,28,40,2,0.2,2.00738025333e+21,20000,20,0,0,0,0.717974883995,28,0,0,0,QGSP_BIC_HP,$Name: geant4-11-04-patch-01 [MT]$,1168802,8,0
C12,6,12,28,20,2,0.1,1.00369012667e+21,20000,4,0,0,0,0.357754742254,28,0,0,0,QGSP_BIC_HP,$Name: geant4-11-04-patch-01 [MT]$,1168803,8,1
C12,6,12,30,80,2,0.4,4.01476050667e+21,20000,33,0,0,0,1.37000114137,30,0,0,0,QGSP_BIC_HP,$Name: geant4-11-04-patch-01 [MT]$,1169000,8,0
C12,6,12,30,60,2,0.3,3.01107038e+21,20000,37,0,0,0,1.02046002002,30,0,0,0,QGSP_BIC_HP,$Name: geant4-11-04-patch-01 [MT]$,1169001,8,0
C12,6,12,30,40,2,0.2,2.00738025333e+21,20000,22,0,0,0,0.678206846342,30,0,0,0,QGSP_BIC_HP,$Name: geant4-11-04-patch-01 [MT]$,1169002,8,0
C12,6,12,30,20,2,0.1,1.00369012667e+21,20000,4,0,0,0,0.337745970327,30,0,0,0,QGSP_BIC_HP,$Name: geant4-11-04-patch-01 [MT]$,1169003,8,1
C12,6,12,35,80,2,0.4,4.01476050667e+21,20000,30,0,0,0,1.20045200859,35,0,0,0,QGSP_BIC_HP,$Name: geant4-11-04-patch-01 [MT]$,1169500,8,0
C12,6,12,35,60,2,0.3,3.01107038e+21,20000,22,0,0,0,0.897385981836,35,0,0,0,QGSP_BIC_HP,$Name: geant4-11-04-patch-01 [MT]$,1169501,8,0
C12,6,12,35,40,2,0.2,2.00738025333e+21,20000,18,0,0,0,0.595900081993,35,0,0,0,QGSP_BIC_HP,$Name: geant4-11-04-patch-01 [MT]$,1169502,8,0
C12,6,12,35,20,2,0.1,1.00369012667e+21,20000,6,0,0,0,0.296598976378,35,0,0,0,QGSP_BIC_HP,$Name: geant4-11-04-patch-01 [MT]$,1169503,8,1
C12,6,12,40,80,2,0.4,4.01476050667e+21,20000,39,0,0,0,1.07383243229,40,0,0,0,QGSP_BIC_HP,$Name: geant4-11-04-patch-01 [MT]$,1170000,8,0
C12,6,12,40,60,2,0.3,3.01107038e+21,20000,17,0,0,0,0.80421375816,40,0,0,0,QGSP_BIC_HP,$Name: geant4-11-04-patch-01 [MT]$,1170001,8,0
C12,6,12,40,40,2,0.2,2.00738025333e+21,20000,18,0,0,0,0.538949636899,40,0,0,0,QGSP_BIC_HP,$Name: geant4-11-04-patch-01 [MT]$,1170002,8,0
C12,6,12,40,20,2,0.1,1.00369012667e+21,20000,6,0,0,0,0.266342640297,40,0,0,0,QGSP_BIC_HP,$Name: geant4-11-04-patch-01 [MT]$,1170003,8,1
C12,6,12,45,80,2,0.4,4.01476050667e+21,20000,34,0,0,0,0.974210608609,45,0,0,0,QGSP_BIC_HP,$Name: geant4-11-04-patch-01 [MT]$,1170500,8,0
C12,6,12,45,60,2,0.3,3.01107038e+21,20000,23,0,0,0,0.730633372852,45,0,0,0,QGSP_BIC_HP,$Name: geant4-11-04-patch-01 [MT]$,1170501,8,0
C12,6,12,45,40,2,0.2,2.00738025333e+21,20000,11,0,0,0,0.48582352734,45,0,0,0,QGSP_BIC_HP,$Name: geant4-11-04-patch-01 [MT]$,1170502,8,1
C12,6,12,50,80,2,0.4,4.01476050667e+21,20000,29,4,0,0,0.894770571116,50,50,0,0,QGSP_BIC_HP,$Name: geant4-11-04-patch-01 [MT]$,1171000,8,0
C12,6,12,50,60,2,0.3,3.01107038e+21,20000,24,0,0,0,0.670730988632,50,0,0,0,QGSP_BIC_HP,$Name: geant4-11-04-patch-01 [MT]$,1171001,8,0
C12,6,12,50,40,2,0.2,2.00738025333e+21,20000,12,4,0,0,0.445134513113,50,50,0,0,QGSP_BIC_HP,$Name: geant4-11-04-patch-01 [MT]$,1171002,8,1
C12,6,12,55,80,2,0.4,4.01476050667e+21,20000,19,3,0,0,0.829078699725,55,55,0,0,QGSP_BIC_HP,$Name: geant4-11-04-patch-01 [MT]$,1171500,8,0
C12,6,12,55,60,2,0.3,3.01107038e+21,20000,36,5,0,0,0.621480812505,54.0584188702,55,0,0,QGSP_BIC_HP,$Name: geant4-11-04-patch-01 [MT]$,1171501,8,0
C12,6,12,55,40,2,0.2,2.00738025333e+21,20000,13,1,0,0,0.412662368266,55,55,0,0,QGSP_BIC_HP,$Name: geant4-11-04-patch-01 [MT]$,1171502,8,1
C12,6,12,60,80,2,0.4,4.01476050667e+21,20000,22,3,0,0,0.776237818383,60,60,0,0,QGSP_BIC_HP,$Name: geant4-11-04-patch-01 [MT]$,1172000,8,0
C12,6,12,60,60,2,0.3,3.01107038e+21,20000,18,1,0,0,0.578379116421,60,60,0,0,QGSP_BIC_HP,$Name: geant4-11-04-patch-01 [MT]$,1172001,8,0
C12,6,12,60,40,2,0.2,2.00738025333e+21,20000,16,1,0,0,0.385145513461,60,60,0,0,QGSP_BIC_HP,$Name: geant4-11-04-patch-01 [MT]$,1172002,8,1
C12,6,12,65,80,2,0.4,4.01476050667e+21,20000,23,1,0,0,0.727415657647,65,65,0,0,QGSP_BIC_HP,$Name: geant4-11-04-patch-01 [MT]$,1172500,8,0
C12,6,12,65,60,2,0.3,3.01107038e+21,20000,22,2,0,0,0.542788614287,65,65,0,0,QGSP_BIC_HP,$Name: geant4-11-04-patch-01 [MT]$,1172501,8,0
C12,6,12,65,40,2,0.2,2.00738025333e+21,20000,17,6,0,0,0.36164645787,65,65,0,0,QGSP_BIC_HP,$Name: geant4-11-04-patch-01 [MT]$,1172502,8,0
C12,6,12,65,20,2,0.1,1.00369012667e+21,20000,3,0,0,0,0.18145954802,65,0,0,0,QGSP_BIC_HP,$Name: geant4-11-04-patch-01 [MT]$,1172503,8,1
C12,6,12,70,80,2,0.4,4.01476050667e+21,20000,18,2,0,0,0.68177609569,70,70,0,0,QGSP_BIC_HP,$Name: geant4-11-04-patch-01 [MT]$,1173000,8,0
C12,6,12,70,60,2,0.3,3.01107038e+21,20000,16,1,0,0,0.51178984959,70,70,0,0,QGSP_BIC_HP,$Name: geant4-11-04-patch-01 [MT]$,1173001,8,0
C12,6,12,70,40,2,0.2,2.00738025333e+21,20000,11,0,0,0,0.342388035169,70,0,0,0,QGSP_BIC_HP,$Name: geant4-11-04-patch-01 [MT]$,1173002,8,1
C12,6,12,75,80,2,0.4,4.01476050667e+21,20000,35,6,0,0,0.646932270945,75,75,0,0,QGSP_BIC_HP,$Name: geant4-11-04-patch-01 [MT]$,1173500,8,0
C12,6,12,75,60,2,0.3,3.01107038e+21,20000,16,2,0,0,0.485603520222,75,75,0,0,QGSP_BIC_HP,$Name: geant4-11-04-patch-01 [MT]$,1173501,8,1
C12,6,12,80,80,2,0.4,4.01476050667e+21,20000,24,2,0,0,0.615453216218,80,80,0,0,QGSP_BIC_HP,$Name: geant4-11-04-patch-01 [MT]$,1174000,8,0
C12,6,12,80,60,2,0.3,3.01107038e+21,20000,14,2,0,0,0.461386366319,80,80,0,0,QGSP_BIC_HP,$Name: geant4-11-04-patch-01 [MT]$,1174001,8,1
C12,6,12,85,80,2,0.4,4.01476050667e+21,20000,30,6,0,0,0.588623720832,83.022147713,85,0,0,QGSP_BIC_HP,$Name: geant4-11-04-patch-01 [MT]$,1174500,8,0
C12,6,12,85,60,2,0.3,3.01107038e+21,20000,20,4,0,0,0.441178030784,85,85,0,0,QGSP_BIC_HP,$Name: geant4-11-04-patch-01 [MT]$,1174501,8,0
C12,6,12,85,40,2,0.2,2.00738025333e+21,20000,12,2,0,0,0.293459501021,85,85,0,0,QGSP_BIC_HP,$Name: geant4-11-04-patch-01 [MT]$,1174502,8,1
C12,6,12,90,80,2,0.4,4.01476050667e+21,20000,19,3,0,0,0.563749651672,90,90,0,0,QGSP_BIC_HP,$Name: geant4-11-04-patch-01 [MT]$,1175000,8,0
C12,6,12,90,60,2,0.3,3.01107038e+21,20000,15,3,0,0,0.421757622131,90,90,0,0,QGSP_BIC_HP,$Name: geant4-11-04-patch-01 [MT]$,1175001,8,1
C12,6,12,95,80,2,0.4,4.01476050667e+21,20000,25,4,0,0,0.539656690278,95,95,0,0,QGSP_BIC_HP,$Name: geant4-11-04-patch-01 [MT]$,1175500,8,0
C12,6,12,95,60,2,0.3,3.01107038e+21,20000,11,0,0,0,0.405601965823,95,0,0,0,QGSP_BIC_HP,$Name: geant4-11-04-patch-01 [MT]$,1175501,8,1
C12,6,12,100,80,2,0.4,4.01476050667e+21,20000,18,1,0,0,0.519995537008,100,100,0,0,QGSP_BIC_HP,$Name: geant4-11-04-patch-01 [MT]$,1176000,8,0
C12,6,12,100,60,2,0.3,3.01107038e+21,20000,11,3,0,0,0.390092529247,100,100,0,0,QGSP_BIC_HP,$Name: geant4-11-04-patch-01 [MT]$,1176001,8,1
C12,6,12,105,80,2,0.4,4.01476050667e+21,20000,21,2,0,0,0.500850424965,105,105,0,0,QGSP_BIC_HP,$Name: geant4-11-04-patch-01 [MT]$,1176500,8,0
C12,6,12,105,60,2,0.3,3.01107038e+21,20000,15,4,0,0,0.377603571778,105,105,0,0,QGSP_BIC_HP,$Name: geant4-11-04-patch-01 [MT]$,1176501,8,1
C12,6,12,110,80,2,0.4,4.01476050667e+21,20000,11,4,0,0,0.485379427787,110,110,0,0,QGSP_BIC_HP,$Name: geant4-11-04-patch-01 [MT]$,1177000,8,1
C12,6,12,115,80,2,0.4,4.01476050667e+21,20000,22,3,0,0,0.469683779991,115,115,0,0,QGSP_BIC_HP,$Name: geant4-11-04-patch-01 [MT]$,1177500,8,0
C12,6,12,115,60,2,0.3,3.01107038e+21,20000,10,3,0,0,0.351611514537,115,115,0,0,QGSP_BIC_HP,$Name: geant4-11-04-patch-01 [MT]$,1177501,8,1
C12,6,12,120,80,2,0.4,4.01476050667e+21,20000,20,2,0,0,0.455698207862,120,120,0,0,QGSP_BIC_HP,$Name: geant4-11-04-patch-01 [MT]$,1178000,8,0
C12,6,12,120,60,2,0.3,3.01107038e+21,20000,12,1,0,0,0.340704691187,120,120,0,0,QGSP_BIC_HP,$Name: geant4-11-04-patch-01 [MT]$,1178001,8,1
N14,7,14,5,80,0.81,0.987654320988,3.44122329143e+21,20000,2,0,0,0,4.99862239884,5,0,0,0,QGSP_BIC_HP,$Name: geant4-11-04-patch-01 [MT]$,1179500,8,0
N14,7,14,5,60,0.81,0.740740740741,2.58091746857e+21,20000,0,0,0,0,4.99949246388,0,0,0,0,QGSP_BIC_HP,$Name: geant4-11-04-patch-01 [MT]$,1179501,8,0
N14,7,14,5,40,0.81,0.493827160494,1.72061164571e+21,20000,0,0,0,0,4.41390890813,0,0,0,0,QGSP_BIC_HP,$Name: geant4-11-04-patch-01 [MT]$,1179502,8,0
N14,7,14,5,20,0.81,0.246913580247,8.60305822857e+20,20000,0,0,0,0,1.59629405025,0,0,0,0,QGSP_BIC_HP,$Name: geant4-11-04-patch-01 [MT]$,1179503,8,0
N14,7,14,5,10,0.81,0.123456790123,4.30152911429e+20,20000,0,0,0,0,0.74087403142,0,0,0,0,QGSP_BIC_HP,$Name: geant4-11-04-patch-01 [MT]$,1179504,8,0
N14,7,14,5,5,0.81,0.0617283950617,2.15076455714e+20,20000,0,0,0,0,0.359053948629,0,0,0,0,QGSP_BIC_HP,$Name: geant4-11-04-patch-01 [MT]$,1179505,8,1
N14,7,14,5.5,80,0.81,0.987654320988,3.44122329143e+21,20000,1,0,0,0,5.49970613568,4.68271511453,0,0,0,QGSP_BIC_HP,$Name: geant4-11-04-patch-01 [MT]$,1179550,8,0
N14,7,14,5.5,60,0.81,0.740740740741,2.58091746857e+21,20000,0,0,0,0,5.49983485557,0,0,0,0,QGSP_BIC_HP,$Name: geant4-11-04-patch-01 [MT]$,1179551,8,0
N14,7,14,5.5,40,0.81,0.493827160494,1.72061164571e+21,20000,3,0,0,0,3.4897218707,4.95497858189,0,0,0,QGSP_BIC_HP,$Name: geant4-11-04-patch-01 [MT]$,1179552,8,0
N14,7,14,5.5,20,0.81,0.246913580247,8.60305822857e+20,20000,0,0,0,0,1.4482511538,0,0,0,0,QGSP_BIC_HP,$Name: geant4-11-04-patch-01 [MT]$,1179553,8,0
N14,7,14,5.5,10,0.81,0.123456790123,4.30152911429e+20,20000,1,0,0,0,0.682005721882,5.5,0,0,0,QGSP_BIC_HP,$Name: geant4-11-04-patch-01 [MT]$,1179554,8,0
N14,7,14,5.5,5,0.81,0.0617283950617,2.15076455714e+20,20000,2,0,0,0,0.332437944152,5.5,0,0,0,QGSP_BIC_HP,$Name: geant4-11-04-patch-01 [MT]$,1179555,8,1
N14,7,14,6,80,0.81,0.987654320988,3.44122329143e+21,20000,2,0,0,0,5.99850270173,4.39605338248,0,0,0,QGSP_BIC_HP,$Name: geant4-11-04-patch-01 [MT]$,1179600,8,0
N14,7,14,6,60,0.81,0.740740740741,2.58091746857e+21,20000,3,0,0,0,5.99782432548,5.72719702771,0,0,0,QGSP_BIC_HP,$Name: geant4-11-04-patch-01 [MT]$,1179601,8,0
N14,7,14,6,40,0.81,0.493827160494,1.72061164571e+21,20000,4,0,0,0,3.04902509934,5.15305249086,0,0,0,QGSP_BIC_HP,$Name: geant4-11-04-patch-01 [MT]$,1179602,8,0
N14,7,14,6,20,0.81,0.246913580247,8.60305822857e+20,20000,2,1,0,0,1.33023129381,5.59222604648,6,0,0,QGSP_BIC_HP,$Name: geant4-11-04-patch-01 [MT]$,1179603,8,0
N14,7,14,6,10,0.81,0.123456790123,4.30152911429e+20,20000,1,0,0,0,0.632882718342,6,0,0,0,QGSP_BIC_HP,$Name: geant4-11-04-patch-01 [MT]$,1179604,8,0
N14,7,14,6,5,0.81,0.0617283950617,2.15076455714e+20,20000,0,0,0,0,0.310490729698,0,0,0,0,QGSP_BIC_HP,$Name: geant4-11-04-patch-01 [MT]$,1179605,8,1
N14,7,14,7,80,0.81,0.987654320988,3.44122329143e+21,20000,4,2,0,0,6.99766330943,6.37062900308,7,0,0,QGSP_BIC_HP,$Name: geant4-11-04-patch-01 [MT]$,1179700,8,0
N14,7,14,7,60,0.81,0.740740740741,2.58091746857e+21,20000,4,0,0,0,4.31525802076,4.76239959828,0,0,0,QGSP_BIC_HP,$Name: geant4-11-04-patch-01 [MT]$,1179701,8,0
N14,7,14,7,40,0.81,0.493827160494,1.72061164571e+21,20000,3,2,0,0,2.51552127362,6.44101740841,6.16152611262,0,0,QGSP_BIC_HP,$Name: geant4-11-04-patch-01 [MT]$,1179702,8,0
N14,7,14,7,20,0.81,0.246913580247,8.60305822857e+20,20000,0,0,0,0,1.15240023665,0,0,0,0,QGSP_BIC_HP,$Name: geant4-11-04-patch-01 [MT]$,1179703,8,0
N14,7,14,7,10,0.81,0.123456790123,4.30152911429e+20,20000,0,0,0,0,0.555270093549,0,0,0,0,QGSP_BIC_HP,$Name: geant4-11-04-patch-01 [MT]$,1179704,8,0
N14,7,14,7,5,0.81,0.0617283950617,2.15076455714e+20,20000,0,0,0,0,0.272847545929,0,0,0,0,QGSP_BIC_HP,$Name: geant4-11-04-patch-01 [MT]$,1179705,8,1
N14,7,14,8,80,0.81,0.987654320988,3.44122329143e+21,20000,7,0,0,0,5.36107268773,7.17775891147,0,0,0,QGSP_BIC_HP,$Name: geant4-11-04-patch-01 [MT]$,1179800,8,0
N14,7,14,8,60,0.81,0.740740740741,2.58091746857e+21,20000,8,3,0,0,3.54639993626,6.94285543345,7.72239592075,0,0,QGSP_BIC_HP,$Name: geant4-11-04-patch-01 [MT]$,1179801,8,0
N14,7,14,8,40,0.81,0.493827160494,1.72061164571e+21,20000,4,1,0,0,2.17721500711,7.40964465336,8,0,0,QGSP_BIC_HP,$Name: geant4-11-04-patch-01 [MT]$,1179802,8,0
N14,7,14,8,20,0.81,0.246913580247,8.60305822857e+20,20000,5,2,0,0,1.02087085057,7.82630946098,8,0,0,QGSP_BIC_HP,$Name: geant4-11-04-patch-01 [MT]$,1179803,8,0
N14,7,14,8,10,0.81,0.123456790123,4.30152911429e+20,20000,1,1,0,0,0.496814465819,8,8,0,0,QGSP_BIC_HP,$Name: geant4-11-04-patch-01 [MT]$,1179804,8,1
N14,7,14,9,80,0.81,0.987654320988,3.44122329143e+21,20000,10,0,0,0,4.42528395275,7.98209865768,0,0,0,QGSP_BIC_HP,$Name: geant4-11-04-patch-01 [MT]$,1179900,8,0
N14,7,14,9,60,0.81,0.740740740741,2.58091746857e+21,20000,12,4,0,0,3.07557205397,7.80728321226,7.1279371063,0,0,QGSP_BIC_HP,$Name: geant4-11-04-patch-01 [MT]$,1179901,8,0
N14,7,14,9,40,0.81,0.493827160494,1.72061164571e+21,20000,13,4,0,0,1.93447375184,8.26589376056,8.35125899069,0,0,QGSP_BIC_HP,$Name: geant4-11-04-patch-01 [MT]$,1179902,8,0
N14,7,14,9,20,0.81,0.246913580247,8.60305822857e+20,20000,0,0,0,0,0.920137731361,0,0,0,0,QGSP_BIC_HP,$Name: geant4-11-04-patch-01 [MT]$,1179903,8,0
N14,7,14,9,10,0.81,0.123456790123,4.30152911429e+20,20000,0,0,0,0,0.450435353908,0,0,0,0,QGSP_BIC_HP,$Name: geant4-11-04-patch-01 [MT]$,1179904,8,1
N14,7,14,10,80,0.81,0.987654320988,3.44122329143e+21,20000,15,5,0,0,3.85521630675,8.71303201588,8.93761953445,0,0,QGSP_BIC_HP,$Name: geant4-11-04-patch-01 [MT]$,1180000,8,0
N14,7,14,10,60,0.81,0.740740740741,2.58091746857e+21,20000,8,4,0,0,2.74352180436,9.65477907102,9.76155265238,0,0,QGSP_BIC_HP,$Name: geant4-11-04-patch-01 [MT]$,1180001,8,0
N14,7,14,10,40,0.81,0.493827160494,1.72061164571e+21,20000,13,5,0,0,1.74716962752,9.51503047035,9.63092948518,0,0,QGSP_BIC_HP,$Name: geant4-11-04-patch-01 [MT]$,1180002,8,0
N14,7,14,10,20,0.81,0.246913580247,8.60305822857e+20,20000,1,0,0,0,0.842089710247,10,0,0,0,QGSP_BIC_HP,$Name: geant4-11-04-patch-01 [MT]$,1180003,8,0
N14,7,14,10,10,0.81,0.123456790123,4.30152911429e+20,20000,1,0,0,0,0.412267062761,10,0,0,0,QGSP_BIC_HP,$Name: geant4-11-04-patch-01 [MT]$,1180004,8,1
N14,7,14,11,80,0.81,0.987654320988,3.44122329143e+21,20000,15,3,0,0,3.45252480724,9.80077906148,9.23939005146,0,0,QGSP_BIC_HP,$Name: geant4-11-04-patch-01 [MT]$,1180100,8,0
N14,7,14,11,60,0.81,0.740740740741,2.58091746857e+21,20000,13,6,0,0,2.48854944779,10.0208703139,10.5346162207,0,0,QGSP_BIC_HP,$Name: geant4-11-04-patch-01 [MT]$,1180101,8,0
N14,7,14,11,40,0.81,0.493827160494,1.72061164571e+21,20000,8,1,0,0,1.59922577024,10.5220890596,11,0,0,QGSP_BIC_HP,$Name: geant4-11-04-patch-01 [MT]$,1180102,8,0
N14,7,14,11,20,0.81,0.246913580247,8.60305822857e+20,20000,6,0,0,0,0.773863649973,11,0,0,0,QGSP_BIC_HP,$Name: geant4-11-04-patch-01 [MT]$,1180103,8,0
N14,7,14,11,10,0.81,0.123456790123,4.30152911429e+20,20000,1,1,0,0,0.381286281628,11,11,0,0,QGSP_BIC_HP,$Name: geant4-11-04-patch-01 [MT]$,1180104,8,1
N14,7,14,12,80,0.81,0.987654320988,3.44122329143e+21,20000,28,11,0,0,3.14588623388,11.01551042,10.9505706075,0,0,QGSP_BIC_HP,$Name: geant4-11-04-patch-01 [MT]$,1180200,8,0
N14,7,14,12,60,0.81,0.740740740741,2.58091746857e+21,20000,19,13,0,0,2.28036221939,11.5607678701,11.4245079025,0,0,QGSP_BIC_HP,$Name: geant4-11-04-patch-01 [MT]$,1180201,8,0
N14,7,14,12,40,0.81,0.493827160494,1.72061164571e+21,20000,8,4,0,0,1.47460735483,11.516966926,11.2812683872,0,0,QGSP_BIC_HP,$Name: geant4-11-04-patch-01 [MT]$,1180202,8,0
N14,7,14,12,20,0.81,0.246913580247,8.60305822857e+20,20000,9,5,0,0,0.718259966783,12,12,0,0,QGSP_BIC_HP,$Name: geant4-11-04-patch-01 [MT]$,1180203,8,0
N14,7,14,12,10,0.81,0.123456790123,4.30152911429e+20,20000,3,2,0,0,0.35476903157,12,12,0,0,QGSP_BIC_HP,$Name: geant4-11-04-patch-01 [MT]$,1180204,8,1
N14,7,14,14,80,0.81,0.987654320988,3.44122329143e+21,20000,24,6,0,0,2.69047647879,13.1977234866,13.324140784,0,0,QGSP_BIC_HP,$Name: geant4-11-04-patch-01 [MT]$,1180400,8,0
N14,7,14,14,60,0.81,0.740740740741,2.58091746857e+21,20000,21,2,0,0,1.97298095231,13.4046606683,12.9748413806,0,0,QGSP_BIC_HP,$Name: geant4-11-04-patch-01 [MT]$,1180401,8,0
N14,7,14,14,40,0.81,0.493827160494,1.72061164571e+21,20000,11,1,0,0,1.28739404542,13.9123341852,14,0,0,QGSP_BIC_HP,$Name: geant4-11-04-patch-01 [MT]$,1180402,8,0
N14,7,14,14,20,0.81,0.246913580247,8.60305822857e+20,20000,12,1,1,0,0.630686041634,14,14,14,0,QGSP_BIC_HP,$Name: geant4-11-04-patch-01 [MT]$,1180403,8,0
N14,7,14,14,10,0.81,0.123456790123,4.30152911429e+20,20000,6,1,0,0,0.313319714236,14,14,0,0,QGSP_BIC_HP,$Name: geant4-11-04-patch-01 [MT]$,1180404,8,1
N14,7,14,16,80,0.81,0.987654320988,3.44122329143e+21,20000,33,9,0,0,2.36755500755,15.3838499058,15.4167744679,0,0,QGSP_BIC_HP,$Name: geant4-11-04-patch-01 [MT]$,1180600,8,0
N14,7,14,16,60,0.81,0.740740740741,2.58091746857e+21,20000,22,5,0,0,1.74652781275,15.5408461056,15.5572729322,0,0,QGSP_BIC_HP,$Name: geant4-11-04-patch-01 [MT]$,1180601,8,0
N14,7,14,16,40,0.81,0.493827160494,1.72061164571e+21,20000,15,1,0,0,1.14464488213,16,16,0,0,QGSP_BIC_HP,$Name: geant4-11-04-patch-01 [MT]$,1180602,8,0
N14,7,14,16,20,0.81,0.246913580247,8.60305822857e+20,20000,12,2,0,0,0.563821084212,16,16,0,0,QGSP_BIC_HP,$Name: geant4-11-04-patch-01 [MT]$,1180603,8,0
N14,7,14,16,10,0.81,0.123456790123,4.30152911429e+20,20000,4,2,0,0,0.279606464203,16,16,0,0,QGSP_BIC_HP,$Name: geant4-11-04-patch-01 [MT]$,1180604,8,1
N14,7,14,18,80,0.81,0.987654320988,3.44122329143e+21,20000,29,8,0,0,2.12523828473,17.5351192881,17.3930917384,0,0,QGSP_BIC_HP,$Name: geant4-11-04-patch-01 [MT]$,1180800,8,0
N14,7,14,18,60,0.81,0.740740740741,2.58091746857e+21,20000,22,7,1,0,1.57165289069,17.780129726,17.4818124957,18,0,QGSP_BIC_HP,$Name: geant4-11-04-patch-01 [MT]$,1180801,8,0
N14,7,14,18,40,0.81,0.493827160494,1.72061164571e+21,20000,17,3,0,0,1.03391457788,18,18,0,0,QGSP_BIC_HP,$Name: geant4-11-04-patch-01 [MT]$,1180802,8,0
N14,7,14,18,20,0.81,0.246913580247,8.60305822857e+20,20000,6,0,0,0,0.511219026685,18,0,0,0,QGSP_BIC_HP,$Name: geant4-11-04-patch-01 [MT]$,1180803,8,0
N14,7,14,18,10,0.81,0.123456790123,4.30152911429e+20,20000,7,1,0,0,0.254325860137,18,18,0,0,QGSP_BIC_HP,$Name: geant4-11-04-patch-01 [MT]$,1180804,8,1
N14,7,14,20,80,0.81,0.987654320988,3.44122329143e+21,20000,37,7,1,0,1.93041431394,19.6789313956,19.4491564076,20,0,QGSP_BIC_HP,$Name: geant4-11-04-patch-01 [MT]$,1181000,8,0
N14,7,14,20,60,0.81,0.740740740741,2.58091746857e+21,20000,29,6,0,0,1.43233964912,19.9532835473,20,0,0,QGSP_BIC_HP,$Name: geant4-11-04-patch-01 [MT]$,1181001,8,0
N14,7,14,20,40,0.81,0.493827160494,1.72061164571e+21,20000,20,5,1,0,0.947729013678,20,20,20,0,QGSP_BIC_HP,$Name: geant4-11-04-patch-01 [MT]$,1181002,8,0
N14,7,14,20,20,0.81,0.246913580247,8.60305822857e+20,20000,8,2,0,0,0.468693460117,20,20,0,0,QGSP_BIC_HP,$Name: geant4-11-04-patch-01 [MT]$,1181003,8,1
N14,7,14,22,80,0.81,0.987654320988,3.44122329143e+21,20000,31,5,2,0,1.77821241687,21.8229192859,22,22,0,QGSP_BIC_HP,$Name: geant4-11-04-patch-01 [MT]$,1181200,8,0
N14,7,14,22,60,0.81,0.740740740741,2.58091746857e+21,20000,30,4,0,0,1.31832936371,21.9984822608,21.9886169558,0,0,QGSP_BIC_HP,$Name: geant4-11-04-patch-01 [MT]$,1181201,8,0
N14,7,14,22,40,0.81,0.493827160494,1.72061164571e+21,20000,12,2,0,0,0.872581885699,22,22,0,0,QGSP_BIC_HP,$Name: geant4-11-04-patch-01 [MT]$,1181202,8,0
N14,7,14,22,20,0.81,0.246913580247,8.60305822857e+20,20000,11,3,0,0,0.433196416946,22,22,0,0,QGSP_BIC_HP,$Name: geant4-11-04-patch-01 [MT]$,1181203,8,1
N14,7,14,24,80,0.81,0.987654320988,3.44122329143e+21,20000,40,11,1,0,1.64373787461,23.8870098297,24,24,0,QGSP_BIC_HP,$Name: geant4-11-04-patch-01 [MT]$,1181400,8,0
N14,7,14,24,60,0.81,0.740740740741,2.58091746857e+21,20000,22,5,0,0,1.22681343013,24,24,0,0,QGSP_BIC_HP,$Name: geant4-11-04-patch-01 [MT]$,1181401,8,0
N14,7,14,24,40,0.81,0.493827160494,1.72061164571e+21,20000,21,2,0,0,0.810741740709,24,24,0,0,QGSP_BIC_HP,$Name: geant4-11-04-patch-01 [MT]$,1181402,8,0
N14,7,14,24,20,0.81,0.246913580247,8.60305822857e+20,20000,6,1,0,0,0.403341683264,24,24,0,0,QGSP_BIC_HP,$Name: geant4-11-04-patch-01 [MT]$,1181403,8,1
N14,7,14,26,80,0.81,0.987654320988,3.44122329143e+21,20000,35,3,1,0,1.53445436481,26,26,26,0,QGSP_BIC_HP,$Name: geant4-11-04-patch-01 [MT]$,1181600,8,0
N14,7,14,26,60,0.81,0.740740740741,2.58091746857e+21,20000,26,7,0,0,1.14665031398,26,26,0,0,QGSP_BIC_HP,$Name: geant4-11-04-patch-01 [MT]$,1181601,8,0
N14,7,14,26,40,0.81,0.493827160494,1.72061164571e+21,20000,17,2,2,0,0.75857149847,25.1774395971,26,26,0,QGSP_BIC_HP,$Name: geant4-11-04-patch-01 [MT]$,1181602,8,0
N14,7,14,26,20,0.81,0.246913580247,8.60305822857e+20,20000,9,0,0,0,0.378080091282,26,0,0,0,QGSP_BIC_HP,$Name: geant4-11-04-patch-01 [MT]$,1181603,8,1
N14,7,14,28,80,0.81,0.987654320988,3.44122329143e+21,20000,22,3,0,0,1.44247344427,28,28,0,0,QGSP_BIC_HP,$Name: geant4-11-04-patch-01 [MT]$,1181800,8,0
N14,7,14,28,60,0.81,0.740740740741,2.58091746857e+21,20000,29,5,0,0,1.07533799319,28,28,0,0,QGSP_BIC_HP,$Name: geant4-11-04-patch-01 [MT]$,1181801,8,0
N14,7,14,28,40,0.81,0.493827160494,1.72061164571e+21,20000,17,3,0,0,0.713542698621,28,28,0,0,QGSP_BIC_HP,$Name: geant4-11-04-patch-01 [MT]$,1181802,8,0
N14,7,14,28,20,0.81,0.246913580247,8.60305822857e+20,20000,7,3,0,0,0.354893944055,28,28,0,0,QGSP_BIC_HP,$Name: geant4-11-04-patch-01 [MT]$,1181803,8,1
N14,7,14,30,80,0.81,0.987654320988,3.44122329143e+21,20000,36,5,1,0,1.36013608953,30,30,30,0,QGSP_BIC_HP,$Name: geant4-11-04-patch-01 [MT]$,1182000,8,0
N14,7,14,30,60,0.81,0.740740740741,2.58091746857e+21,20000,26,6,1,0,1.01628113409,30,30,30,0,QGSP_BIC_HP,$Name: geant4-11-04-patch-01 [MT]$,1182001,8,0
N14,7,14,30,40,0.81,0.493827160494,1.72061164571e+21,20000,15,2,0,0,0.673664469864,29.0053061377,30,0,0,QGSP_BIC_HP,$Name: geant4-11-04-patch-01 [MT]$,1182002,8,0
N14,7,14,30,20,0.81,0.246913580247,8.60305822857e+20,20000,10,1,0,0,0.335142312814,30,30,0,0,QGSP_BIC_HP,$Name: geant4-11-04-patch-01 [MT]$,1182003,8,1
N14,7,14,35,80,0.81,0.987654320988,3.44122329143e+21,20000,33,5,1,0,1.19456392655,35,35,35,0,QGSP_BIC_HP,$Name: geant4-11-04-patch-01 [MT]$,1182500,8,0
N14,7,14,35,60,0.81,0.740740740741,2.58091746857e+21,20000,29,4,1,0,0.893449005042,35,35,35,0,QGSP_BIC_HP,$Name: geant4-11-04-patch-01 [MT]$,1182501,8,0
N14,7,14,35,40,0.81,0.493827160494,1.72061164571e+21,20000,14,1,1,0,0.59354210815,35,35,35,0,QGSP_BIC_HP,$Name: geant4-11-04-patch-01 [MT]$,1182502,8,0
N14,7,14,35,20,0.81,0.246913580247,8.60305822857e+20,20000,7,4,1,0,0.294911293577,35,35,35,0,QGSP_BIC_HP,$Name: geant4-11-04-patch-01 [MT]$,1182503,8,1
N14,7,14,40,80,0.81,0.987654320988,3.44122329143e+21,20000,27,6,0,0,1.07024921236,40,40,0,0,QGSP_BIC_HP,$Name: geant4-11-04-patch-01 [MT]$,1183000,8,0
N14,7,14,40,60,0.81,0.740740740741,2.58091746857e+21,20000,24,5,0,0,0.800134139187,40,40,0,0,QGSP_BIC_HP,$Name: geant4-11-04-patch-01 [MT]$,1183001,8,0
N14,7,14,40,40,0.81,0.493827160494,1.72061164571e+21,20000,17,2,1,0,0.532297512731,40,40,40,0,QGSP_BIC_HP,$Name: geant4-11-04-patch-01 [MT]$,1183002,8,0
N14,7,14,40,20,0.81,0.246913580247,8.60305822857e+20,20000,5,1,0,0,0.264831071115,40,40,0,0,QGSP_BIC_HP,$Name: geant4-11-04-patch-01 [MT]$,1183003,8,1
N14,7,14,45,80,0.81,0.987654320988,3.44122329143e+21,20000,28,4,1,0,0.97138406991,45,45,45,0,QGSP_BIC_HP,$Name: geant4-11-04-patch-01 [MT]$,1183500,8,0
N14,7,14,45,60,0.81,0.740740740741,2.58091746857e+21,20000,36,3,1,0,0.727310221088,45,45,45,0,QGSP_BIC_HP,$Name: geant4-11-04-patch-01 [MT]$,1183501,8,0
N14,7,14,45,40,0.81,0.493827160494,1.72061164571e+21,20000,19,4,0,0,0.483747230904,45,45,0,0,QGSP_BIC_HP,$Name: geant4-11-04-patch-01 [MT]$,1183502,8,0
N14,7,14,45,20,0.81,0.246913580247,8.60305822857e+20,20000,6,3,0,0,0.240441376315,45,45,0,0,QGSP_BIC_HP,$Name: geant4-11-04-patch-01 [MT]$,1183503,8,1
N14,7,14,50,80,0.81,0.987654320988,3.44122329143e+21,20000,38,2,5,0,0.892436569459,48.9100798454,50,50,0,QGSP_BIC_HP,$Name: geant4-11-04-patch-01 [MT]$,1184000,8,0
N14,7,14,50,60,0.81,0.740740740741,2.58091746857e+21,20000,27,3,4,0,0.669135800587,50,50,50,0,QGSP_BIC_HP,$Name: geant4-11-04-patch-01 [MT]$,1184001,8,0
N14,7,14,50,40,0.81,0.493827160494,1.72061164571e+21,20000,16,0,2,0,0.442678751406,50,0,50,0,QGSP_BIC_HP,$Name: geant4-11-04-patch-01 [MT]$,1184002,8,1
N14,7,14,55,80,0.81,0.987654320988,3.44122329143e+21,20000,31,0,6,0,0.826755426773,55,0,55,0,QGSP_BIC_HP,$Name: geant4-11-04-patch-01 [MT]$,1184500,8,0
N14,7,14,55,60,0.81,0.740740740741,2.58091746857e+21,20000,21,1,2,0,0.619534144748,55,55,55,0,QGSP_BIC_HP,$Name: geant4-11-04-patch-01 [MT]$,1184501,8,0
N14,7,14,55,40,0.81,0.493827160494,1.72061164571e+21,20000,19,0,2,0,0.411149758823,55,0,55,0,QGSP_BIC_HP,$Name: geant4-11-04-patch-01 [MT]$,1184502,8,0
N14,7,14,55,20,0.81,0.246913580247,8.60305822857e+20,20000,7,0,2,0,0.205791473552,55,0,55,0,QGSP_BIC_HP,$Name: geant4-11-04-patch-01 [MT]$,1184503,8,1
N14,7,14,60,80,0.81,0.987654320988,3.44122329143e+21,20000,27,4,1,0,0.771306388403,60,60,60,0,QGSP_BIC_HP,$Name: geant4-11-04-patch-01 [MT]$,1185000,8,0
N14,7,14,60,60,0.81,0.740740740741,2.58091746857e+21,20000,16,0,1,0,0.575962970057,60,0,60,0,QGSP_BIC_HP,$Name: geant4-11-04-patch-01 [MT]$,1185001,8,0
N14,7,14,60,40,0.81,0.493827160494,1.72061164571e+21,20000,18,0,6,0,0.383861317947,60,0,60,0,QGSP_BIC_HP,$Name: geant4-11-04-patch-01 [MT]$,1185002,8,0
N14,7,14,60,20,0.81,0.246913580247,8.60305822857e+20,20000,10,0,0,0,0.192479911334,60,0,0,0,QGSP_BIC_HP,$Name: geant4-11-04-patch-01 [MT]$,1185003,8,1
N14,7,14,65,80,0.81,0.987654320988,3.44122329143e+21,20000,20,1,0,0,0.723974018297,65,65,0,0,QGSP_BIC_HP,$Name: geant4-11-04-patch-01 [MT]$,1185500,8,0
N14,7,14,65,60,0.81,0.740740740741,2.58091746857e+21,20000,18,0,2,0,0.540762793288,65,0,65,0,QGSP_BIC_HP,$Name: geant4-11-04-patch-01 [MT]$,1185501,8,0
N14,7,14,65,40,0.81,0.493827160494,1.72061164571e+21,20000,10,0,1,0,0.360871251748,65,0,65,0,QGSP_BIC_HP,$Name: geant4-11-04-patch-01 [MT]$,1185502,8,1
N14,7,14,70,80,0.81,0.987654320988,3.44122329143e+21,20000,24,1,2,0,0.681038308082,70,70,70,0,QGSP_BIC_HP,$Name: geant4-11-04-patch-01 [MT]$,1186000,8,0
N14,7,14,70,60,0.81,0.740740740741,2.58091746857e+21,20000,15,0,3,0,0.511475843921,70,0,70,0,QGSP_BIC_HP,$Name: geant4-11-04-patch-01 [MT]$,1186001,8,0
N14,7,14,70,40,0.81,0.493827160494,1.72061164571e+21,20000,8,0,1,0,0.340551061679,70,0,70,0,QGSP_BIC_HP,$Name: geant4-11-04-patch-01 [MT]$,1186002,8,1
N14,7,14,75,80,0.81,0.987654320988,3.44122329143e+21,20000,19,1,0,0,0.645314986231,75,75,0,0,QGSP_BIC_HP,$Name: geant4-11-04-patch-01 [MT]$,1186500,8,0
N14,7,14,75,60,0.81,0.740740740741,2.58091746857e+21,20000,19,1,2,0,0.483706730522,75,75,75,0,QGSP_BIC_HP,$Name: geant4-11-04-patch-01 [MT]$,1186501,8,0
N14,7,14,75,40,0.81,0.493827160494,1.72061164571e+21,20000,15,0,2,0,0.32353918723,75,0,75,0,QGSP_BIC_HP,$Name: geant4-11-04-patch-01 [MT]$,1186502,8,1
N14,7,14,80,80,0.81,0.987654320988,3.44122329143e+21,20000,19,0,6,0,0.614658877452,80,0,80,0,QGSP_BIC_HP,$Name: geant4-11-04-patch-01 [MT]$,1187000,8,0
N14,7,14,80,60,0.81,0.740740740741,2.58091746857e+21,20000,18,0,2,0,0.461151890844,80,0,80,0,QGSP_BIC_HP,$Name: geant4-11-04-patch-01 [MT]$,1187001,8,0
N14,7,14,80,40,0.81,0.493827160494,1.72061164571e+21,20000,8,0,0,0,0.306899884481,80,0,0,0,QGSP_BIC_HP,$Name: geant4-11-04-patch-01 [MT]$,1187002,8,1
N14,7,14,85,80,0.81,0.987654320988,3.44122329143e+21,20000,18,0,2,0,0.586547739993,85,0,85,0,QGSP_BIC_HP,$Name: geant4-11-04-patch-01 [MT]$,1187500,8,0
N14,7,14,85,60,0.81,0.740740740741,2.58091746857e+21,20000,18,1,2,0,0.439828751533,85,85,85,0,QGSP_BIC_HP,$Name: geant4-11-04-patch-01 [MT]$,1187501,8,0
N14,7,14,85,40,0.81,0.493827160494,1.72061164571e+21,20000,11,1,2,0,0.292387995504,85,85,85,0,QGSP_BIC_HP,$Name: geant4-11-04-patch-01 [MT]$,1187502,8,1
N14,7,14,90,80,0.81,0.987654320988,3.44122329143e+21,20000,20,0,2,0,0.561882810944,90,0,90,0,QGSP_BIC_HP,$Name: geant4-11-04-patch-01 [MT]$,1188000,8,0
N14,7,14,90,60,0.81,0.740740740741,2.58091746857e+21,20000,10,0,1,0,0.421821693558,90,0,90,0,QGSP_BIC_HP,$Name: geant4-11-04-patch-01 [MT]$,1188001,8,1
N14,7,14,95,80,0.81,0.987654320988,3.44122329143e+21,20000,28,1,4,0,0.540334029062,95,95,95,0,QGSP_BIC_HP,$Name: geant4-11-04-patch-01 [MT]$,1188500,8,0
N14,7,14,95,60,0.81,0.740740740741,2.58091746857e+21,20000,10,0,0,0,0.40449206907,95,0,0,0,QGSP_BIC_HP,$Name: geant4-11-04-patch-01 [MT]$,1188501,8,1
N14,7,14,100,80,0.81,0.987654320988,3.44122329143e+21,20000,25,0,1,0,0.518900236799,96.7233540139,0,100,0,QGSP_BIC_HP,$Name: geant4-11-04-patch-01 [MT]$,1189000,8,0
N14,7,14,100,60,0.81,0.740740740741,2.58091746857e+21,20000,19,1,4,0,0.389408265984,100,100,100,0,QGSP_BIC_HP,$Name: geant4-11-04-patch-01 [MT]$,1189001,8,0
N14,7,14,100,40,0.81,0.493827160494,1.72061164571e+21,20000,10,0,1,0,0.260136812733,100,0,100,0,QGSP_BIC_HP,$Name: geant4-11-04-patch-01 [MT]$,1189002,8,1
N14,7,14,105,80,0.81,0.987654320988,3.44122329143e+21,20000,19,1,1,0,0.5013579159,105,105,105,0,QGSP_BIC_HP,$Name: geant4-11-04-patch-01 [MT]$,1189500,8,0
N14,7,14,105,60,0.81,0.740740740741,2.58091746857e+21,20000,14,0,0,0,0.376673326562,105,0,0,0,QGSP_BIC_HP,$Name: geant4-11-04-patch-01 [MT]$,1189501,8,1
N14,7,14,110,80,0.81,0.987654320988,3.44122329143e+21,20000,18,1,2,0,0.484117446756,110,110,110,0,QGSP_BIC_HP,$Name: geant4-11-04-patch-01 [MT]$,1190000,8,0
N14,7,14,110,60,0.81,0.740740740741,2.58091746857e+21,20000,15,0,1,0,0.36259167377,110,0,110,0,QGSP_BIC_HP,$Name: geant4-11-04-patch-01 [MT]$,1190001,8,1
N14,7,14,115,80,0.81,0.987654320988,3.44122329143e+21,20000,24,0,4,0,0.468947618868,115,0,115,0,QGSP_BIC_HP,$Name: geant4-11-04-patch-01 [MT]$,1190500,8,0
N14,7,14,115,60,0.81,0.740740740741,2.58091746857e+21,20000,11,0,3,0,0.351722416867,108.310060287,0,115,0,QGSP_BIC_HP,$Name: geant4-11-04-patch-01 [MT]$,1190501,8,1
N14,7,14,120,80,0.81,0.987654320988,3.44122329143e+21,20000,15,0,2,0,0.454218140227,120,0,120,0,QGSP_BIC_HP,$Name: geant4-11-04-patch-01 [MT]$,1191000,8,1
O16,8,16,5,80,1.14,0.701754385965,3.01107038e+21,20000,3,0,0,0,4.99858352688,5,0,0,0,QGSP_BIC_HP,$Name: geant4-11-04-patch-01 [MT]$,1182500,8,0
O16,8,16,5,60,1.14,0.526315789474,2.258302785e+21,20000,1,0,0,0,4.99848155369,5,0,0,0,QGSP_BIC_HP,$Name: geant4-11-04-patch-01 [MT]$,1182501,8,0
O16,8,16,5,40,1.14,0.350877192982,1.50553519e+21,20000,1,0,0,0,4.00012212191,5,0,0,0,QGSP_BIC_HP,$Name: geant4-11-04-patch-01 [MT]$,1182502,8,0
O16,8,16,5,20,1.14,0.175438596491,7.52767595e+20,20000,0,0,0,0,1.51893159736,0,0,0,0,QGSP_BIC_HP,$Name: geant4-11-04-patch-01 [MT]$,1182503,8,0
O16,8,16,5,10,1.14,0.0877192982456,3.763837975e+20,20000,0,0,0,0,0.710273980888,0,0,0,0,QGSP_BIC_HP,$Name: geant4-11-04-patch-01 [MT]$,1182504,8,0
O16,8,16,5,5,1.14,0.0438596491228,1.8819189875e+20,20000,0,0,0,0,0.344977271727,0,0,0,0,QGSP_BIC_HP,$Name: geant4-11-04-patch-01 [MT]$,1182505,8,1
O16,8,16,5.5,80,1.14,0.701754385965,3.01107038e+21,20000,3,0,0,0,5.4977395357,5.1550057819,0,0,0,QGSP_BIC_HP,$Name: geant4-11-04-patch-01 [MT]$,1182550,8,0
O16,8,16,5.5,60,1.14,0.526315789474,2.258302785e+21,20000,0,0,0,0,5.49894248192,0,0,0,0,QGSP_BIC_HP,$Name: geant4-11-04-patch-01 [MT]$,1182551,8,0
O16,8,16,5.5,40,1.14,0.350877192982,1.50553519e+21,20000,1,0,0,0,3.28630232719,5.5,0,0,0,QGSP_BIC_HP,$Name: geant4-11-04-patch-01 [MT]$,1182552,8,0
O16,8,16,5.5,20,1.14,0.175438596491,7.52767595e+20,20000,2,0,0,0,1.38630106784,5.5,0,0,0,QGSP_BIC_HP,$Name: geant4-11-04-patch-01 [MT]$,1182553,8,0
O16,8,16,5.5,10,1.14,0.0877192982456,3.763837975e+20,20000,1,0,0,0,0.655177522597,5.5,0,0,0,QGSP_BIC_HP,$Name: geant4-11-04-patch-01 [MT]$,1182554,8,0
O16,8,16,5.5,5,1.14,0.0438596491228,1.8819189875e+20,20000,0,0,0,0,0.319899155548,0,0,0,0,QGSP_BIC_HP,$Name: geant4-11-04-patch-01 [MT]$,1182555,8,1
O16,8,16,6,80,1.14,0.701754385965,3.01107038e+21,20000,2,0,0,0,5.99895612518,4.97905793271,0,0,0,QGSP_BIC_HP,$Name: geant4-11-04-patch-01 [MT]$,1182600,8,0
O16,8,16,6,60,1.14,0.526315789474,2.258302785e+21,20000,2,0,0,0,5.97926521878,6,0,0,0,QGSP_BIC_HP,$Name: geant4-11-04-patch-01 [MT]$,1182601,8,0
O16,8,16,6,40,1.14,0.350877192982,1.50553519e+21,20000,1,0,0,0,2.88892605048,6,0,0,0,QGSP_BIC_HP,$Name: geant4-11-04-patch-01 [MT]$,1182602,8,0
O16,8,16,6,20,1.14,0.175438596491,7.52767595e+20,20000,1,0,0,0,1.27664471074,6,0,0,0,QGSP_BIC_HP,$Name: geant4-11-04-patch-01 [MT]$,1182603,8,0
O16,8,16,6,10,1.14,0.0877192982456,3.763837975e+20,20000,0,0,0,0,0.609590289872,0,0,0,0,QGSP_BIC_HP,$Name: geant4-11-04-patch-01 [MT]$,1182604,8,0
O16,8,16,6,5,1.14,0.0438596491228,1.8819189875e+20,20000,0,0,0,0,0.298323011735,0,0,0,0,QGSP_BIC_HP,$Name: geant4-11-04-patch-01 [MT]$,1182605,8,1
O16,8,16,7,80,1.14,0.701754385965,3.01107038e+21,20000,6,0,0,0,6.99611692379,5.68048045463,0,0,0,QGSP_BIC_HP,$Name: geant4-11-04-patch-01 [MT]$,1182700,8,0
O16,8,16,7,60,1.14,0.526315789474,2.258302785e+21,20000,5,0,0,0,4.0723773426,5.66098846326,0,0,0,QGSP_BIC_HP,$Name: geant4-11-04-patch-01 [MT]$,1182701,8,0
O16,8,16,7,40,1.14,0.350877192982,1.50553519e+21,20000,2,0,0,0,2.40856690338,7,0,0,0,QGSP_BIC_HP,$Name: geant4-11-04-patch-01 [MT]$,1182702,8,0
O16,8,16,7,20,1.14,0.175438596491,7.52767595e+20,20000,4,0,0,0,1.10840884678,6.78028982959,0,0,0,QGSP_BIC_HP,$Name: geant4-11-04-patch-01 [MT]$,1182703,8,0
O16,8,16,7,10,1.14,0.0877192982456,3.763837975e+20,20000,0,0,0,0,0.536700904505,0,0,0,0,QGSP_BIC_HP,$Name: geant4-11-04-patch-01 [MT]$,1182704,8,0
O16,8,16,7,5,1.14,0.0438596491228,1.8819189875e+20,20000,0,0,0,0,0.264179019778,0,0,0,0,QGSP_BIC_HP,$Name: geant4-11-04-patch-01 [MT]$,1182705,8,1
O16,8,16,8,80,1.14,0.701754385965,3.01107038e+21,20000,9,0,0,0,5.04700390412,7.45910113007,0,0,0,QGSP_BIC_HP,$Name: geant4-11-04-patch-01 [MT]$,1182800,8,0
O16,8,16,8,60,1.14,0.526315789474,2.258302785e+21,20000,9,0,0,0,3.39268023416,7.1339488087,0,0,0,QGSP_BIC_HP,$Name: geant4-11-04-patch-01 [MT]$,1182801,8,0
O16,8,16,8,40,1.14,0.350877192982,1.50553519e+21,20000,3,0,0,0,2.0965965505,7.67283706061,0,0,0,QGSP_BIC_HP,$Name: geant4-11-04-patch-01 [MT]$,1182802,8,0
O16,8,16,8,20,1.14,0.175438596491,7.52767595e+20,20000,1,0,0,0,0.987277399142,8,0,0,0,QGSP_BIC_HP,$Name: geant4-11-04-patch-01 [MT]$,1182803,8,0
O16,8,16,8,10,1.14,0.0877192982456,3.763837975e+20,20000,1,0,0,0,0.480349711164,8,0,0,0,QGSP_BIC_HP,$Name: geant4-11-04-patch-01 [MT]$,1182804,8,1
O16,8,16,9,80,1.14,0.701754385965,3.01107038e+21,20000,13,0,0,0,4.23123000505,7.89237778348,0,0,0,QGSP_BIC_HP,$Name: geant4-11-04-patch-01 [MT]$,1182900,8,0
O16,8,16,9,60,1.14,0.526315789474,2.258302785e+21,20000,7,0,0,0,2.96035491001,8.16824644283,0,0,0,QGSP_BIC_HP,$Name: geant4-11-04-patch-01 [MT]$,1182901,8,0
O16,8,16,9,40,1.14,0.350877192982,1.50553519e+21,20000,4,0,0,0,1.86772766391,8.49700737079,0,0,0,QGSP_BIC_HP,$Name: geant4-11-04-patch-01 [MT]$,1182902,8,0
O16,8,16,9,20,1.14,0.175438596491,7.52767595e+20,20000,6,0,0,0,0.891015327324,9,0,0,0,QGSP_BIC_HP,$Name: geant4-11-04-patch-01 [MT]$,1182903,8,0
O16,8,16,9,10,1.14,0.0877192982456,3.763837975e+20,20000,1,0,0,0,0.43689571558,9,0,0,0,QGSP_BIC_HP,$Name: geant4-11-04-patch-01 [MT]$,1182904,8,1
O16,8,16,10,80,1.14,0.701754385965,3.01107038e+21,20000,15,0,1,0,3.71123817362,9.15133646631,0,10,0,QGSP_BIC_HP,$Name: geant4-11-04-patch-01 [MT]$,1183000,8,0
O16,8,16,10,60,1.14,0.526315789474,2.258302785e+21,20000,15,0,1,0,2.64636288606,9.00395089845,0,10,0,QGSP_BIC_HP,$Name: geant4-11-04-patch-01 [MT]$,1183001,8,0
O16,8,16,10,40,1.14,0.350877192982,1.50553519e+21,20000,13,0,0,0,1.68807490474,9.75565003361,0,0,0,QGSP_BIC_HP,$Name: geant4-11-04-patch-01 [MT]$,1183002,8,0
O16,8,16,10,20,1.14,0.175438596491,7.52767595e+20,20000,6,0,0,0,0.813974395012,10,0,0,0,QGSP_BIC_HP,$Name: geant4-11-04-patch-01 [MT]$,1183003,8,0
O16,8,16,10,10,1.14,0.0877192982456,3.763837975e+20,20000,4,0,0,0,0.400306287775,10,0,0,0,QGSP_BIC_HP,$Name: geant4-11-04-patch-01 [MT]$,1183004,8,1
O16,8,16,11,80,1.14,0.701754385965,3.01107038e+21,20000,20,0,0,0,3.33100609109,10.0282939647,0,0,0,QGSP_BIC_HP,$Name: geant4-11-04-patch-01 [MT]$,1183100,8,0
O16,8,16,11,60,1.14,0.526315789474,2.258302785e+21,20000,15,0,1,0,2.40411098174,10.4501626085,0,11,0,QGSP_BIC_HP,$Name: geant4-11-04-patch-01 [MT]$,1183101,8,0
O16,8,16,11,40,1.14,0.350877192982,1.50553519e+21,20000,8,0,1,0,1.55142550545,10.8740633098,0,11,0,QGSP_BIC_HP,$Name: geant4-11-04-patch-01 [MT]$,1183102,8,0
O16,8,16,11,20,1.14,0.175438596491,7.52767595e+20,20000,5,0,0,0,0.752156903368,11,0,0,0,QGSP_BIC_HP,$Name: geant4-11-04-patch-01 [MT]$,1183103,8,0
O16,8,16,11,10,1.14,0.0877192982456,3.763837975e+20,20000,2,0,0,0,0.370293666842,11,0,0,0,QGSP_BIC_HP,$Name: geant4-11-04-patch-01 [MT]$,1183104,8,1
O16,8,16,12,80,1.14,0.701754385965,3.01107038e+21,20000,19,0,2,0,3.04543612187,11.0078521467,0,10.954543115,0,QGSP_BIC_HP,$Name: geant4-11-04-patch-01 [MT]$,1183200,8,0
O16,8,16,12,60,1.14,0.526315789474,2.258302785e+21,20000,14,0,3,0,2.21299391161,11.3847501303,0,12,0,QGSP_BIC_HP,$Name: geant4-11-04-patch-01 [MT]$,1183201,8,0
O16,8,16,12,40,1.14,0.350877192982,1.50553519e+21,20000,15,0,1,0,1.43369772064,11.7138115756,0,12,0,QGSP_BIC_HP,$Name: geant4-11-04-patch-01 [MT]$,1183202,8,0
O16,8,16,12,20,1.14,0.175438596491,7.52767595e+20,20000,8,0,0,0,0.698107973781,12,0,0,0,QGSP_BIC_HP,$Name: geant4-11-04-patch-01 [MT]$,1183203,8,0
O16,8,16,12,10,1.14,0.0877192982456,3.763837975e+20,20000,3,0,1,0,0.344484591045,12,0,12,0,QGSP_BIC_HP,$Name: geant4-11-04-patch-01 [MT]$,1183204,8,1
O16,8,16,14,80,1.14,0.701754385965,3.01107038e+21,20000,27,0,3,0,2.61268181806,13.1909030146,0,13.2064733544,0,QGSP_BIC_HP,$Name: geant4-11-04-patch-01 [MT]$,1183400,8,0
O16,8,16,14,60,1.14,0.526315789474,2.258302785e+21,20000,19,0,1,0,1.9164390321,13.6428092271,0,14,0,QGSP_BIC_HP,$Name: geant4-11-04-patch-01 [MT]$,1183401,8,0
O16,8,16,14,40,1.14,0.350877192982,1.50553519e+21,20000,12,0,0,0,1.25126705576,14,0,0,0,QGSP_BIC_HP,$Name: geant4-11-04-patch-01 [MT]$,1183402,8,0
O16,8,16,14,20,1.14,0.175438596491,7.52767595e+20,20000,5,0,1,0,0.613677086383,14,0,14,0,QGSP_BIC_HP,$Name: geant4-11-04-patch-01 [MT]$,1183403,8,0
O16,8,16,14,10,1.14,0.0877192982456,3.763837975e+20,20000,1,0,0,0,0.30381468083,14,0,0,0,QGSP_BIC_HP,$Name: geant4-11-04-patch-01 [MT]$,1183404,8,1
O16,8,16,16,80,1.14,0.701754385965,3.01107038e+21,20000,27,0,0,0,2.30998373542,15.5054117337,0,0,0,QGSP_BIC_HP,$Name: geant4-11-04-patch-01 [MT]$,1183600,8,0
O16,8,16,16,60,1.14,0.526315789474,2.258302785e+21,20000,25,0,0,0,1.69667197742,15.7610322979,0,0,0,QGSP_BIC_HP,$Name: geant4-11-04-patch-01 [MT]$,1183601,8,0
O16,8,16,16,40,1.14,0.350877192982,1.50553519e+21,20000,13,0,0,0,1.11627841749,16,0,0,0,QGSP_BIC_HP,$Name: geant4-11-04-patch-01 [MT]$,1183602,8,0
O16,8,16,16,20,1.14,0.175438596491,7.52767595e+20,20000,6,0,0,0,0.549340479883,16,0,0,0,QGSP_BIC_HP,$Name: geant4-11-04-patch-01 [MT]$,1183603,8,0
O16,8,16,16,10,1.14,0.0877192982456,3.763837975e+20,20000,3,0,0,0,0.27262418152,16,0,0,0,QGSP_BIC_HP,$Name: geant4-11-04-patch-01 [MT]$,1183604,8,1
O16,8,16,18,80,1.14,0.701754385965,3.01107038e+21,20000,34,0,1,0,2.07401344207,17.6301768402,0,16.7670705554,0,QGSP_BIC_HP,$Name: geant4-11-04-patch-01 [MT]$,1183800,8,0
O16,8,16,18,60,1.14,0.526315789474,2.258302785e+21,20000,32,0,0,0,1.53172558395,17.8304172436,0,0,0,QGSP_BIC_HP,$Name: geant4-11-04-patch-01 [MT]$,1183801,8,0
O16,8,16,18,40,1.14,0.350877192982,1.50553519e+21,20000,15,0,1,0,1.00795782373,18,0,18,0,QGSP_BIC_HP,$Name: geant4-11-04-patch-01 [MT]$,1183802,8,0
O16,8,16,18,20,1.14,0.175438596491,7.52767595e+20,20000,5,0,0,0,0.49860132084,18,0,0,0,QGSP_BIC_HP,$Name: geant4-11-04-patch-01 [MT]$,1183803,8,1
O16,8,16,20,80,1.14,0.701754385965,3.01107038e+21,20000,39,0,0,1,1.88154330001,19.6766359581,0,0,20,QGSP_BIC_HP,$Name: geant4-11-04-patch-01 [MT]$,1184000,8,0
O16,8,16,20,60,1.14,0.526315789474,2.258302785e+21,20000,32,0,0,0,1.39719466705,20,0,0,0,QGSP_BIC_HP,$Name: geant4-11-04-patch-01 [MT]$,1184001,8,0
O16,8,16,20,40,1.14,0.350877192982,1.50553519e+21,20000,17,0,0,0,0.921487139177,20,0,0,0,QGSP_BIC_HP,$Name: geant4-11-04-patch-01 [MT]$,1184002,8,0
O16,8,16,20,20,1.14,0.175438596491,7.52767595e+20,20000,7,0,0,0,0.456930958761,20,0,0,0,QGSP_BIC_HP,$Name: geant4-11-04-patch-01 [MT]$,1184003,8,1
O16,8,16,22,80,1.14,0.701754385965,3.01107038e+21,20000,30,0,0,0,1.73136534827,21.8524404904,0,0,0,QGSP_BIC_HP,$Name: geant4-11-04-patch-01 [MT]$,1184200,8,0
O16,8,16,22,60,1.14,0.526315789474,2.258302785e+21,20000,28,0,0,1,1.28877412076,22,0,0,22,QGSP_BIC_HP,$Name: geant4-11-04-patch-01 [MT]$,1184201,8,0
O16,8,16,22,40,1.14,0.350877192982,1.50553519e+21,20000,14,0,1,0,0.85117592044,22,0,22,0,QGSP_BIC_HP,$Name: geant4-11-04-patch-01 [MT]$,1184202,8,0
O16,8,16,22,20,1.14,0.175438596491,7.52767595e+20,20000,8,0,0,0,0.422544937156,22,0,0,0,QGSP_BIC_HP,$Name: geant4-11-04-patch-01 [MT]$,1184203,8,1
O16,8,16,24,80,1.14,0.701754385965,3.01107038e+21,20000,38,0,0,2,1.60549252812,24,0,0,24,QGSP_BIC_HP,$Name: geant4-11-04-patch-01 [MT]$,1184400,8,0
O16,8,16,24,60,1.14,0.526315789474,2.258302785e+21,20000,26,0,0,1,1.19489934719,24,0,0,24,QGSP_BIC_HP,$Name: geant4-11-04-patch-01 [MT]$,1184401,8,0
O16,8,16,24,40,1.14,0.350877192982,1.50553519e+21,20000,12,0,0,1,0.792260238293,24,0,0,24,QGSP_BIC_HP,$Name: geant4-11-04-patch-01 [MT]$,1184402,8,0
O16,8,16,24,20,1.14,0.175438596491,7.52767595e+20,20000,6,0,0,0,0.392898581309,24,0,0,0,QGSP_BIC_HP,$Name: geant4-11-04-patch-01 [MT]$,1184403,8,1
O16,8,16,26,80,1.14,0.701754385965,3.01107038e+21,20000,29,0,0,0,1.49902911129,26,0,0,0,QGSP_BIC_HP,$Name: geant4-11-04-patch-01 [MT]$,1184600,8,0
O16,8,16,26,60,1.14,0.526315789474,2.258302785e+21,20000,23,0,0,0,1.11806751485,26,0,0,0,QGSP_BIC_HP,$Name: geant4-11-04-patch-01 [MT]$,1184601,8,0
O16,8,16,26,40,1.14,0.350877192982,1.50553519e+21,20000,12,0,0,0,0.741904393414,26,0,0,0,QGSP_BIC_HP,$Name: geant4-11-04-patch-01 [MT]$,1184602,8,0
O16,8,16,26,20,1.14,0.175438596491,7.52767595e+20,20000,5,0,0,1,0.36823977056,26,0,0,26,QGSP_BIC_HP,$Name: geant4-11-04-patch-01 [MT]$,1184603,8,1
O16,8,16,28,80,1.14,0.701754385965,3.01107038e+21,20000,35,0,0,6,1.40813795376,28,0,0,28,QGSP_BIC_HP,$Name: geant4-11-04-patch-01 [MT]$,1184800,8,0
O16,8,16,28,60,1.14,0.526315789474,2.258302785e+21,20000,31,0,0,9,1.05074472757,28,0,0,28,QGSP_BIC_HP,$Name: geant4-11-04-patch-01 [MT]$,1184801,8,0
O16,8,16,28,40,1.14,0.350877192982,1.50553519e+21,20000,12,0,0,2,0.697121017445,28,0,0,28,QGSP_BIC_HP,$Name: geant4-11-04-patch-01 [MT]$,1184802,8,0
O16,8,16,28,20,1.14,0.175438596491,7.52767595e+20,20000,8,0,0,1,0.346685198067,28,0,0,28,QGSP_BIC_HP,$Name: geant4-11-04-patch-01 [MT]$,1184803,8,1
O16,8,16,30,80,1.14,0.701754385965,3.01107038e+21,20000,32,0,0,8,1.32709229243,30,0,0,30,QGSP_BIC_HP,$Name: geant4-11-04-patch-01 [MT]$,1185000,8,0
O16,8,16,30,60,1.14,0.526315789474,2.258302785e+21,20000,23,0,1,5,0.993348042201,30,0,30,30,QGSP_BIC_HP,$Name: geant4-11-04-patch-01 [MT]$,1185001,8,0
O16,8,16,30,40,1.14,0.350877192982,1.50553519e+21,20000,20,0,0,2,0.657830182717,30,0,0,30,QGSP_BIC_HP,$Name: geant4-11-04-patch-01 [MT]$,1185002,8,0
O16,8,16,30,20,1.14,0.175438596491,7.52767595e+20,20000,11,0,0,0,0.328064569133,30,0,0,0,QGSP_BIC_HP,$Name: geant4-11-04-patch-01 [MT]$,1185003,8,1
O16,8,16,35,80,1.14,0.701754385965,3.01107038e+21,20000,26,0,0,2,1.16882416756,35,0,0,35,QGSP_BIC_HP,$Name: geant4-11-04-patch-01 [MT]$,1185500,8,0
O16,8,16,35,60,1.14,0.526315789474,2.258302785e+21,20000,21,0,0,5,0.873247135717,35,0,0,35,QGSP_BIC_HP,$Name: geant4-11-04-patch-01 [MT]$,1185501,8,0
O16,8,16,35,40,1.14,0.350877192982,1.50553519e+21,20000,13,0,0,3,0.581328590117,35,0,0,35,QGSP_BIC_HP,$Name: geant4-11-04-patch-01 [MT]$,1185502,8,0
O16,8,16,35,20,1.14,0.175438596491,7.52767595e+20,20000,4,0,0,1,0.28923844318,35,0,0,35,QGSP_BIC_HP,$Name: geant4-11-04-patch-01 [MT]$,1185503,8,1
O16,8,16,40,80,1.14,0.701754385965,3.01107038e+21,20000,28,1,0,4,1.04847852628,40,40,0,40,QGSP_BIC_HP,$Name: geant4-11-04-patch-01 [MT]$,1186000,8,0
O16,8,16,40,60,1.14,0.526315789474,2.258302785e+21,20000,19,1,0,7,0.783573437039,40,40,0,40,QGSP_BIC_HP,$Name: geant4-11-04-patch-01 [MT]$,1186001,8,0
O16,8,16,40,40,1.14,0.350877192982,1.50553519e+21,20000,11,0,1,2,0.521066458954,40,0,40,40,QGSP_BIC_HP,$Name: geant4-11-04-patch-01 [MT]$,1186002,8,0
O16,8,16,40,20,1.14,0.175438596491,7.52767595e+20,20000,6,0,0,1,0.259128590542,40,0,0,40,QGSP_BIC_HP,$Name: geant4-11-04-patch-01 [MT]$,1186003,8,1
O16,8,16,45,80,1.14,0.701754385965,3.01107038e+21,20000,23,3,0,1,0.952080935113,45,45,0,45,QGSP_BIC_HP,$Name: geant4-11-04-patch-01 [MT]$,1186500,8,0
O16,8,16,45,60,1.14,0.526315789474,2.258302785e+21,20000,25,2,0,5,0.71194513453,45,45,0,45,QGSP_BIC_HP,$Name: geant4-11-04-patch-01 [MT]$,1186501,8,0
O16,8,16,45,40,1.14,0.350877192982,1.50553519e+21,20000,15,1,0,1,0.474705814601,45,45,0,45,QGSP_BIC_HP,$Name: geant4-11-04-patch-01 [MT]$,1186502,8,1
O16,8,16,50,80,1.14,0.701754385965,3.01107038e+21,20000,21,3,0,0,0.874168426863,50,50,0,0,QGSP_BIC_HP,$Name: geant4-11-04-patch-01 [MT]$,1187000,8,0
O16,8,16,50,60,1.14,0.526315789474,2.258302785e+21,20000,21,0,0,5,0.654769649927,50,0,0,50,QGSP_BIC_HP,$Name: geant4-11-04-patch-01 [MT]$,1187001,8,0
O16,8,16,50,40,1.14,0.350877192982,1.50553519e+21,20000,11,1,0,1,0.433203300251,50,50,0,50,QGSP_BIC_HP,$Name: geant4-11-04-patch-01 [MT]$,1187002,8,1
O16,8,16,55,80,1.14,0.701754385965,3.01107038e+21,20000,22,0,0,4,0.809661693899,55,0,0,55,QGSP_BIC_HP,$Name: geant4-11-04-patch-01 [MT]$,1187500,8,0
O16,8,16,55,60,1.14,0.526315789474,2.258302785e+21,20000,18,0,0,3,0.606104530309,55,0,0,55,QGSP_BIC_HP,$Name: geant4-11-04-patch-01 [MT]$,1187501,8,0
O16,8,16,55,40,1.14,0.350877192982,1.50553519e+21,20000,13,1,0,5,0.401708939803,55,55,0,55,QGSP_BIC_HP,$Name: geant4-11-04-patch-01 [MT]$,1187502,8,1
O16,8,16,60,80,1.14,0.701754385965,3.01107038e+21,20000,28,2,0,2,0.755184187978,60,60,0,60,QGSP_BIC_HP,$Name: geant4-11-04-patch-01 [MT]$,1188000,8,0
O16,8,16,60,60,1.14,0.526315789474,2.258302785e+21,20000,13,0,0,2,0.564630701377,60,0,0,60,QGSP_BIC_HP,$Name: geant4-11-04-patch-01 [MT]$,1188001,8,0
O16,8,16,60,40,1.14,0.350877192982,1.50553519e+21,20000,13,3,0,1,0.376073030949,60,60,0,60,QGSP_BIC_HP,$Name: geant4-11-04-patch-01 [MT]$,1188002,8,1
O16,8,16,65,80,1.14,0.701754385965,3.01107038e+21,20000,35,2,0,4,0.710328302816,65,65,0,65,QGSP_BIC_HP,$Name: geant4-11-04-patch-01 [MT]$,1188500,8,0
O16,8,16,65,60,1.14,0.526315789474,2.258302785e+21,20000,13,0,0,2,0.53053129801,65,0,0,65,QGSP_BIC_HP,$Name: geant4-11-04-patch-01 [MT]$,1188501,8,0
O16,8,16,65,40,1.14,0.350877192982,1.50553519e+21,20000,17,0,0,6,0.353096077602,65,0,0,65,QGSP_BIC_HP,$Name: geant4-11-04-patch-01 [MT]$,1188502,8,0
O16,8,16,65,20,1.14,0.175438596491,7.52767595e+20,20000,5,0,0,0,0.176937038834,65,0,0,0,QGSP_BIC_HP,$Name: geant4-11-04-patch-01 [MT]$,1188503,8,1
O16,8,16,70,80,1.14,0.701754385965,3.01107038e+21,20000,27,0,1,6,0.667353987264,70,0,70,70,QGSP_BIC_HP,$Name: geant4-11-04-patch-01 [MT]$,1189000,8,0
O16,8,16,70,60,1.14,0.526315789474,2.258302785e+21,20000,22,0,0,4,0.500591511218,70,0,0,70,QGSP_BIC_HP,$Name: geant4-11-04-patch-01 [MT]$,1189001,8,0
O16,8,16,70,40,1.14,0.350877192982,1.50553519e+21,20000,12,0,0,0,0.334287286302,70,0,0,0,QGSP_BIC_HP,$Name: geant4-11-04-patch-01 [MT]$,1189002,8,1
O16,8,16,75,80,1.14,0.701754385965,3.01107038e+21,20000,18,0,0,1,0.633072616269,75,0,0,75,QGSP_BIC_HP,$Name: geant4-11-04-patch-01 [MT]$,1189500,8,0
O16,8,16,75,60,1.14,0.526315789474,2.258302785e+21,20000,10,1,0,1,0.475618800138,75,75,0,75,QGSP_BIC_HP,$Name: geant4-11-04-patch-01 [MT]$,1189501,8,1
O16,8,16,80,80,1.14,0.701754385965,3.01107038e+21,20000,21,2,0,2,0.60346385695,80,80,0,80,QGSP_BIC_HP,$Name: geant4-11-04-patch-01 [MT]$,1190000,8,0
O16,8,16,80,60,1.14,0.526315789474,2.258302785e+21,20000,19,3,1,3,0.451461787106,80,80,80,80,QGSP_BIC_HP,$Name: geant4-11-04-patch-01 [MT]$,1190001,8,0
O16,8,16,80,40,1.14,0.350877192982,1.50553519e+21,20000,8,2,0,3,0.301452698584,80,80,0,80,QGSP_BIC_HP,$Name: geant4-11-04-patch-01 [MT]$,1190002,8,1
O16,8,16,85,80,1.14,0.701754385965,3.01107038e+21,20000,19,1,0,2,0.575453011574,85,85,0,85,QGSP_BIC_HP,$Name: geant4-11-04-patch-01 [MT]$,1190500,8,0
O16,8,16,85,60,1.14,0.526315789474,2.258302785e+21,20000,13,2,0,4,0.431515502011,85,85,0,85,QGSP_BIC_HP,$Name: geant4-11-04-patch-01 [MT]$,1190501,8,1
O16,8,16,90,80,1.14,0.701754385965,3.01107038e+21,20000,19,2,0,5,0.551060505594,90,90,0,90,QGSP_BIC_HP,$Name: geant4-11-04-patch-01 [MT]$,1191000,8,0
O16,8,16,90,60,1.14,0.526315789474,2.258302785e+21,20000,18,0,1,6,0.413086724838,90,0,90,90,QGSP_BIC_HP,$Name: geant4-11-04-patch-01 [MT]$,1191001,8,0
O16,8,16,90,40,1.14,0.350877192982,1.50553519e+21,20000,7,0,0,1,0.275577122621,90,0,0,90,QGSP_BIC_HP,$Name: geant4-11-04-patch-01 [MT]$,1191002,8,1
O16,8,16,95,80,1.14,0.701754385965,3.01107038e+21,20000,13,0,1,2,0.52895011884,95,0,95,95,QGSP_BIC_HP,$Name: geant4-11-04-patch-01 [MT]$,1191500,8,0
O16,8,16,95,60,1.14,0.526315789474,2.258302785e+21,20000,12,2,0,1,0.398064306348,95,95,0,95,QGSP_BIC_HP,$Name: geant4-11-04-patch-01 [MT]$,1191501,8,1
O16,8,16,100,80,1.14,0.701754385965,3.01107038e+21,20000,17,0,0,0,0.509988813752,100,0,0,0,QGSP_BIC_HP,$Name: geant4-11-04-patch-01 [MT]$,1192000,8,0
O16,8,16,100,60,1.14,0.526315789474,2.258302785e+21,20000,15,3,0,2,0.382441881773,100,100,0,100,QGSP_BIC_HP,$Name: geant4-11-04-patch-01 [MT]$,1192001,8,1
O16,8,16,105,80,1.14,0.701754385965,3.01107038e+21,20000,15,1,0,4,0.492003881654,105,105,0,105,QGSP_BIC_HP,$Name: geant4-11-04-patch-01 [MT]$,1192500,8,1
O16,8,16,110,80,1.14,0.701754385965,3.01107038e+21,20000,16,0,0,5,0.474882133301,110,0,0,110,QGSP_BIC_HP,$Name: geant4-11-04-patch-01 [MT]$,1193000,8,1
O16,8,16,115,80,1.14,0.701754385965,3.01107038e+21,20000,17,1,0,5,0.460389570573,115,115,0,115,QGSP_BIC_HP,$Name: geant4-11-04-patch-01 [MT]$,1193500,8,0
O16,8,16,115,60,1.14,0.526315789474,2.258302785e+21,20000,7,0,0,2,0.345818536321,114.95837605,0,0,115,QGSP_BIC_HP,$Name: geant4-11-04-patch-01 [MT]$,1193501,8,1
O16,8,16,120,80,1.14,0.701754385965,3.01107038e+21,20000,22,0,0,6,0.445632277532,120,0,0,120,QGSP_BIC_HP,$Name: geant4-11-04-patch-01 [MT]$,1194000,8,0
O16,8,16,120,60,1.14,0.526315789474,2.258302785e+21,20000,19,1,0,4,0.334244824612,120,120,0,120,QGSP_BIC_HP,$Name: geant4-11-04-patch-01 [MT]$,1194001,8,0
O16,8,16,120,40,1.14,0.350877192982,1.50553519e+21,20000,7,0,0,1,0.222551540606,120,0,0,120,QGSP_BIC_HP,$Name: geant4-11-04-patch-01 [MT]$,1194002,8,1
