target,target_z,target_a,energy_MeV,areal_mg_cm2,density_g_cm3,thickness_mm,nuclear_areal_density_cm2,n_protons,n_inelastic,n_c11,n_n13,n_o15,mean_continuous_loss_MeV,mean_inelastic_energy_MeV,mean_c11_energy_MeV,mean_n13_energy_MeV,mean_o15_energy_MeV,physics_list,geant4_version,seed,threads,batch_count,stopping_condition
C12,6,12,5,5,2,0.025,2.50922531667e+20,100000,0,0,0,0,0.370793787857,0.0,0.0,0.0,0.0,QGSP_BIC_HP,$Name: geant4-11-04-patch-01 [MT]$,3665000,8,1,below_threshold
C12,6,12,5.5,5,2,0.025,2.50922531667e+20,100000,0,0,0,0,0.342025310745,0.0,0.0,0.0,0.0,QGSP_BIC_HP,$Name: geant4-11-04-patch-01 [MT]$,3665500,8,1,below_threshold
C12,6,12,6,5,2,0.025,2.50922531667e+20,100000,2,0,0,0,0.317848410763,6.0,0.0,0.0,0.0,QGSP_BIC_HP,$Name: geant4-11-04-patch-01 [MT]$,3666000,8,1,below_threshold
C12,6,12,7,5,2,0.025,2.50922531667e+20,100000,1,0,0,0,0.279409265123,7.0,0.0,0.0,0.0,QGSP_BIC_HP,$Name: geant4-11-04-patch-01 [MT]$,3667000,8,1,below_threshold
C12,6,12,8,5,2,0.025,2.50922531667e+20,100000,3,0,0,0,0.249987388078,8.0,0.0,0.0,0.0,QGSP_BIC_HP,$Name: geant4-11-04-patch-01 [MT]$,3668000,8,1,below_threshold
C12,6,12,9,10,2,0.05,5.01845063333e+20,100000,6,0,0,0,0.458096558941,9.0,0.0,0.0,0.0,QGSP_BIC_HP,$Name: geant4-11-04-patch-01 [MT]$,3669000,8,1,below_threshold
C12,6,12,10,10,2,0.05,5.01845063333e+20,100000,10,0,0,0,0.419005167748,10.0,0.0,0.0,0.0,QGSP_BIC_HP,$Name: geant4-11-04-patch-01 [MT]$,3670000,8,1,below_threshold
C12,6,12,11,10,2,0.05,5.01845063333e+20,100000,9,0,0,0,0.3863145568660001,11.0,0.0,0.0,0.0,QGSP_BIC_HP,$Name: geant4-11-04-patch-01 [MT]$,3671000,8,1,below_threshold
C12,6,12,12,10,2,0.05,5.01845063333e+20,100000,9,0,0,0,0.35926319748,12.0,0.0,0.0,0.0,QGSP_BIC_HP,$Name: geant4-11-04-patch-01 [MT]$,3672000,8,1,below_threshold
C12,6,12,14,10,2,0.05,5.01845063333e+20,100000,12,0,0,0,0.316078159517,14.0,0.0,0.0,0.0,QGSP_BIC_HP,$Name: geant4-11-04-patch-01 [MT]$,3674000,8,1,below_threshold
C12,6,12,16,10,2,0.05,5.01845063333e+20,100000,20,0,0,0,0.282899302857,16.0,0.0,0.0,0.0,QGSP_BIC_HP,$Name: geant4-11-04-patch-01 [MT]$,3676000,8,1,below_threshold
C12,6,12,18,10,2,0.05,5.01845063333e+20,100000,14,0,0,0,0.256491350721,18.0,0.0,0.0,0.0,QGSP_BIC_HP,$Name: geant4-11-04-patch-01 [MT]$,3678000,8,1,proton_cap
C12,6,12,20,20,2,0.1,1.00369012667e+21,100000,50,0,0,0,0.47228185895,20.0,0.0,0.0,0.0,QGSP_BIC_HP,$Name: geant4-11-04-patch-01 [MT]$,3680000,8,1,proton_cap
C12,6,12,22,20,2,0.1,1.00369012667e+21,100000,49,0,0,0,0.436338124541,22.0,0.0,0.0,0.0,QGSP_BIC_HP,$Name: geant4-11-04-patch-01 [MT]$,3682000,8,1,proton_cap
C12,6,12,24,20,2,0.1,1.00369012667e+21,100000,44,0,0,0,0.405761240644,24.0,0.0,0.0,0.0,QGSP_BIC_HP,$Name: geant4-11-04-patch-01 [MT]$,3684000,8,1,proton_cap
C12,6,12,26,20,2,0.1,1.00369012667e+21,100000,63,0,0,0,0.379633237863,26.0,0.0,0.0,0.0,QGSP_BIC_HP,$Name: geant4-11-04-patch-01 [MT]$,3686000,8,1,proton_cap
C12,6,12,28,20,2,0.1,1.00369012667e+21,100000,50,0,0,0,0.356936758465,28.0,0.0,0.0,0.0,QGSP_BIC_HP,$Name: geant4-11-04-patch-01 [MT]$,3688000,8,1,proton_cap
C12,6,12,30,20,2,0.1,1.00369012667e+21,100000,36,0,0,0,0.337217020694,30.0,0.0,0.0,0.0,QGSP_BIC_HP,$Name: geant4-11-04-patch-01 [MT]$,3690000,8,1,proton_cap
C12,6,12,35,20,2,0.1,1.00369012667e+21,100000,33,0,0,0,0.296536819029,35.0,0.0,0.0,0.0,QGSP_BIC_HP,$Name: geant4-11-04-patch-01 [MT]$,3695000,8,1,proton_cap
C12,6,12,40,20,2,0.1,1.00369012667e+21,100000,40,0,0,0,0.266067648392,39.997707621,0.0,0.0,0.0,QGSP_BIC_HP,$Name: geant4-11-04-patch-01 [MT]$,3700000,8,1,proton_cap
C12,6,12,45,40,2,0.2,2.00738025333e+21,100000,62,0,0,0,0.485974575126,45.0,0.0,0.0,0.0,QGSP_BIC_HP,$Name: geant4-11-04-patch-01 [MT]$,3705000,8,1,proton_cap
C12,6,12,50,40,2,0.2,2.00738025333e+21,100000,81,9,0,0,0.444816325212,50.0,50.0,0.0,0.0,QGSP_BIC_HP,$Name: geant4-11-04-patch-01 [MT]$,3710000,8,1,proton_cap
C12,6,12,55,40,2,0.2,2.00738025333e+21,100000,67,10,0,0,0.412532936766,55.0,55.0,0.0,0.0,QGSP_BIC_HP,$Name: geant4-11-04-patch-01 [MT]$,3715000,8,1,proton_cap
C12,6,12,60,40,2,0.2,2.00738025333e+21,100000,75,9,0,0,0.385262258164,60.0,60.0,0.0,0.0,QGSP_BIC_HP,$Name: geant4-11-04-patch-01 [MT]$,3720000,8,1,proton_cap
C12,6,12,65,20,2,0.1,1.00369012667e+21,100000,37,4,0,0,0.180866072459,65.0,65.0,0.0,0.0,QGSP_BIC_HP,$Name: geant4-11-04-patch-01 [MT]$,3725000,8,1,proton_cap
C12,6,12,70,40,2,0.2,2.00738025333e+21,100000,64,14,0,0,0.341471053535,70.0,70.0,0.0,0.0,QGSP_BIC_HP,$Name: geant4-11-04-patch-01 [MT]$,3730000,8,1,proton_cap
C12,6,12,75,60,2,0.3,3.01107038e+21,100000,77,12,0,0,0.485797875102,75.0,75.0,0.0,0.0,QGSP_BIC_HP,$Name: geant4-11-04-patch-01 [MT]$,3735000,8,1,proton_cap
C12,6,12,80,60,2,0.3,3.01107038e+21,100000,85,19,0,0,0.462047013262,80.0,80.0,0.0,0.0,QGSP_BIC_HP,$Name: geant4-11-04-patch-01 [MT]$,3740000,8,1,proton_cap
C12,6,12,85,40,2,0.2,2.00738025333e+21,100000,61,11,0,0,0.293980587783,85.0,85.0,0.0,0.0,QGSP_BIC_HP,$Name: geant4-11-04-patch-01 [MT]$,3745000,8,1,proton_cap
C12,6,12,90,60,2,0.3,3.01107038e+21,100000,79,21,0,0,0.42241895429100007,89.993834461,90.0,0.0,0.0,QGSP_BIC_HP,$Name: geant4-11-04-patch-01 [MT]$,3750000,8,1,proton_cap
C12,6,12,95,60,2,0.3,3.01107038e+21,100000,63,12,0,0,0.405611518418,93.8318445494,95.0,0.0,0.0,QGSP_BIC_HP,$Name: geant4-11-04-patch-01 [MT]$,3755000,8,1,proton_cap
C12,6,12,100,60,2,0.3,3.01107038e+21,100000,73,15,0,0,0.390406704991,100.0,100.0,0.0,0.0,QGSP_BIC_HP,$Name: geant4-11-04-patch-01 [MT]$,3760000,8,1,proton_cap
C12,6,12,105,60,2,0.3,3.01107038e+21,100000,84,8,0,0,0.376374475999,105.0,105.0,0.0,0.0,QGSP_BIC_HP,$Name: geant4-11-04-patch-01 [MT]$,3765000,8,1,proton_cap
C12,6,12,110,80,2,0.4,4.01476050667e+21,100000,97,9,0,0,0.485362746911,110.0,110.0,0.0,0.0,QGSP_BIC_HP,$Name: geant4-11-04-patch-01 [MT]$,3770000,8,1,proton_cap
C12,6,12,115,60,2,0.3,3.01107038e+21,100000,56,11,0,0,0.35197710186500003,115.0,115.0,0.0,0.0,QGSP_BIC_HP,$Name: geant4-11-04-patch-01 [MT]$,3775000,8,1,proton_cap
C12,6,12,120,60,2,0.3,3.01107038e+21,100000,74,10,0,0,0.341112128726,120.0,120.0,0.0,0.0,QGSP_BIC_HP,$Name: geant4-11-04-patch-01 [MT]$,3780000,8,1,proton_cap
N14,7,14,5,5,0.81,0.0617283950617,2.15076455714e+20,100000,0,0,0,0,0.359062751243,0.0,0.0,0.0,0.0,QGSP_BIC_HP,$Name: geant4-11-04-patch-01 [MT]$,3795000,8,1,proton_cap
N14,7,14,5.5,5,0.81,0.0617283950617,2.15076455714e+20,100000,1,0,0,0,0.332306657826,5.5,0.0,0.0,0.0,QGSP_BIC_HP,$Name: geant4-11-04-patch-01 [MT]$,3795500,8,1,proton_cap
N14,7,14,6,5,0.81,0.0617283950617,2.15076455714e+20,100000,1,1,0,0,0.309659131855,6.0,6.0,0.0,0.0,QGSP_BIC_HP,$Name: geant4-11-04-patch-01 [MT]$,3796000,8,1,proton_cap
N14,7,14,7,5,0.81,0.0617283950617,2.15076455714e+20,100000,2,2,0,0,0.27324167621,7.0,7.0,0.0,0.0,QGSP_BIC_HP,$Name: geant4-11-04-patch-01 [MT]$,3797000,8,1,proton_cap
N14,7,14,8,10,0.81,0.123456790123,4.30152911429e+20,100000,4,2,0,0,0.497146669448,8.0,8.0,0.0,0.0,QGSP_BIC_HP,$Name: geant4-11-04-patch-01 [MT]$,3798000,8,1,proton_cap
N14,7,14,9,10,0.81,0.123456790123,4.30152911429e+20,100000,7,3,0,0,0.44960207239000005,9.0,9.0,0.0,0.0,QGSP_BIC_HP,$Name: geant4-11-04-patch-01 [MT]$,3799000,8,1,proton_cap
N14,7,14,10,10,0.81,0.123456790123,4.30152911429e+20,100000,12,6,0,0,0.41225758692,10.0,10.0,0.0,0.0,QGSP_BIC_HP,$Name: geant4-11-04-patch-01 [MT]$,3800000,8,1,proton_cap
N14,7,14,11,10,0.81,0.123456790123,4.30152911429e+20,100000,14,9,1,0,0.38091902846,11.0,11.0,11.0,0.0,QGSP_BIC_HP,$Name: geant4-11-04-patch-01 [MT]$,3801000,8,1,proton_cap
N14,7,14,12,10,0.81,0.123456790123,4.30152911429e+20,100000,16,7,0,0,0.354924289384,12.0,12.0,0.0,0.0,QGSP_BIC_HP,$Name: geant4-11-04-patch-01 [MT]$,3802000,8,1,proton_cap
N14,7,14,14,10,0.81,0.123456790123,4.30152911429e+20,100000,16,2,0,0,0.312522861025,14.0,14.0,0.0,0.0,QGSP_BIC_HP,$Name: geant4-11-04-patch-01 [MT]$,3804000,8,1,proton_cap
N14,7,14,16,10,0.81,0.123456790123,4.30152911429e+20,100000,19,4,1,0,0.280215125477,16.0,16.0,16.0,0.0,QGSP_BIC_HP,$Name: geant4-11-04-patch-01 [MT]$,3806000,8,1,proton_cap
N14,7,14,18,10,0.81,0.123456790123,4.30152911429e+20,100000,17,5,0,0,0.25380946018,18.0,18.0,0.0,0.0,QGSP_BIC_HP,$Name: geant4-11-04-patch-01 [MT]$,3808000,8,1,proton_cap
N14,7,14,20,20,0.81,0.246913580247,8.60305822857e+20,100000,41,7,0,0,0.468755723005,19.9581278526,19.7547488509,0.0,0.0,QGSP_BIC_HP,$Name: geant4-11-04-patch-01 [MT]$,3810000,8,1,proton_cap
N14,7,14,22,20,0.81,0.246913580247,8.60305822857e+20,100000,43,7,1,0,0.43295197706099997,22.0,22.0,22.0,0.0,QGSP_BIC_HP,$Name: geant4-11-04-patch-01 [MT]$,3812000,8,1,proton_cap
N14,7,14,24,20,0.81,0.246913580247,8.60305822857e+20,100000,30,7,1,0,0.402701393119,24.0,24.0,24.0,0.0,QGSP_BIC_HP,$Name: geant4-11-04-patch-01 [MT]$,3814000,8,1,proton_cap
N14,7,14,26,20,0.81,0.246913580247,8.60305822857e+20,100000,48,5,0,0,0.37687691002,26.0,26.0,0.0,0.0,QGSP_BIC_HP,$Name: geant4-11-04-patch-01 [MT]$,3816000,8,1,proton_cap
N14,7,14,28,20,0.81,0.246913580247,8.60305822857e+20,100000,36,4,2,0,0.354587068607,28.0,28.0,28.0,0.0,QGSP_BIC_HP,$Name: geant4-11-04-patch-01 [MT]$,3818000,8,1,proton_cap
N14,7,14,30,20,0.81,0.246913580247,8.60305822857e+20,100000,41,8,0,0,0.335205603991,30.0,30.0,0.0,0.0,QGSP_BIC_HP,$Name: geant4-11-04-patch-01 [MT]$,3820000,8,1,proton_cap
N14,7,14,35,20,0.81,0.246913580247,8.60305822857e+20,100000,31,5,1,0,0.29503566203,35.0,35.0,35.0,0.0,QGSP_BIC_HP,$Name: geant4-11-04-patch-01 [MT]$,3825000,8,1,proton_cap
N14,7,14,40,20,0.81,0.246913580247,8.60305822857e+20,100000,33,8,1,0,0.26509273842,40.0,40.0,40.0,0.0,QGSP_BIC_HP,$Name: geant4-11-04-patch-01 [MT]$,3830000,8,1,proton_cap
N14,7,14,45,20,0.81,0.246913580247,8.60305822857e+20,100000,32,5,0,0,0.241109542719,45.0,45.0,0.0,0.0,QGSP_BIC_HP,$Name: geant4-11-04-patch-01 [MT]$,3835000,8,1,proton_cap
N14,7,14,50,40,0.81,0.493827160494,1.72061164571e+21,100000,83,2,8,0,0.443684040246,50.0,50.0,50.0,0.0,QGSP_BIC_HP,$Name: geant4-11-04-patch-01 [MT]$,3840000,8,1,proton_cap
N14,7,14,55,20,0.81,0.246913580247,8.60305822857e+20,100000,53,0,8,0,0.20570413217100003,55.0,0.0,55.0,0.0,QGSP_BIC_HP,$Name: geant4-11-04-patch-01 [MT]$,3845000,8,1,proton_cap
N14,7,14,60,20,0.81,0.246913580247,8.60305822857e+20,100000,29,0,1,0,0.191933515271,60.0,0.0,60.0,0.0,QGSP_BIC_HP,$Name: geant4-11-04-patch-01 [MT]$,3850000,8,1,proton_cap
N14,7,14,65,40,0.81,0.493827160494,1.72061164571e+21,100000,81,2,8,0,0.360758406026,65.0,65.0,65.0,0.0,QGSP_BIC_HP,$Name: geant4-11-04-patch-01 [MT]$,3855000,8,1,proton_cap
N14,7,14,70,40,0.81,0.493827160494,1.72061164571e+21,100000,52,0,2,0,0.34037963261100007,70.0,0.0,70.0,0.0,QGSP_BIC_HP,$Name: geant4-11-04-patch-01 [MT]$,3860000,8,1,proton_cap
N14,7,14,75,40,0.81,0.493827160494,1.72061164571e+21,100000,63,0,11,0,0.323047656534,75.0,0.0,75.0,0.0,QGSP_BIC_HP,$Name: geant4-11-04-patch-01 [MT]$,3865000,8,1,proton_cap
N14,7,14,80,40,0.81,0.493827160494,1.72061164571e+21,100000,64,0,7,0,0.30751047126,80.0,0.0,80.0,0.0,QGSP_BIC_HP,$Name: geant4-11-04-patch-01 [MT]$,3870000,8,1,proton_cap
N14,7,14,85,40,0.81,0.493827160494,1.72061164571e+21,100000,47,1,8,0,0.293639500398,85.0,85.0,85.0,0.0,QGSP_BIC_HP,$Name: geant4-11-04-patch-01 [MT]$,3875000,8,1,proton_cap
N14,7,14,90,60,0.81,0.740740740741,2.58091746857e+21,100000,75,1,7,0,0.4214812220529999,90.0,90.0,90.0,0.0,QGSP_BIC_HP,$Name: geant4-11-04-patch-01 [MT]$,3880000,8,1,proton_cap
N14,7,14,95,60,0.81,0.740740740741,2.58091746857e+21,100000,74,1,11,0,0.404422497598,95.0,95.0,95.0,0.0,QGSP_BIC_HP,$Name: geant4-11-04-patch-01 [MT]$,3885000,8,1,proton_cap
N14,7,14,100,40,0.81,0.493827160494,1.72061164571e+21,100000,43,1,5,0,0.259787695304,100.0,100.0,100.0,0.0,QGSP_BIC_HP,$Name: geant4-11-04-patch-01 [MT]$,3890000,8,1,proton_cap
N14,7,14,105,60,0.81,0.740740740741,2.58091746857e+21,100000,82,1,10,0,0.376497568618,104.018741655,105.0,105.0,0.0,QGSP_BIC_HP,$Name: geant4-11-04-patch-01 [MT]$,3895000,8,1,proton_cap
N14,7,14,110,60,0.81,0.740740740741,2.58091746857e+21,100000,66,1,6,0,0.36311106196,110.0,110.0,110.0,0.0,QGSP_BIC_HP,$Name: geant4-11-04-patch-01 [MT]$,3900000,8,1,proton_cap
N14,7,14,115,60,0.81,0.740740740741,2.58091746857e+21,100000,74,0,10,0,0.351498304865,114.99419386599999,0.0,115.0,0.0,QGSP_BIC_HP,$Name: geant4-11-04-patch-01 [MT]$,3905000,8,1,proton_cap
N14,7,14,120,80,0.81,0.987654320988,3.44122329143e+21,100000,92,1,6,0,0.45398275494100004,119.342223469,120.0,120.0,0.0,QGSP_BIC_HP,$Name: geant4-11-04-patch-01 [MT]$,3910000,8,1,proton_cap
O16,8,16,5,5,1.14,0.0438596491228,1.8819189875e+20,100000,0,0,0,0,0.344848724771,0.0,0.0,0.0,0.0,QGSP_BIC_HP,$Name: geant4-11-04-patch-01 [MT]$,3825000,8,1,below_threshold
O16,8,16,5.5,5,1.14,0.0438596491228,1.8819189875e+20,100000,1,0,0,0,0.319776389353,5.5,0.0,0.0,0.0,QGSP_BIC_HP,$Name: geant4-11-04-patch-01 [MT]$,3825500,8,1,proton_cap
O16,8,16,6,5,1.14,0.0438596491228,1.8819189875e+20,100000,2,0,0,0,0.298382496098,6.0,0.0,0.0,0.0,QGSP_BIC_HP,$Name: geant4-11-04-patch-01 [MT]$,3826000,8,1,proton_cap
O16,8,16,7,5,1.14,0.0438596491228,1.8819189875e+20,100000,2,0,0,0,0.264088636502,7.0,0.0,0.0,0.0,QGSP_BIC_HP,$Name: geant4-11-04-patch-01 [MT]$,3827000,8,1,proton_cap
O16,8,16,8,10,1.14,0.0877192982456,3.763837975e+20,100000,12,0,0,0,0.480365132394,8.0,0.0,0.0,0.0,QGSP_BIC_HP,$Name: geant4-11-04-patch-01 [MT]$,3828000,8,1,proton_cap
O16,8,16,9,10,1.14,0.0877192982456,3.763837975e+20,100000,12,0,0,0,0.436252128042,9.0,0.0,0.0,0.0,QGSP_BIC_HP,$Name: geant4-11-04-patch-01 [MT]$,3829000,8,1,proton_cap
O16,8,16,10,10,1.14,0.0877192982456,3.763837975e+20,100000,9,0,0,0,0.400215963815,10.0,0.0,0.0,0.0,QGSP_BIC_HP,$Name: geant4-11-04-patch-01 [MT]$,3830000,8,1,proton_cap
O16,8,16,11,10,1.14,0.0877192982456,3.763837975e+20,100000,12,0,2,0,0.37013555427899997,11.0,0.0,11.0,0.0,QGSP_BIC_HP,$Name: geant4-11-04-patch-01 [MT]$,3831000,8,1,proton_cap
O16,8,16,12,10,1.14,0.0877192982456,3.763837975e+20,100000,9,0,1,0,0.344682230876,12.0,0.0,12.0,0.0,QGSP_BIC_HP,$Name: geant4-11-04-patch-01 [MT]$,3832000,8,1,proton_cap
O16,8,16,14,10,1.14,0.0877192982456,3.763837975e+20,100000,11,0,0,0,0.30403845382,14.0,0.0,0.0,0.0,QGSP_BIC_HP,$Name: geant4-11-04-patch-01 [MT]$,3834000,8,1,proton_cap
O16,8,16,16,10,1.14,0.0877192982456,3.763837975e+20,100000,22,0,0,0,0.272709481868,16.0,0.0,0.0,0.0,QGSP_BIC_HP,$Name: geant4-11-04-patch-01 [MT]$,3836000,8,1,proton_cap
O16,8,16,18,20,1.14,0.175438596491,7.52767595e+20,100000,43,0,0,0,0.498277889601,18.0,0.0,0.0,0.0,QGSP_BIC_HP,$Name: geant4-11-04-patch-01 [MT]$,3838000,8,1,proton_cap
O16,8,16,20,20,1.14,0.175438596491,7.52767595e+20,100000,49,0,1,1,0.456357817136,20.0,0.0,20.0,20.0,QGSP_BIC_HP,$Name: geant4-11-04-patch-01 [MT]$,3840000,8,1,proton_cap
O16,8,16,22,20,1.14,0.175438596491,7.52767595e+20,100000,38,0,0,1,0.422288698597,22.0,0.0,0.0,22.0,QGSP_BIC_HP,$Name: geant4-11-04-patch-01 [MT]$,3842000,8,1,proton_cap
O16,8,16,24,20,1.14,0.175438596491,7.52767595e+20,100000,35,0,0,0,0.393586168023,24.0,0.0,0.0,0.0,QGSP_BIC_HP,$Name: geant4-11-04-patch-01 [MT]$,3844000,8,1,proton_cap
O16,8,16,26,20,1.14,0.175438596491,7.52767595e+20,100000,35,0,0,3,0.36866622161,26.0,0.0,0.0,26.0,QGSP_BIC_HP,$Name: geant4-11-04-patch-01 [MT]$,3846000,8,1,proton_cap
O16,8,16,28,20,1.14,0.175438596491,7.52767595e+20,100000,35,0,0,9,0.346742298115,28.0,0.0,0.0,28.0,QGSP_BIC_HP,$Name: geant4-11-04-patch-01 [MT]$,3848000,8,1,proton_cap
O16,8,16,30,20,1.14,0.175438596491,7.52767595e+20,100000,33,0,0,8,0.327699240332,30.0,0.0,0.0,30.0,QGSP_BIC_HP,$Name: geant4-11-04-patch-01 [MT]$,3850000,8,1,proton_cap
O16,8,16,35,20,1.14,0.175438596491,7.52767595e+20,100000,49,3,0,8,0.288567850616,35.0,35.0,0.0,35.0,QGSP_BIC_HP,$Name: geant4-11-04-patch-01 [MT]$,3855000,8,1,proton_cap
O16,8,16,40,20,1.14,0.175438596491,7.52767595e+20,100000,33,4,0,7,0.259199123968,40.0,40.0,0.0,40.0,QGSP_BIC_HP,$Name: geant4-11-04-patch-01 [MT]$,3860000,8,1,proton_cap
O16,8,16,45,40,1.14,0.350877192982,1.50553519e+21,100000,74,7,0,12,0.474303215482,45.0,45.0,0.0,45.0,QGSP_BIC_HP,$Name: geant4-11-04-patch-01 [MT]$,3865000,8,1,proton_cap
O16,8,16,50,40,1.14,0.350877192982,1.50553519e+21,100000,71,7,0,19,0.43426863157,50.0,50.0,0.0,50.0,QGSP_BIC_HP,$Name: geant4-11-04-patch-01 [MT]$,3870000,8,1,proton_cap
O16,8,16,55,40,1.14,0.350877192982,1.50553519e+21,100000,56,3,2,14,0.40321331098499996,55.0,55.0,55.0,55.0,QGSP_BIC_HP,$Name: geant4-11-04-patch-01 [MT]$,3875000,8,1,proton_cap
O16,8,16,60,40,1.14,0.350877192982,1.50553519e+21,100000,59,1,2,10,0.376287231593,60.0,60.0,60.0,60.0,QGSP_BIC_HP,$Name: geant4-11-04-patch-01 [MT]$,3880000,8,1,proton_cap
O16,8,16,65,20,1.14,0.175438596491,7.52767595e+20,100000,32,4,0,7,0.176684628427,65.0,65.0,0.0,65.0,QGSP_BIC_HP,$Name: geant4-11-04-patch-01 [MT]$,3885000,8,1,proton_cap
O16,8,16,70,40,1.14,0.350877192982,1.50553519e+21,100000,45,4,0,7,0.333988696807,70.0,70.0,0.0,70.0,QGSP_BIC_HP,$Name: geant4-11-04-patch-01 [MT]$,3890000,8,1,proton_cap
O16,8,16,75,60,1.14,0.526315789474,2.258302785e+21,100000,84,9,0,14,0.475236432378,75.0,75.0,0.0,75.0,QGSP_BIC_HP,$Name: geant4-11-04-patch-01 [MT]$,3895000,8,1,proton_cap
O16,8,16,80,40,1.14,0.350877192982,1.50553519e+21,100000,42,3,0,7,0.301601822699,80.0,80.0,0.0,80.0,QGSP_BIC_HP,$Name: geant4-11-04-patch-01 [MT]$,3900000,8,1,proton_cap
O16,8,16,85,60,1.14,0.526315789474,2.258302785e+21,100000,82,9,3,17,0.431570588477,85.0,85.0,85.0,85.0,QGSP_BIC_HP,$Name: geant4-11-04-patch-01 [MT]$,3905000,8,1,proton_cap
O16,8,16,90,40,1.14,0.350877192982,1.50553519e+21,100000,45,3,1,10,0.275596003804,90.0,90.0,90.0,90.0,QGSP_BIC_HP,$Name: geant4-11-04-patch-01 [MT]$,3910000,8,1,proton_cap
O16,8,16,95,60,1.14,0.526315789474,2.258302785e+21,100000,72,5,0,11,0.397233765844,95.0,95.0,0.0,95.0,QGSP_BIC_HP,$Name: geant4-11-04-patch-01 [MT]$,3915000,8,1,proton_cap
O16,8,16,100,60,1.14,0.526315789474,2.258302785e+21,100000,65,0,1,13,0.38227207902599997,100.0,0.0,100.0,100.0,QGSP_BIC_HP,$Name: geant4-11-04-patch-01 [MT]$,3920000,8,1,proton_cap
O16,8,16,105,80,1.14,0.701754385965,3.01107038e+21,100000,92,2,0,22,0.491769805128,105.0,105.0,0.0,105.0,QGSP_BIC_HP,$Name: geant4-11-04-patch-01 [MT]$,3925000,8,1,proton_cap
O16,8,16,110,80,1.14,0.701754385965,3.01107038e+21,100000,89,8,3,23,0.475323350554,110.0,110.0,110.0,110.0,QGSP_BIC_HP,$Name: geant4-11-04-patch-01 [MT]$,3930000,8,1,proton_cap
O16,8,16,115,60,1.14,0.526315789474,2.258302785e+21,100000,78,10,0,17,0.34501761718,115.0,115.0,0.0,115.0,QGSP_BIC_HP,$Name: geant4-11-04-patch-01 [MT]$,3935000,8,1,proton_cap
O16,8,16,120,40,1.14,0.350877192982,1.50553519e+21,100000,36,4,2,8,0.222873930803,120.0,120.0,120.0,120.0,QGSP_BIC_HP,$Name: geant4-11-04-patch-01 [MT]$,3940000,8,1,proton_cap
