dataset_id,channel_id,accession,author,reference,doi,reaction,quantity,original_energy_unit,original_cross_section_unit,state,reason_code,verification_basis,notes,points_total,points_in_study_range,points_with_positive_uncertainty,points_passing_point_rules
exfor_A0660_018_p_C12_x_C11,p_C12_x_C11,A0660.018,A.Korejwo et al.,J.Phys.G 28 (2002) 1199,10.1088/0954-3899/28/6/304,"6-C-12(P,X)6-C-11,,SIG","12C(p,x)11C independent production cross section",eV,b,accepted,absolute_exfor_cross_section,"EXFOR reaction, quantity and source units",,2,0,2,0
exfor_B0076_005_p_C12_x_C11,p_C12_x_C11,B0076.005,N.M.Hintz et al.,Phys.Rev. 88 (1952) 19,10.1103/PhysRev.88.19,"6-C-12(P,X)6-C-11,IND,SIG,,,EXP","12C(p,x)11C independent production cross section",eV,b,accepted,absolute_exfor_cross_section,"EXFOR reaction, quantity and source units",,42,42,0,0
exfor_B0077_002_p_C12_x_C11,p_C12_x_C11,B0077.002,R.L.Aamodt et al.,Phys.Rev. 88 (1952) 739,10.1103/PhysRev.88.739,"6-C-12(P,X)6-C-11,IND,SIG,,A,EXP","12C(p,x)11C independent production cross section",eV,b,pending,abundance_weighted_quantity,EXFOR reaction SF8 contains A,Resolve the abundance factor against Phys. Rev. 88 (1952) 739 before use.,42,42,1,1
exfor_B0077_003_p_C12_x_C11,p_C12_x_C11,B0077.003,R.L.Aamodt et al.,Phys.Rev. 88 (1952) 739,10.1103/PhysRev.88.739,"6-C-12(P,X)6-C-11,IND,SIG,,A,EXP","12C(p,x)11C independent production cross section",eV,b,pending,abundance_weighted_quantity,EXFOR reaction SF8 contains A,Resolve the abundance factor against Phys. Rev. 88 (1952) 739 before use.,8,2,8,2
exfor_B0094_003_p_C12_x_C11,p_C12_x_C11,B0094.003,K.Goebel et al.,Nucl.Phys. 24 (1961) 28,10.1016/0029-5582(61)91013-6,"6-C-12(P,X)6-C-11,IND,SIG,,,EXP","12C(p,x)11C independent production cross section",eV,b,accepted,absolute_exfor_cross_section,"EXFOR reaction, quantity and source units",,1,0,1,0
exfor_B0095_002_p_C12_x_C11,p_C12_x_C11,B0095.002,J.B.Cumming,Nucl.Phys. 49 (1963) 417,10.1016/0029-5582(63)90104-4,"6-C-12(P,X)6-C-11,IND,SIG,,,EXP","12C(p,x)11C independent production cross section",eV,b,pending,incident_energy_field_unclassified,The two near-threshold points carry a 1 MeV EXFOR incident-energy field whose meaning has not been verified from the 1963 source.,Retain as a named sensitivity dataset; exclude from the nominal fit until the energy field and resolution are classified.,9,9,9,9
exfor_B0101_002_p_C12_x_C11,p_C12_x_C11,B0101.002,W.E.Crandall et al.,Phys.Rev. 101 (1956) 329,10.1103/PhysRev.101.329,"6-C-12(P,X)6-C-11,,SIG","12C(p,x)11C independent production cross section",eV,b,accepted,absolute_exfor_cross_section,"EXFOR reaction, quantity and source units",,10,0,10,0
exfor_C0058_002_p_C12_x_C11,p_C12_x_C11,C0058.002,D.F.Measday,Nucl.Phys. 78 (1966) 476,10.1016/0029-5582(66)90621-3,"6-C-12(P,X)6-C-11,,SIG","12C(p,x)11C independent production cross section",eV,b,accepted,absolute_exfor_cross_section,"EXFOR reaction, quantity and source units",,17,16,17,16
exfor_C0062_011_p_C12_x_C11,p_C12_x_C11,C0062.011,L.Valentin,Nucl.Phys. 62 (1965) 81,10.1016/0029-5582(65)90072-6,"6-C-12(P,X)6-C-11,,SIG","12C(p,x)11C independent production cross section",eV,b,accepted,absolute_exfor_cross_section,"EXFOR reaction, quantity and source units",,1,0,1,0
exfor_C0206_002_p_C12_x_C11,p_C12_x_C11,C0206.002,Vastupal Parikh,Nucl.Phys. 18 (1960) 628,10.1016/0029-5582(60)90430-2,"6-C-12(P,X)6-C-11,,SIG","12C(p,x)11C independent production cross section",eV,b,accepted,absolute_exfor_cross_section,"EXFOR reaction, quantity and source units",,5,0,5,0
exfor_C0216_002_p_C12_x_C11,p_C12_x_C11,C0216.002,J.B.Cumming et al.,Phys.Rev. 111 (1958) 1386,10.1103/PhysRev.111.1386,"6-C-12(P,X)6-C-11,,SIG","12C(p,x)11C independent production cross section",eV,b,accepted,absolute_exfor_cross_section,"EXFOR reaction, quantity and source units",,6,0,6,0
exfor_C0220_003_p_C12_x_C11,p_C12_x_C11,C0220.003,P.A.Benioff,Phys.Rev. 119 (1960) 316,10.1103/PhysRev.119.316,"6-C-12(P,X)6-C-11,,SIG","12C(p,x)11C independent production cross section",eV,b,accepted,absolute_exfor_cross_section,"EXFOR reaction, quantity and source units",,1,0,1,0
exfor_C0221_002_p_C12_x_C11,p_C12_x_C11,C0221.002,N.Horwitz et al.,Phys.Rev. 117 (1960) 1361,10.1103/PhysRev.117.1361,"6-C-12(P,X)6-C-11,,SIG","12C(p,x)11C independent production cross section",eV,b,accepted,absolute_exfor_cross_section,"EXFOR reaction, quantity and source units",,5,0,5,0
exfor_C0221_003_p_C12_x_C11,p_C12_x_C11,C0221.003,N.Horwitz et al.,Phys.Rev. 117 (1960) 1361,10.1103/PhysRev.117.1361,"6-C-12(P,X)6-C-11,,SIG","12C(p,x)11C independent production cross section",eV,b,accepted,absolute_exfor_cross_section,"EXFOR reaction, quantity and source units",,1,0,1,0
exfor_C0231_002_p_C12_x_C11,p_C12_x_C11,C0231.002,J.B.Cumming et al.,Phys.Rev. 125 (1962) 2078,10.1103/PhysRev.125.2078,"6-C-12(P,X)6-C-11,,SIG","12C(p,x)11C independent production cross section",eV,b,accepted,absolute_exfor_cross_section,"EXFOR reaction, quantity and source units",,1,0,1,0
exfor_C1911_002_p_C12_x_C11,p_C12_x_C11,C1911.002,K.R.Hogstrom,Phys.Rev.C 14 No.2 (1976) 753,10.1103/PhysRevC.14.753,"6-C-12(P,X)6-C-11,,SIG","12C(p,x)11C independent production cross section",eV,b,accepted,absolute_exfor_cross_section,"EXFOR reaction, quantity and source units",,1,0,1,0
exfor_C1911_003_p_C12_x_C11,p_C12_x_C11,C1911.003,K.R.Hogstrom,Phys.Rev.C 14 No.2 (1976) 753,10.1103/PhysRevC.14.753,"6-C-12(P,X)6-C-11,,SIG","12C(p,x)11C independent production cross section",eV,b,accepted,absolute_exfor_cross_section,"EXFOR reaction, quantity and source units",,2,0,0,0
exfor_C2341_002_p_C12_x_C11,p_C12_x_C11,C2341.002,S.B.Kaufman et al.,Phys.Rev.C 13 (1976) 253,10.1103/PhysRevC.13.253,"6-C-12(P,X)6-C-11,,SIG","12C(p,x)11C independent production cross section",eV,b,accepted,absolute_exfor_cross_section,"EXFOR reaction, quantity and source units",,1,0,1,0
exfor_C2359_002_p_C12_x_C11,p_C12_x_C11,C2359.002,S.D.Warshaw et al.,Phys.Rev. 95 (1954) 649(SA2),N/A,"6-C-12(P,X)6-C-11,,SIG","12C(p,x)11C independent production cross section",eV,b,accepted,absolute_exfor_cross_section,"EXFOR reaction, quantity and source units",,2,0,2,0
exfor_C2359_003_p_C12_x_C11,p_C12_x_C11,C2359.003,S.D.Warshaw et al.,Phys.Rev. 95 (1954) 649(SA2),N/A,"6-C-12(P,X)6-C-11,,SIG","12C(p,x)11C independent production cross section",eV,b,accepted,absolute_exfor_cross_section,"EXFOR reaction, quantity and source units",,1,0,0,0
exfor_D0128_005_p_C12_x_C11,p_C12_x_C11,D0128.005,C.Brun et al.,J.Phys.(Paris) 23 (1962) 371,10.1051/jphysrad:01962002306037100,"6-C-12(P,X)6-C-11,,SIG","12C(p,x)11C independent production cross section",eV,b,accepted,absolute_exfor_cross_section,"EXFOR reaction, quantity and source units",,1,1,1,1
exfor_E2449_005_p_C12_x_C11,p_C12_x_C11,E2449.005,T.Akagi et al.,Radiat.Meas. 59 (2013) 262,10.1016/j.radmeas.2013.07.005,"6-C-12(P,X)6-C-11,,SIG","12C(p,x)11C independent production cross section",eV,b,accepted,absolute_exfor_cross_section,"EXFOR reaction, quantity and source units",,4,4,4,4
exfor_E2501_002_p_C12_x_C11,p_C12_x_C11,E2501.002,K.Matsushita et al.,Nucl.Phys.A 946 (2016) 104,10.1016/j.nuclphysa.2015.11.007,"6-C-12(P,X)6-C-11,,SIG","12C(p,x)11C independent production cross section",eV,b,accepted,absolute_exfor_cross_section,"EXFOR reaction, quantity and source units",,35,35,35,32
exfor_F1218_002_p_C12_x_C11,p_C12_x_C11,F1218.002,P.Kozma et al.,Nucl.Instrum.Meth.A 291 (1990) 662,10.1016/0168-9002(90)90017-Z,"6-C-12(P,X)6-C-11,,SIG","12C(p,x)11C independent production cross section",eV,b,accepted,absolute_exfor_cross_section,"EXFOR reaction, quantity and source units",,1,0,1,0
exfor_O0415_002_p_C12_x_C11,p_C12_x_C11,O0415.002,G.W.Butler et al.,Phys.Rev.C 6 (1972) 1153,10.1103/PhysRevC.6.1153,"6-C-12(P,X)6-C-11,,SIG","12C(p,x)11C independent production cross section",eV,b,accepted,absolute_exfor_cross_section,"EXFOR reaction, quantity and source units",,1,0,1,0
exfor_O0429_002_p_C12_x_C11,p_C12_x_C11,O0429.002,A.M.Poskanzer et al.,Phys.Rev. 133 (1964) B1507,10.1103/PhysRev.133.B1507,"6-C-12(P,X)6-C-11,,SIG","12C(p,x)11C independent production cross section",eV,b,accepted,absolute_exfor_cross_section,"EXFOR reaction, quantity and source units",,1,0,1,0
exfor_O2553_003_p_C12_x_C11,p_C12_x_C11,O2553.003,F.Horst et al.,Phys.Med.Biol. 64 (2019) 205012,10.1088/1361-6560/ab4511,"6-C-12(P,X)6-C-11,,SIG","12C(p,x)11C independent production cross section",eV,b,accepted,absolute_exfor_cross_section,"EXFOR reaction, quantity and source units",,8,5,8,5
exfor_O2582_002_p_C12_x_C11,p_C12_x_C11,O2582.002,T.Rodriguez-Gonzalez et al.,Nucl.Data Sheets 187 (2023) 579,10.1016/j.nds.2023.01.004,"6-C-12(P,X)6-C-11,,SIG","12C(p,x)11C independent production cross section",eV,b,accepted,absolute_exfor_cross_section,"EXFOR reaction, quantity and source units",,43,35,43,35
exfor_P0051_002_p_C12_x_C11,p_C12_x_C11,P0051.002,A.B.Whitehead et al.,Can.J.Phys. 36 (1958) 1276,10.1139/p58-132,"6-C-12(P,X)6-C-11,,SIG","12C(p,x)11C independent production cross section",eV,b,accepted,absolute_exfor_cross_section,"EXFOR reaction, quantity and source units",,31,31,1,1
exfor_P0051_003_p_C12_x_C11,p_C12_x_C11,P0051.003,A.B.Whitehead et al.,Can.J.Phys. 36 (1958) 1276,10.1139/p58-132,"6-C-12(P,X)6-C-11,,SIG","12C(p,x)11C independent production cross section",eV,b,accepted,absolute_exfor_cross_section,"EXFOR reaction, quantity and source units",,36,36,0,0
exfor_C0062_012_p_N14_x_N13,p_N14_x_N13,C0062.012,L.Valentin,Nucl.Phys. 62 (1965) 81,10.1016/0029-5582(65)90072-6,"7-N-14(P,X)7-N-13,,SIG","14N(p,x)13N independent production cross section",eV,b,accepted,absolute_exfor_cross_section,"EXFOR reaction, quantity and source units",,2,0,2,0
exfor_C0062_017_p_N14_x_N13,p_N14_x_N13,C0062.017,L.Valentin,Nucl.Phys. 62 (1965) 81,10.1016/0029-5582(65)90072-6,"7-N-14(P,X)7-N-13,,SIG","14N(p,x)13N independent production cross section",eV,b,accepted,absolute_exfor_cross_section,"EXFOR reaction, quantity and source units",,16,15,14,13
exfor_C0202_004_p_N14_x_N13,p_N14_x_N13,C0202.004,M.Sajjad et al.,Radiochim.Acta 39 (1986) 165,10.1524/ract.1986.39.3.165,"7-N-14(P,X)7-N-13,,SIG","14N(p,x)13N independent production cross section",eV,b,accepted,absolute_exfor_cross_section,"EXFOR reaction, quantity and source units",,35,35,11,11
exfor_C0220_005_p_N14_x_N13,p_N14_x_N13,C0220.005,P.A.Benioff,Phys.Rev. 119 (1960) 316,10.1103/PhysRev.119.316,"7-N-14(P,X)7-N-13,,SIG","14N(p,x)13N independent production cross section",eV,b,accepted,absolute_exfor_cross_section,"EXFOR reaction, quantity and source units",,1,0,1,0
exfor_C0244_002_p_N14_x_N13,p_N14_x_N13,C0244.002,S.S.Markowitz et al.,Phys.Rev. 112 (1958) 1295,10.1103/PhysRev.112.1295,"7-N-14(P,X)7-N-13,,SIG","14N(p,x)13N independent production cross section",eV,b,accepted,absolute_exfor_cross_section,"EXFOR reaction, quantity and source units",,4,0,4,0
exfor_C1979_002_1_p_N14_x_N13,p_N14_x_N13,C1979.002.1,L.C.Sah,"Progress report UCRL-9394, 1960",N/A,"7-N-14(P,X)7-N-13,,SIG","14N(p,x)13N independent production cross section",eV,b,accepted,absolute_exfor_cross_section,"EXFOR reaction, quantity and source units",,6,0,0,0
exfor_C1979_002_2_p_N14_x_N13,p_N14_x_N13,C1979.002.2,L.C.Sah,"Progress report UCRL-9394, 1960",N/A,"7-N-14(P,X)7-N-13,,SIG","14N(p,x)13N independent production cross section",eV,b,accepted,absolute_exfor_cross_section,"EXFOR reaction, quantity and source units",,5,0,0,0
exfor_C1979_002_3_p_N14_x_N13,p_N14_x_N13,C1979.002.3,L.C.Sah,"Progress report UCRL-9394, 1960",N/A,"7-N-14(P,X)7-N-13,,SIG","14N(p,x)13N independent production cross section",eV,b,accepted,absolute_exfor_cross_section,"EXFOR reaction, quantity and source units",,1,0,0,0
exfor_D4128_003_p_N14_x_N13,p_N14_x_N13,D4128.003,Z.Kovacs et al.,Radiochim.Acta 91 (2003) 185,10.1524/ract.91.4.185.19970,"7-N-14(P,X)7-N-13,,SIG","14N(p,x)13N independent production cross section",eV,b,accepted,absolute_exfor_cross_section,"EXFOR reaction, quantity and source units",,10,10,10,10
exfor_D4145_002_p_N14_x_N13,p_N14_x_N13,D4145.002,Z.Kovacs et al.,J.Lab.Comp.Radioph. 46 (2003) S267,N/A,"7-N-14(P,X)7-N-13,,SIG","14N(p,x)13N independent production cross section",eV,b,accepted,absolute_exfor_cross_section,"EXFOR reaction, quantity and source units",,4,4,4,4
exfor_O2067_027_p_N14_x_N13,p_N14_x_N13,O2067.027,A.B.Clegg et al.,Proc.Phys.Soc.(UK) 78 (1961) 681,10.1088/0370-1328/78/5/305,"7-N-14(P,X)7-N-13,,SIG","14N(p,x)13N independent production cross section",eV,b,accepted,absolute_exfor_cross_section,"EXFOR reaction, quantity and source units",,1,1,1,1
exfor_O2134_003_p_N14_x_N13,p_N14_x_N13,O2134.003,R.Bimbot et al.,Compt.Rend.B 273 (1971) 1054,N/A,"7-N-14(P,X)7-N-13,,SIG","14N(p,x)13N independent production cross section",eV,b,accepted,absolute_exfor_cross_section,"EXFOR reaction, quantity and source units",,1,1,1,1
exfor_O2582_007_p_N14_x_N13,p_N14_x_N13,O2582.007,T.Rodriguez-Gonzalez et al.,Nucl.Data Sheets 187 (2023) 579,10.1016/j.nds.2023.01.004,"7-N-14(P,X)7-N-13,,SIG","14N(p,x)13N independent production cross section",eV,b,accepted,absolute_exfor_cross_section,"EXFOR reaction, quantity and source units",,43,36,43,36
exfor_C0061_019_p_O16_x_C11,p_O16_x_C11,C0061.019,L.Valentin et al.,Phys.Lett. 7 (1963) 163,10.1016/0031-9163(63)90651-6,"8-O-16(P,X)6-C-11,,SIG","16O(p,x)11C independent production cross section",eV,b,accepted,absolute_exfor_cross_section,"EXFOR reaction, quantity and source units",,1,0,1,0
exfor_C0208_003_p_O16_x_C11,p_O16_x_C11,C0208.003,V.Parikh,Nucl.Phys. 18 (1960) 646,10.1016/0029-5582(60)90432-6,"8-O-16(P,X)6-C-11,,SIG","16O(p,x)11C independent production cross section",eV,b,accepted,absolute_exfor_cross_section,"EXFOR reaction, quantity and source units",,1,0,1,0
exfor_C0220_011_p_O16_x_C11,p_O16_x_C11,C0220.011,P.A.Benioff,Phys.Rev. 119 (1960) 316,10.1103/PhysRev.119.316,"8-O-16(P,X)6-C-11,,SIG","16O(p,x)11C independent production cross section",eV,b,accepted,absolute_exfor_cross_section,"EXFOR reaction, quantity and source units",,1,0,1,0
exfor_C0223_014_p_O16_x_C11,p_O16_x_C11,C0223.014,K.J.Foley et al.,Nucl.Phys. 31 (1962) 43,10.1016/0029-5582(62)90727-7,"8-O-16(P,X)6-C-11,,SIG","16O(p,x)11C independent production cross section",eV,b,accepted,absolute_exfor_cross_section,"EXFOR reaction, quantity and source units",,1,1,1,1
exfor_D1061_002_p_O16_x_C11,p_O16_x_C11,D1061.002,J.Matulewicz et al.,Eur.Phys.J.A 60 (2024) 203,10.1140/epja/s10050-024-01420-5,"8-O-16(P,X)6-C-11,,SIG","16O(p,x)11C independent production cross section",eV,b,accepted,absolute_exfor_cross_section,"EXFOR reaction, quantity and source units",,16,16,16,15
exfor_E2449_003_p_O16_x_C11,p_O16_x_C11,E2449.003,T.Akagi et al.,Radiat.Meas. 59 (2013) 262,10.1016/j.radmeas.2013.07.005,"8-O-16(P,X)6-C-11,,SIG","16O(p,x)11C independent production cross section",eV,b,accepted,absolute_exfor_cross_section,"EXFOR reaction, quantity and source units",,7,7,7,7
exfor_E2568_004_p_O16_x_C11,p_O16_x_C11,E2568.004,T.Masuda et al.,Sci.Rep. 8 (2018) 2570,10.1038/s41598-018-20906-z,"8-O-16(P,X)6-C-11,,SIG","16O(p,x)11C independent production cross section",eV,b,pending,shared_external_normalization_not_modelled,"Masuda et al. report relative excitation functions normalized together to O-16(p,x)O-15 = 76.8 mb at 35 MeV.",Retain at the published scale for shape comparison; exclude from the nominal absolute fit.,133,133,133,133
exfor_O0065_004_p_O16_x_C11,p_O16_x_C11,O0065.004,S.W.Kitwanga et al.,Phys.Rev.C 40 (1989) 35,10.1103/PhysRevC.40.35,"8-O-16(P,X)6-C-11,,SIG","16O(p,x)11C independent production cross section",eV,b,accepted,absolute_exfor_cross_section,"EXFOR reaction, quantity and source units",,4,4,0,0
exfor_O2134_006_p_O16_x_C11,p_O16_x_C11,O2134.006,R.Bimbot et al.,Compt.Rend.B 273 (1971) 1054,N/A,"8-O-16(P,X)6-C-11,,SIG","16O(p,x)11C independent production cross section",eV,b,accepted,absolute_exfor_cross_section,"EXFOR reaction, quantity and source units",,1,1,1,1
exfor_O2134_007_p_O16_x_C11,p_O16_x_C11,O2134.007,R.Bimbot et al.,Compt.Rend.B 273 (1971) 1054,N/A,"8-O-16(P,X)6-C-11,,SIG","16O(p,x)11C independent production cross section",eV,b,accepted,absolute_exfor_cross_section,"EXFOR reaction, quantity and source units",,2,1,2,1
exfor_O2576_003_p_O16_x_C11,p_O16_x_C11,O2576.003,T.Rodriguez-Gonzalez et al.,Radiat.Phys.Chem. 190 (2022) 109759,10.1016/j.radphyschem.2021.109759,"8-O-16(P,X)6-C-11,,SIG","16O(p,x)11C independent production cross section",eV,b,accepted,absolute_exfor_cross_section,"EXFOR reaction, quantity and source units",,13,13,13,0
exfor_O2582_003_p_O16_x_C11,p_O16_x_C11,O2582.003,T.Rodriguez-Gonzalez et al.,Nucl.Data Sheets 187 (2023) 579,10.1016/j.nds.2023.01.004,"8-O-16(P,X)6-C-11,,SIG","16O(p,x)11C independent production cross section",eV,b,accepted,absolute_exfor_cross_section,"EXFOR reaction, quantity and source units",,42,35,42,33
exfor_B0157_002_p_O16_x_N13,p_O16_x_N13,B0157.002,W.Gruhle et al.,Nucl.Phys.A 286 (1977) 523,10.1016/0375-9474(77)90601-7,"8-O-16(P,A)7-N-13,,SIG,,,EXP","16O(p,a)13N cross section",eV,b,accepted,absolute_exfor_cross_section,"EXFOR reaction, quantity and source units",,29,29,29,29
exfor_C0061_018_p_O16_x_N13,p_O16_x_N13,C0061.018,L.Valentin et al.,Phys.Lett. 7 (1963) 163,10.1016/0031-9163(63)90651-6,"8-O-16(P,X)7-N-13,,SIG","16O(p,x)13N independent production cross section",eV,b,accepted,absolute_exfor_cross_section,"EXFOR reaction, quantity and source units",,1,0,1,0
exfor_C0202_002_p_O16_x_N13,p_O16_x_N13,C0202.002,M.Sajjad et al.,Radiochim.Acta 39 (1986) 165,10.1524/ract.1986.39.3.165,"8-O-16(P,A)7-N-13,,SIG","16O(p,a)13N cross section",eV,b,accepted,absolute_exfor_cross_section,"EXFOR reaction, quantity and source units",,37,37,37,37
exfor_C0208_005_2_p_O16_x_N13,p_O16_x_N13,C0208.005.2,V.Parikh,Nucl.Phys. 18 (1960) 646,10.1016/0029-5582(60)90432-6,"8-O-16(P,X)7-N-13,,SIG","16O(p,x)13N independent production cross section",eV,b,accepted,absolute_exfor_cross_section,"EXFOR reaction, quantity and source units",,1,0,1,0
exfor_C0220_010_p_O16_x_N13,p_O16_x_N13,C0220.010,P.A.Benioff,Phys.Rev. 119 (1960) 316,10.1103/PhysRev.119.316,"8-O-16(P,X)7-N-13,,SIG","16O(p,x)13N independent production cross section",eV,b,accepted,absolute_exfor_cross_section,"EXFOR reaction, quantity and source units",,1,0,1,0
exfor_C0223_013_p_O16_x_N13,p_O16_x_N13,C0223.013,K.J.Foley et al.,Nucl.Phys. 31 (1962) 43,10.1016/0029-5582(62)90727-7,"8-O-16(P,X)7-N-13,,SIG","16O(p,x)13N independent production cross section",eV,b,accepted,absolute_exfor_cross_section,"EXFOR reaction, quantity and source units",,1,1,1,1
exfor_C0998_002_p_O16_x_N13,p_O16_x_N13,C0998.002,H.A.Hill et al.,Phys.Rev. 123 (1961) 1301,10.1103/PhysRev.123.1301,"8-O-16(P,A)7-N-13,,SIG","16O(p,a)13N cross section",eV,b,accepted,absolute_exfor_cross_section,"EXFOR reaction, quantity and source units",,355,355,355,355
exfor_D0138_003_p_O16_x_N13,p_O16_x_N13,D0138.003,R.Chapman et al.,Nucl.Phys.A 94 (1967) 313,10.1016/0375-9474(67)90006-1,"8-O-16(P,A)7-N-13,,SIG","16O(p,a)13N cross section",eV,b,accepted,absolute_exfor_cross_section,"EXFOR reaction, quantity and source units",,1,1,1,1
exfor_D1061_003_p_O16_x_N13,p_O16_x_N13,D1061.003,J.Matulewicz et al.,Eur.Phys.J.A 60 (2024) 203,10.1140/epja/s10050-024-01420-5,"8-O-16(P,X)7-N-13,,SIG","16O(p,x)13N independent production cross section",eV,b,accepted,absolute_exfor_cross_section,"EXFOR reaction, quantity and source units",,17,17,17,17
exfor_E2449_004_p_O16_x_N13,p_O16_x_N13,E2449.004,T.Akagi et al.,Radiat.Meas. 59 (2013) 262,10.1016/j.radmeas.2013.07.005,"8-O-16(P,X)7-N-13,,SIG","16O(p,x)13N independent production cross section",eV,b,accepted,absolute_exfor_cross_section,"EXFOR reaction, quantity and source units",,9,9,9,8
exfor_E2568_003_p_O16_x_N13,p_O16_x_N13,E2568.003,T.Masuda et al.,Sci.Rep. 8 (2018) 2570,10.1038/s41598-018-20906-z,"8-O-16(P,X)7-N-13,,SIG","16O(p,x)13N independent production cross section",eV,b,pending,shared_external_normalization_not_modelled,"Masuda et al. report relative excitation functions normalized together to O-16(p,x)O-15 = 76.8 mb at 35 MeV.",Retain at the published scale for shape comparison; exclude from the nominal absolute fit.,167,167,167,167
exfor_O0065_005_p_O16_x_N13,p_O16_x_N13,O0065.005,S.W.Kitwanga et al.,Phys.Rev.C 40 (1989) 35,10.1103/PhysRevC.40.35,"8-O-16(P,A)7-N-13,,SIG","16O(p,a)13N cross section",eV,b,accepted,absolute_exfor_cross_section,"EXFOR reaction, quantity and source units",,5,5,0,0
exfor_O2134_008_p_O16_x_N13,p_O16_x_N13,O2134.008,R.Bimbot et al.,Compt.Rend.B 273 (1971) 1054,N/A,"8-O-16(P,X)7-N-13,,SIG","16O(p,x)13N independent production cross section",eV,b,accepted,absolute_exfor_cross_section,"EXFOR reaction, quantity and source units",,1,0,1,0
exfor_O2576_004_p_O16_x_N13,p_O16_x_N13,O2576.004,T.Rodriguez-Gonzalez et al.,Radiat.Phys.Chem. 190 (2022) 109759,10.1016/j.radphyschem.2021.109759,"8-O-16(P,A)7-N-13,,SIG","16O(p,a)13N cross section",eV,b,accepted,absolute_exfor_cross_section,"EXFOR reaction, quantity and source units",,13,13,13,13
exfor_O2582_004_p_O16_x_N13,p_O16_x_N13,O2582.004,T.Rodriguez-Gonzalez et al.,Nucl.Data Sheets 187 (2023) 579,10.1016/j.nds.2023.01.004,"8-O-16(P,X)7-N-13,,SIG","16O(p,x)13N independent production cross section",eV,b,accepted,absolute_exfor_cross_section,"EXFOR reaction, quantity and source units",,42,35,42,35
exfor_P0045_003_p_O16_x_N13,p_O16_x_N13,P0045.003,M.Furukawa et al.,J.Phys.Soc.Jpn. 15 (1960) 2167,10.1143/JPSJ.15.2167,"8-O-16(P,A)7-N-13,,SIG","16O(p,a)13N cross section",eV,b,accepted,absolute_exfor_cross_section,"EXFOR reaction, quantity and source units",,32,32,4,4
exfor_P0051_004_p_O16_x_N13,p_O16_x_N13,P0051.004,A.B.Whitehead et al.,Can.J.Phys. 36 (1958) 1276,10.1139/p58-132,"8-O-16(P,A)7-N-13,,SIG","16O(p,a)13N cross section",eV,b,accepted,absolute_exfor_cross_section,"EXFOR reaction, quantity and source units",,60,60,1,1
exfor_R0043_002_p_O16_x_N13,p_O16_x_N13,R0043.002,R.H.McCamis et al.,Can.J.Phys. 51 No.16 (1973) 1689,10.1139/p73-223,"8-O-16(P,A)7-N-13,,SIG","16O(p,a)13N cross section",eV,b,accepted,absolute_exfor_cross_section,"EXFOR reaction, quantity and source units",,11,11,11,11
exfor_A0316_008_p_O16_x_O15,p_O16_x_O15,A0316.008,M.Sajjad et al.,Radiochim.Acta 38 (1985) 57,10.1524/ract.1985.38.2.57,"8-O-16(P,X)8-O-15,,SIG","16O(p,x)15O independent production cross section",eV,b,accepted,absolute_exfor_cross_section,"EXFOR reaction, quantity and source units",,15,15,15,15
exfor_C0062_013_p_O16_x_O15,p_O16_x_O15,C0062.013,L.Valentin,Nucl.Phys. 62 (1965) 81,10.1016/0029-5582(65)90072-6,"8-O-16(P,X)8-O-15,,SIG","16O(p,x)15O independent production cross section",eV,b,accepted,absolute_exfor_cross_section,"EXFOR reaction, quantity and source units",,2,0,2,0
exfor_C0062_016_p_O16_x_O15,p_O16_x_O15,C0062.016,L.Valentin,Nucl.Phys. 62 (1965) 81,10.1016/0029-5582(65)90072-6,"8-O-16(P,X)8-O-15,,SIG","16O(p,x)15O independent production cross section",eV,b,accepted,absolute_exfor_cross_section,"EXFOR reaction, quantity and source units",,18,17,16,15
exfor_C0208_004_2_p_O16_x_O15,p_O16_x_O15,C0208.004.2,V.Parikh,Nucl.Phys. 18 (1960) 646,10.1016/0029-5582(60)90432-6,"8-O-16(P,X)8-O-15,,SIG","16O(p,x)15O independent production cross section",eV,b,accepted,absolute_exfor_cross_section,"EXFOR reaction, quantity and source units",,1,0,1,0
exfor_C0220_008_p_O16_x_O15,p_O16_x_O15,C0220.008,P.A.Benioff,Phys.Rev. 119 (1960) 316,10.1103/PhysRev.119.316,"8-O-16(P,X)8-O-15,,SIG","16O(p,x)15O independent production cross section",eV,b,accepted,absolute_exfor_cross_section,"EXFOR reaction, quantity and source units",,1,0,1,0
exfor_C0223_012_p_O16_x_O15,p_O16_x_O15,C0223.012,K.J.Foley et al.,Nucl.Phys. 31 (1962) 43,10.1016/0029-5582(62)90727-7,"8-O-16(P,X)8-O-15,,SIG","16O(p,x)15O independent production cross section",eV,b,accepted,absolute_exfor_cross_section,"EXFOR reaction, quantity and source units",,1,1,1,1
exfor_D1061_004_p_O16_x_O15,p_O16_x_O15,D1061.004,J.Matulewicz et al.,Eur.Phys.J.A 60 (2024) 203,10.1140/epja/s10050-024-01420-5,"8-O-16(P,X)8-O-15,,SIG","16O(p,x)15O independent production cross section",eV,b,accepted,absolute_exfor_cross_section,"EXFOR reaction, quantity and source units",,17,17,17,16
exfor_E2449_002_p_O16_x_O15,p_O16_x_O15,E2449.002,T.Akagi et al.,Radiat.Meas. 59 (2013) 262,10.1016/j.radmeas.2013.07.005,"8-O-16(P,X)8-O-15,,SIG","16O(p,x)15O independent production cross section",eV,b,accepted,absolute_exfor_cross_section,"EXFOR reaction, quantity and source units",,9,9,9,8
exfor_E2568_002_p_O16_x_O15,p_O16_x_O15,E2568.002,T.Masuda et al.,Sci.Rep. 8 (2018) 2570,10.1038/s41598-018-20906-z,"8-O-16(P,X)8-O-15,,SIG","16O(p,x)15O independent production cross section",eV,b,pending,shared_external_normalization_not_modelled,"Masuda et al. report relative excitation functions normalized together to O-16(p,x)O-15 = 76.8 mb at 35 MeV.",Retain at the published scale for shape comparison; exclude from the nominal absolute fit.,161,161,161,158
exfor_O0065_006_p_O16_x_O15,p_O16_x_O15,O0065.006,S.W.Kitwanga et al.,Phys.Rev.C 40 (1989) 35,10.1103/PhysRevC.40.35,"8-O-16(P,X)8-O-15,,SIG","16O(p,x)15O independent production cross section",eV,b,accepted,absolute_exfor_cross_section,"EXFOR reaction, quantity and source units",,4,4,0,0
exfor_O2553_006_p_O16_x_O15,p_O16_x_O15,O2553.006,F.Horst et al.,Phys.Med.Biol. 64 (2019) 205012,10.1088/1361-6560/ab4511,"8-O-16(P,X)8-O-15,,SIG","16O(p,x)15O independent production cross section",eV,b,accepted,absolute_exfor_cross_section,"EXFOR reaction, quantity and source units",,5,4,5,4
exfor_O2582_005_p_O16_x_O15,p_O16_x_O15,O2582.005,T.Rodriguez-Gonzalez et al.,Nucl.Data Sheets 187 (2023) 579,10.1016/j.nds.2023.01.004,"8-O-16(P,X)8-O-15,,SIG","16O(p,x)15O independent production cross section",eV,b,accepted,absolute_exfor_cross_section,"EXFOR reaction, quantity and source units",,42,35,42,35
