channel_id,dataset_id,source,peak_sigma_mb,peak_energy_MeV,median_ratio_to_g4,common_points
p_C12_x_C11,exfor_B0077_002_p_C12_x_C11,EXFOR,0.89954,32.0,,0
p_C12_x_C11,exfor_B0077_003_p_C12_x_C11,EXFOR,0.71255,93.0,0.013753449995314103,1
p_C12_x_C11,exfor_E2449_005_p_C12_x_C11,EXFOR,79.8,47.5,1.5671652854944735,3
p_C12_x_C11,exfor_C0220_003_p_C12_x_C11,EXFOR,29.0,5700.0,,0
p_C12_x_C11,exfor_D0128_005_p_C12_x_C11,EXFOR,45.0,150.0,,0
p_C12_x_C11,exfor_O0415_002_p_C12_x_C11,EXFOR,28.2,7600.0,,0
p_C12_x_C11,exfor_B0101_002_p_C12_x_C11,EXFOR,39.7,170.0,,0
p_C12_x_C11,exfor_C0216_002_p_C12_x_C11,EXFOR,27.6,2000.0,,0
p_C12_x_C11,exfor_C0231_002_p_C12_x_C11,EXFOR,25.9,28000.0,,0
p_C12_x_C11,exfor_B0095_002_p_C12_x_C11,EXFOR,92.5,33.3,1.9059082844803517,1
p_C12_x_C11,exfor_B0094_003_p_C12_x_C11,EXFOR,29.9,591.0,,0
p_C12_x_C11,exfor_B0076_005_p_C12_x_C11,EXFOR,101.0,46.7,1.774998795435141,25
p_C12_x_C11,exfor_C1911_002_p_C12_x_C11,EXFOR,32.0,800.0,,0
p_C12_x_C11,exfor_C1911_003_p_C12_x_C11,EXFOR,32.099999999999994,800.0,,0
p_C12_x_C11,exfor_O2553_003_p_C12_x_C11,EXFOR,83.4,40.7,1.575058311831209,3
p_C12_x_C11,exfor_C0221_002_p_C12_x_C11,EXFOR,32.300000000000004,6000.0,,0
p_C12_x_C11,exfor_C0221_003_p_C12_x_C11,EXFOR,30.5,4100.0,,0
p_C12_x_C11,exfor_C2341_002_p_C12_x_C11,EXFOR,24.6,300000.0,,0
p_C12_x_C11,exfor_A0660_018_p_C12_x_C11,EXFOR,26.8,1870.0,,0
p_C12_x_C11,exfor_F1218_002_p_C12_x_C11,EXFOR,27.3,3650.0,,0
p_C12_x_C11,exfor_E2501_002_p_C12_x_C11,EXFOR,87.53,40.62,1.8115907910991949,18
p_C12_x_C11,exfor_C0058_002_p_C12_x_C11,EXFOR,85.2,50.7,1.678106417312253,11
p_C12_x_C11,exfor_O0429_002_p_C12_x_C11,EXFOR,29.0,1000.0,,0
p_C12_x_C11,exfor_O2582_002_p_C12_x_C11,EXFOR,97.0,33.0,1.63343467977047,18
p_C12_x_C11,exfor_C0062_011_p_C12_x_C11,EXFOR,29.8,5700.0,,0
p_C12_x_C11,exfor_C0206_002_p_C12_x_C11,EXFOR,34.9,339.0,,0
p_C12_x_C11,exfor_C2359_002_p_C12_x_C11,EXFOR,48.9,283.0,,0
p_C12_x_C11,exfor_C2359_003_p_C12_x_C11,EXFOR,34.0,400.0,,0
p_C12_x_C11,exfor_P0051_002_p_C12_x_C11,EXFOR,89.1,34.8,,0
p_C12_x_C11,exfor_P0051_003_p_C12_x_C11,EXFOR,96.2,31.8,,0
p_C12_x_C11,jendl40he_p_C12_x_C11,JENDL-4.0/HE,90.85003,35.0,1.4183889918000654,8
p_C12_x_C11,lanl_endfb71_p_C12_x_C11,LANL ENDF/B-VII.1,87.09240342733,40.0,1.0303253949513795,8
p_O16_x_O15,exfor_E2449_002_p_O16_x_O15,EXFOR,77.5,31.6,0.7923242232250739,8
p_O16_x_O15,exfor_C0220_008_p_O16_x_O15,EXFOR,33.0,5700.0,,0
p_O16_x_O15,exfor_C0223_012_p_O16_x_O15,EXFOR,52.0,146.0,,0
p_O16_x_O15,exfor_O2553_006_p_O16_x_O15,EXFOR,71.1,39.4,0.7537120963739021,3
p_O16_x_O15,exfor_O0065_006_p_O16_x_O15,EXFOR,61.0,27.8,0.9884555443869046,2
p_O16_x_O15,exfor_E2568_002_p_O16_x_O15,EXFOR,76.8,36.11,0.7500288355587317,149
p_O16_x_O15,exfor_D1061_004_p_O16_x_O15,EXFOR,76.5,30.6,0.7092647846023328,16
p_O16_x_O15,exfor_C0208_004_2_p_O16_x_O15,EXFOR,20.2,362.0,,0
p_O16_x_O15,exfor_O2582_005_p_O16_x_O15,EXFOR,75.0,43.9,0.8004265823457793,27
p_O16_x_O15,exfor_A0316_008_p_O16_x_O15,EXFOR,76.1,32.82,1.72383779255,11
p_O16_x_O15,exfor_C0062_013_p_O16_x_O15,EXFOR,38.0,155.0,,0
p_O16_x_O15,exfor_C0062_016_p_O16_x_O15,EXFOR,71.0,70.0,0.8070562172757074,14
p_O16_x_O15,jendl40he_p_O16_x_O15,JENDL-4.0/HE,71.00101000000001,70.0,0.7691317180909962,24
p_O16_x_O15,lanl_endfb71_p_O16_x_O15,LANL ENDF/B-VII.1,97.406767008,35.0,0.9165582217167187,15
p_O16_x_C11,exfor_E2449_003_p_O16_x_C11,EXFOR,18.1,53.1,0.2903851256676561,7
p_O16_x_C11,exfor_C0220_011_p_O16_x_C11,EXFOR,12.0,5700.0,,0
p_O16_x_C11,exfor_O2134_006_p_O16_x_C11,EXFOR,20.0,50.0,0.4301529114285714,1
p_O16_x_C11,exfor_O2134_007_p_O16_x_C11,EXFOR,7.0,153.0,,0
p_O16_x_C11,exfor_C0223_014_p_O16_x_C11,EXFOR,12.7,146.0,,0
p_O16_x_C11,exfor_O0065_004_p_O16_x_C11,EXFOR,1.2,27.8,,0
p_O16_x_C11,exfor_E2568_004_p_O16_x_C11,EXFOR,22.29,50.77,0.4617691504185714,130
p_O16_x_C11,exfor_D1061_002_p_O16_x_C11,EXFOR,24.2,45.3,0.44236844685566834,14
p_O16_x_C11,exfor_C0208_003_p_O16_x_C11,EXFOR,13.6,362.0,,0
p_O16_x_C11,exfor_O2576_003_p_O16_x_C11,EXFOR,1.9,7.7,,0
p_O16_x_C11,exfor_O2582_003_p_O16_x_C11,EXFOR,28.0,46.5,0.6623685213232028,24
p_O16_x_C11,exfor_C0061_019_p_O16_x_C11,EXFOR,11.0,155.0,,0
p_O16_x_C11,jendl40he_p_O16_x_C11,JENDL-4.0/HE,18.56439,65.0,0.25141147214265713,18
p_O16_x_C11,lanl_endfb71_p_O16_x_C11,LANL ENDF/B-VII.1,26.88128378,60.0,0.7501884221821697,9
p_N14_x_N13,exfor_C0220_005_p_N14_x_N13,EXFOR,7.3,5700.0,,0
p_N14_x_N13,exfor_O2134_003_p_N14_x_N13,EXFOR,27.5,50.0,0.5914602532128125,1
p_N14_x_N13,exfor_O2067_027_p_N14_x_N13,EXFOR,14.0,145.0,,0
p_N14_x_N13,exfor_D4128_003_p_N14_x_N13,EXFOR,40.0,19.2,1.3764893165728,5
p_N14_x_N13,exfor_D4145_002_p_N14_x_N13,EXFOR,39.9,21.18,4.526375144597797,2
p_N14_x_N13,exfor_C0244_002_p_N14_x_N13,EXFOR,6.6,400.0,,0
p_N14_x_N13,exfor_O2582_007_p_N14_x_N13,EXFOR,33.0,32.0,0.38565433438367247,25
p_N14_x_N13,exfor_C1979_002_1_p_N14_x_N13,EXFOR,5.6,4100.0,,0
p_N14_x_N13,exfor_C1979_002_2_p_N14_x_N13,EXFOR,5.7,4100.0,,0
p_N14_x_N13,exfor_C1979_002_3_p_N14_x_N13,EXFOR,4.6,720.0,,0
p_N14_x_N13,exfor_C0202_004_p_N14_x_N13,EXFOR,33.300000000000004,22.76,2.73577251668526,21
p_N14_x_N13,exfor_C0062_012_p_N14_x_N13,EXFOR,8.3,155.0,,0
p_N14_x_N13,exfor_C0062_017_p_N14_x_N13,EXFOR,39.8,28.0,1.50553518999975,11
p_N14_x_N13,jendl40he_p_N14_x_N13,JENDL-4.0/HE,34.18064,34.0,1.4125894695099253,23
p_N14_x_N13,lanl_endfb71_p_N14_x_N13,LANL ENDF/B-VII.1,43.756038753231,22.0,0.3881584686709331,22
p_O16_x_N13,exfor_D0138_003_p_O16_x_N13,EXFOR,39.0,13.1,3.2619929116666655,1
p_O16_x_N13,exfor_P0045_003_p_O16_x_N13,EXFOR,78.60000000000001,10.9,1.6321034670024512,22
p_O16_x_N13,exfor_B0157_002_p_O16_x_N13,EXFOR,139.0,7.99,,0
p_O16_x_N13,exfor_C0998_002_p_O16_x_N13,EXFOR,39.538999999999994,14.262,1.6228598465428876,79
p_O16_x_N13,exfor_O0065_005_p_O16_x_N13,EXFOR,24.0,15.6,2.208118278666662,2
p_O16_x_N13,exfor_R0043_002_p_O16_x_N13,EXFOR,13.8,7.71,,0
p_O16_x_N13,exfor_O2576_004_p_O16_x_N13,EXFOR,59.0,10.7,1.5680022488287826,4
p_O16_x_N13,exfor_C0202_002_p_O16_x_N13,EXFOR,53.6,11.04,1.1808119137254907,15
p_O16_x_N13,exfor_P0051_004_p_O16_x_N13,EXFOR,49.2,11.3,1.214793802038102,28
p_O16_x_N13,exfor_E2449_004_p_O16_x_N13,EXFOR,7.3,46.8,0.24320183838461526,3
p_O16_x_N13,exfor_C0220_010_p_O16_x_N13,EXFOR,6.0,5700.0,,0
p_O16_x_N13,exfor_O2134_008_p_O16_x_N13,EXFOR,5.1000000000000005,153.3,,0
p_O16_x_N13,exfor_C0223_013_p_O16_x_N13,EXFOR,8.4,146.0,,0
p_O16_x_N13,exfor_E2568_003_p_O16_x_N13,EXFOR,23.3,15.46,0.592972939283888,57
p_O16_x_N13,exfor_D1061_003_p_O16_x_N13,EXFOR,21.0,12.0,0.5628506038447918,4
p_O16_x_N13,exfor_C0208_005_2_p_O16_x_N13,EXFOR,1.0,362.0,,0
p_O16_x_N13,exfor_O2582_004_p_O16_x_N13,EXFOR,8.7,20.2,0.8387981772857138,10
p_O16_x_N13,exfor_C0061_018_p_O16_x_N13,EXFOR,4.5,155.0,,0
p_O16_x_N13,jendl40he_p_O16_x_N13,JENDL-4.0/HE,73.63717,11.0,0.8780789973512955,10
p_O16_x_N13,lanl_endfb71_p_O16_x_N13,LANL ENDF/B-VII.1,48.978935128619995,10.0,0.8132573317817862,10
p_O16_x_N13,iaea2021_p_O16_a_N13,IAEA recommended,152.0,7.9,1.2406326887119055,38
